2025-06-11 06:49:34,351 - WARNING - [MÍNIMO] Falha na extração por título: 'NoneType' object has no attribute 'copy'
2025-06-11 06:56:35,859 - ERROR - [MÍNIMO] Falha também na extração por posição fixa: tuple index out of range
2025-06-12 04:46:18,474 - INFO - E-mail enviado com sucesso para MELINDA REIS CUNHA DE SOUSA (lumenprofile@gmail.com) com 4 arquivos.
2025-06-12 04:53:14,839 - INFO - E-mail enviado com sucesso para MELINDA REIS CUNHA DE SOUSA (lumenprofile@gmail.com) com 4 arquivos.
2025-06-12 04:55:40,971 - INFO - E-mail enviado com sucesso para MELINDA REIS CUNHA DE SOUSA (lumenprofile@gmail.com) com 4 arquivos.
2025-06-12 04:59:06,381 - INFO - E-mail enviado com sucesso para PEDRO BARBOSA DE SOUSA FILHO (pedro.sousa@laghettogolden.com.br) com 4 arquivos.
2025-06-12 04:59:14,330 - INFO - E-mail enviado com sucesso para SUELEN REIS CUNHA DE SOUSA (ti2@laghettomultipropriedade.com.br) com 4 arquivos.
2025-06-12 04:59:21,771 - INFO - E-mail enviado com sucesso para MELINDA REIS CUNHA DE SOUSA (lumenprofile@gmail.com) com 4 arquivos.
2025-06-12 05:14:10,179 - INFO - [MÍNIMO] Extração por título foi bem-sucedida.
2025-06-12 05:14:10,180 - WARNING - [MÍNIMO] Falha na extração por título: Coluna semelhante a "credor" não encontrada.
2025-06-12 05:14:10,180 - INFO - [MÍNIMO] Tentando extração por posição fixa.
2025-06-12 05:23:02,409 - INFO - [EXTRATO] Planilha EXTRATO.xlsx gerada com sucesso em PGC/30/
2025-06-12 05:26:21,920 - INFO - E-mail enviado com sucesso para MELINDA REIS CUNHA DE SOUSA (lumenprofile@gmail.com) com 4 arquivos.
2025-06-12 05:26:22,827 - INFO - E-mail enviado com sucesso para PEDRO BARBOSA DE SOUSA FILHO (pedro.sousa@laghettogolden.com.br) com 4 arquivos.
2025-06-12 05:26:23,327 - INFO - E-mail enviado com sucesso para MELINDA REIS CUNHA DE SOUSA (lumenprofile@gmail.com) com 4 arquivos.
2025-06-12 05:26:23,752 - INFO - E-mail enviado com sucesso para SUELEN REIS CUNHA DE SOUSA (ti2@laghettomultipropriedade.com.br) com 4 arquivos.
2025-06-12 05:26:24,192 - INFO - E-mail enviado com sucesso para PEDRO BARBOSA DE SOUSA FILHO (pedro.sousa@laghettogolden.com.br) com 4 arquivos.
2025-06-12 05:26:24,932 - INFO - E-mail enviado com sucesso para SUELEN REIS CUNHA DE SOUSA (ti2@laghettomultipropriedade.com.br) com 4 arquivos.
2025-06-12 05:32:34,228 - INFO - E-mail enviado com sucesso para MELINDA REIS CUNHA DE SOUSA (lumenprofile@gmail.com) com 4 arquivos.
2025-06-12 10:14:45,645 - INFO - [MÍNIMO] Extração por título foi bem-sucedida.
2025-06-12 10:14:45,646 - WARNING - [MÍNIMO] Falha na extração por título: Coluna semelhante a "credor" não encontrada.
2025-06-12 10:14:45,646 - INFO - [MÍNIMO] Tentando extração por posição fixa.
2025-06-12 10:23:46,000 - INFO - [EXTRATO] Planilha EXTRATO.xlsx gerada com sucesso em PGC/35/
2025-06-12 10:54:00,649 - INFO - E-mail enviado com sucesso para SUELEN REIS CUNHA DE SOUSA (ti2@laghettomultipropriedade.com.br) com 4 arquivos.
2025-06-13 06:45:14,016 - INFO - [MÍNIMO] Extração por título foi bem-sucedida.
2025-06-13 06:45:14,016 - WARNING - [MÍNIMO] Falha na extração por título: Coluna semelhante a "credor" não encontrada.
2025-06-13 06:45:14,017 - INFO - [MÍNIMO] Tentando extração por posição fixa.
2025-06-13 06:57:07,733 - INFO - E-mail enviado com sucesso para PEDRO BARBOSA DE SOUSA FILHO (pedro.sousa@laghettogolden.com.br) com 4 arquivos.
2025-06-13 06:57:08,680 - INFO - E-mail enviado com sucesso para SUELEN REIS CUNHA DE SOUSA (ti2@laghettomultipropriedade.com.br) com 4 arquivos.
2025-06-13 06:59:08,857 - INFO - E-mail enviado com sucesso para MELINDA REIS CUNHA DE SOUSA (lumenprofile@gmail.com) com 4 arquivos.
2025-06-13 07:07:05,835 - INFO - [MÍNIMO] Extração por título foi bem-sucedida.
2025-06-13 07:07:05,836 - WARNING - [MÍNIMO] Falha na extração por título: Coluna semelhante a "credor" não encontrada.
2025-06-13 07:07:05,836 - INFO - [MÍNIMO] Tentando extração por posição fixa.
2025-06-13 07:32:34,341 - INFO - [MÍNIMO] Extração por título foi bem-sucedida.
2025-06-13 07:32:34,342 - WARNING - [MÍNIMO] Falha na extração por título: Coluna semelhante a "credor" não encontrada.
2025-06-13 07:32:34,342 - INFO - [MÍNIMO] Tentando extração por posição fixa.
2025-06-13 07:36:42,915 - INFO - [MÍNIMO] Extração por título foi bem-sucedida.
2025-06-13 07:36:42,916 - WARNING - [MÍNIMO] Falha na extração por título: Coluna semelhante a "credor" não encontrada.
2025-06-13 07:36:42,916 - INFO - [MÍNIMO] Tentando extração por posição fixa.
2025-06-13 08:05:11,703 - INFO - [MÍNIMO] Extração por título foi bem-sucedida.
2025-06-13 08:05:11,704 - WARNING - [MÍNIMO] Falha na extração por título: Coluna semelhante a "credor" não encontrada.
2025-06-13 08:05:11,704 - INFO - [MÍNIMO] Tentando extração por posição fixa.
2025-06-13 08:32:24,523 - INFO - [MÍNIMO] Extração por título foi bem-sucedida.
2025-06-13 08:32:24,523 - WARNING - [MÍNIMO] Falha na extração por título: Coluna semelhante a "credor" não encontrada.
2025-06-13 08:32:24,523 - INFO - [MÍNIMO] Tentando extração por posição fixa.
2025-06-13 08:50:19,154 - INFO - [MÍNIMO] Extração por título foi bem-sucedida.
2025-06-13 08:50:19,155 - WARNING - [MÍNIMO] Falha na extração por título: Coluna semelhante a "credor" não encontrada.
2025-06-13 08:50:19,155 - INFO - [MÍNIMO] Tentando extração por posição fixa.
2025-06-13 09:17:32,322 - INFO - [MÍNIMO] Extração por título foi bem-sucedida.
2025-06-13 09:17:32,323 - WARNING - [MÍNIMO] Falha na extração por título: Coluna semelhante a "credor" não encontrada.
2025-06-13 09:17:32,323 - INFO - [MÍNIMO] Tentando extração por posição fixa.
2025-06-13 10:02:27,196 - INFO - [MÍNIMO] Extração por título foi bem-sucedida.
2025-06-13 10:02:27,197 - WARNING - [MÍNIMO] Falha na extração por título: Coluna semelhante a "credor" não encontrada.
2025-06-13 10:02:27,197 - INFO - [MÍNIMO] Tentando extração por posição fixa.
2025-06-13 11:26:10,844 - INFO - E-mail enviado com sucesso para FRANCISCO HERMESON BATISTA DOS SANTOS (ti2@laghettomultipropriedade.com.br) com 4 arquivos.
2025-06-13 11:26:12,120 - INFO - E-mail enviado com sucesso para FRANCISCO HERMESON BATISTA DOS SANTOS (ti2@laghettomultipropriedade.com.br) com 4 arquivos.
2025-06-13 11:26:12,132 - INFO - E-mail enviado com sucesso para FRANCISCO HERMESON BATISTA DOS SANTOS 60696977311 (ti2@laghettomultipropriedade.com.br) com 4 arquivos.
2025-06-13 11:26:13,227 - INFO - E-mail enviado com sucesso para FRANCISCO HERMESON BATISTA DOS SANTOS 60696977311 (ti2@laghettomultipropriedade.com.br) com 4 arquivos.
2025-06-13 14:25:08,501 - INFO - [MÍNIMO] Extração por título foi bem-sucedida.
2025-06-13 14:25:08,502 - WARNING - [MÍNIMO] Falha na extração por título: Coluna semelhante a "credor" não encontrada.
2025-06-13 14:25:08,502 - INFO - [MÍNIMO] Tentando extração por posição fixa.
2025-06-13 15:27:20,358 - INFO - E-mail enviado com sucesso para ADRIELLE GOMES BRANDAO (ti2@laghettomultipropriedade.com.br) com 1 arquivos.
2025-06-16 10:03:49,182 - INFO - E-mail enviado com sucesso para ADRIANO DE FRANCA MORAES (ti2@laghettomultipropriedade.com.br) com 1 arquivos.
2025-06-16 10:06:11,328 - INFO - E-mail enviado com sucesso para ABRAAO CRUZ OLIVEIRA (abraaooliveiratec@gmail.com) com 4 arquivos.
2025-06-16 10:06:12,626 - INFO - E-mail enviado com sucesso para ACY RUI SILVA NASCIMENTO FILHO (ruicontrabaixo@gmail.com) com 4 arquivos.
2025-06-16 10:06:13,800 - INFO - E-mail enviado com sucesso para ADRIANO DE FRANCA MORAES (adriano0908franca@gmail.com) com 1 arquivos.
2025-06-16 10:06:15,008 - INFO - E-mail enviado com sucesso para Adriele Cristina dos Santos Dias (adrielecristina3009@gmail.com) com 4 arquivos.
2025-06-16 10:06:16,278 - INFO - E-mail enviado com sucesso para ADRIELLE GOMES BRANDAO (drikagb2016@gmail.com) com 1 arquivos.
2025-06-16 10:06:17,454 - INFO - E-mail enviado com sucesso para ADRIENES ATHYLAS DE LIMA (athylaslima@gmail.com) com 1 arquivos.
2025-06-16 10:06:18,938 - INFO - E-mail enviado com sucesso para Alan de Lima Ribeiro (alanbps17@gmail.com) com 4 arquivos.
2025-06-16 10:06:18,946 - ERROR - Pasta não encontrada para ALANDERSON JESSE DA SILVA GALVÃO.
2025-06-16 10:06:20,185 - INFO - E-mail enviado com sucesso para ALDENIR JUNIOR GOIS DE ALMEIDA (aldenirjr2010@gmail.com) com 4 arquivos.
2025-06-16 10:06:21,230 - INFO - E-mail enviado com sucesso para ALESSANDRO WILLAMI DE SOUSA (aleasandrowillamidesousa908@gmail.com) com 1 arquivos.
2025-06-16 10:06:22,440 - INFO - E-mail enviado com sucesso para ALEX MISSEL LUMERTZ (alexlumertzz10@gmail.com) com 4 arquivos.
2025-06-16 10:06:23,734 - INFO - E-mail enviado com sucesso para ALEX SANDRO DA ROSA OLIVEIRA (Alexsandrorosa076@gmail.com) com 4 arquivos.
2025-06-16 10:06:25,060 - INFO - E-mail enviado com sucesso para Alexandra Vieira da Silva de Almeida (ale.nicolly@hotmail.com) com 4 arquivos.
2025-06-16 10:06:26,356 - INFO - E-mail enviado com sucesso para ALEXANDRE DE GODOY (alexandreproinvest@gmail.com) com 4 arquivos.
2025-06-16 10:06:27,632 - INFO - E-mail enviado com sucesso para ALEXIA THAINA BARBALHO (alexia-barbalho@hotmail.com) com 4 arquivos.
2025-06-16 10:06:28,910 - INFO - E-mail enviado com sucesso para Alisson Ismael da Silva (a.alissonismael@gmail.com) com 4 arquivos.
2025-06-16 10:06:30,088 - INFO - E-mail enviado com sucesso para ALLAN KARDEC DA SILVA SIMÃO (allankardecs74@gmail.com) com 1 arquivos.
2025-06-16 10:06:31,328 - INFO - E-mail enviado com sucesso para ALLYSSON DA SILVA ACRIS (asasolserv@gmail.com) com 4 arquivos.
2025-06-16 10:06:32,716 - INFO - E-mail enviado com sucesso para ALVARO FABRICIO MENEZES MOTA (ALVINMOTA@GMAIL.COM) com 4 arquivos.
2025-06-16 10:06:32,724 - ERROR - Pasta não encontrada para Alyson Henrrique Silva Simão.
2025-06-16 10:06:34,119 - INFO - E-mail enviado com sucesso para AMANDA DORADO EUGENIO (doradoamandabh@gmail.com) com 4 arquivos.
2025-06-16 10:06:35,451 - INFO - E-mail enviado com sucesso para ANA JULIA DA SILVA MALTA (anajuliamalta25@gmail.com) com 4 arquivos.
2025-06-16 10:06:36,700 - INFO - E-mail enviado com sucesso para ANA KAROLLINY NASCIMENTO OLIVEIRA (comercial.anakarolliny@gmail.com) com 4 arquivos.
2025-06-16 10:06:37,998 - INFO - E-mail enviado com sucesso para ANA PAULA ALVES FERREIRA (anapaf88@gmail.com) com 4 arquivos.
2025-06-16 10:06:39,225 - INFO - E-mail enviado com sucesso para ANA PAULA FERREIRA LIMA (anapaulaferreiralima725@gmail.com) com 4 arquivos.
2025-06-16 10:06:40,461 - INFO - E-mail enviado com sucesso para ANA PAULA OSORIO DA ROSA (aninha.volk@hotmail.com) com 4 arquivos.
2025-06-16 10:06:40,469 - ERROR - Pasta não encontrada para ANAÃ PATRICK JARDIM.
2025-06-16 10:06:41,760 - INFO - E-mail enviado com sucesso para Anderson Lopes Xavier (adersonlopesxavierr@gmail.com) com 4 arquivos.
2025-06-16 10:06:43,128 - INFO - E-mail enviado com sucesso para ANDERSON TISIAM (andersontisiam432@gmail.com) com 4 arquivos.
2025-06-16 10:06:44,510 - INFO - E-mail enviado com sucesso para ANDRE EDUARDO DOS PASSOS PACHECO (pachecoandre412@gmail.com) com 4 arquivos.
2025-06-16 10:06:45,827 - INFO - E-mail enviado com sucesso para ANDRE LUIS DE SOUZA SILVA (lssandre1000@gmail.com) com 4 arquivos.
2025-06-16 10:06:47,148 - INFO - E-mail enviado com sucesso para ANDREINA RUIVO DE OLIVEIRA (andreinapotter8@gmail.com) com 4 arquivos.
2025-06-16 10:06:48,453 - INFO - E-mail enviado com sucesso para ANDRESSA ALVES FONSECA (andressaalvesfonseca83@gmail.com) com 4 arquivos.
2025-06-16 10:06:50,086 - INFO - E-mail enviado com sucesso para ANNA CLAUDIA FRANCA DE OLIVEIRA (aninhacfo@hotmail.com) com 4 arquivos.
2025-06-16 10:06:51,766 - INFO - E-mail enviado com sucesso para ANUSKA TUYLLA DO NASCIMENTO SILVA (anuskaedeus@gmail.com) com 4 arquivos.
2025-06-16 10:06:53,133 - INFO - E-mail enviado com sucesso para ARACY BARROS PAIM (aracy-pahim@outlook.com) com 4 arquivos.
2025-06-16 10:06:54,528 - INFO - E-mail enviado com sucesso para ARIEL RODRIGUES (arielrodr@hotmail.com) com 4 arquivos.
2025-06-16 10:06:55,814 - INFO - E-mail enviado com sucesso para ARISON DOS SANTOS XAVIER CAMPOS (Arisonsxc@gmail.com) com 4 arquivos.
2025-06-16 10:06:56,353 - ERROR - Erro ao enviar e-mail para ARTHUR ARAUJO BOTELHO: {'nan': (501, b'5.1.3 Invalid address')}
2025-06-16 10:06:57,461 - INFO - E-mail enviado com sucesso para ARTHUR ARAUJO DE LIRA (art.dyaraujo@gmail.com) com 4 arquivos.
2025-06-16 10:06:57,468 - ERROR - Pasta não encontrada para Augusto de Oliveira Lourenço.
2025-06-16 10:06:58,592 - INFO - E-mail enviado com sucesso para BARBARA KAUANA PILGER DA SILVEIRA (babykauana@gmail.com) com 4 arquivos.
2025-06-16 10:06:59,720 - INFO - E-mail enviado com sucesso para BARBARA PEREIRA DOS SANTOS (baarbara.santos@hotmail.com) com 4 arquivos.
2025-06-16 10:07:01,046 - INFO - E-mail enviado com sucesso para BARBARA PROKOPOWISKI DOS SANTOS (babi.prokopowiski@hotmail.com) com 4 arquivos.
2025-06-16 10:07:02,223 - INFO - E-mail enviado com sucesso para BEATRIZ SCHRAMM DA SILVA (beatriz_schrammm@hotmail.com) com 4 arquivos.
2025-06-16 10:07:03,489 - INFO - E-mail enviado com sucesso para BETIELE DOS SANTOS CAETANO (beti.scaetano@gmail.com) com 4 arquivos.
2025-06-16 10:07:04,756 - INFO - E-mail enviado com sucesso para BIANCA MARQUES DA SILVA (Biancamarques2020@icloud.com) com 4 arquivos.
2025-06-16 10:07:05,950 - INFO - E-mail enviado com sucesso para BIANKA KAROLINNY BATISTA GOMES (batistabianka2@gmail.com) com 1 arquivos.
2025-06-16 10:07:07,194 - INFO - E-mail enviado com sucesso para BRAYAN LUCAS DOS SANTOS (brayansantos10@gmail.com) com 4 arquivos.
2025-06-16 10:07:08,381 - INFO - E-mail enviado com sucesso para BRENDA CAETANO DIB (Brendadibb@gmail.com) com 4 arquivos.
2025-06-16 10:07:09,591 - INFO - E-mail enviado com sucesso para BRENDA MAIANE DA SILVA LIMA (Brendamaianelima507@gmail.com) com 4 arquivos.
2025-06-16 10:07:10,781 - INFO - E-mail enviado com sucesso para BRISA NASCIMENTO DE SOUSA OLIVEIRA (novafasebrisa@gmail.com) com 4 arquivos.
2025-06-16 10:07:12,048 - INFO - E-mail enviado com sucesso para BRISA VITORIA RODRIGUES CALIXTO (novafasebrisa@gmail.com) com 4 arquivos.
2025-06-16 10:07:13,424 - INFO - E-mail enviado com sucesso para BRUNA DANIELLY ALMEIDA DOS SANTOS (brunadaniellybenacon@gmail.com) com 4 arquivos.
2025-06-16 10:07:14,751 - INFO - E-mail enviado com sucesso para BRUNO CANEDO SILVA PORTO (bruno_bnt@hotmail.com) com 4 arquivos.
2025-06-16 10:07:16,033 - INFO - E-mail enviado com sucesso para BRUNO CORREA SOARES (bruninhosoaress823@gmail.com) com 4 arquivos.
2025-06-16 10:07:17,314 - INFO - E-mail enviado com sucesso para BRUNO LUIS MILANEZ COSTA (Brunocostasw10@gmail.com) com 4 arquivos.
2025-06-16 10:07:18,511 - INFO - E-mail enviado com sucesso para BRUNO PAULI DE OLIVEIRA (bruno.pauli.10@gmail.com) com 4 arquivos.
2025-06-16 10:07:19,690 - INFO - E-mail enviado com sucesso para CAIO COUTINHO FERREIRA (caio.coutinho.ferreira@gmail.com) com 4 arquivos.
2025-06-16 10:07:20,927 - INFO - E-mail enviado com sucesso para CAIO LEMES PEREIRA BUENO (lemescaio230@gmail.com) com 4 arquivos.
2025-06-16 10:07:22,348 - INFO - E-mail enviado com sucesso para CAMILA PAULA DA CRUZ (Mila.cz@yahoo.com) com 4 arquivos.
2025-06-16 10:07:23,790 - INFO - E-mail enviado com sucesso para CAMILA RIBEIRO DOMINGUES (camilaconcurseira@hotmail.com) com 4 arquivos.
2025-06-16 10:07:25,037 - INFO - E-mail enviado com sucesso para CARLA GIANE DA SILVA (karlagiane@yahoo.com.br) com 4 arquivos.
2025-06-16 10:07:26,270 - INFO - E-mail enviado com sucesso para CARLOS ALEXANDRE MACHADO (carlo92machado@gmail.com) com 4 arquivos.
2025-06-16 10:07:27,633 - INFO - E-mail enviado com sucesso para CARLOS KLEBER MACHADO DE ALMEIDA (CARLOSKLEBER_MA@OUTLOOK.COM) com 4 arquivos.
2025-06-16 10:07:29,300 - INFO - E-mail enviado com sucesso para CARLOS RENATO DE ASSIS SOUZA DA ROCHA (renatto.assis.cgms@gmail.com) com 4 arquivos.
2025-06-16 10:07:30,577 - INFO - E-mail enviado com sucesso para CARLOS RENATO ESPINOSA ASSIS (renatto.assis.cgms@gmail.com) com 4 arquivos.
2025-06-16 10:07:31,929 - INFO - E-mail enviado com sucesso para CARLOS ROBERTO RECKERT (Carlosreckert09@gmail.com) com 4 arquivos.
2025-06-16 10:07:33,323 - INFO - E-mail enviado com sucesso para CHARLES JUNIOR ADRIANO (cjunioradriano@icloud.com) com 4 arquivos.
2025-06-16 10:07:34,491 - INFO - E-mail enviado com sucesso para CIBELE APARECIDA DE FREITAS (cibeleapfreitas@gmail.com) com 1 arquivos.
2025-06-16 10:07:35,860 - INFO - E-mail enviado com sucesso para Cibele Aparecida Freitas (cibeleapfreitas@gmail.com) com 4 arquivos.
2025-06-16 10:07:37,232 - INFO - E-mail enviado com sucesso para CIRILO DE ASSIS FERREIRA (cirilloassis@gmail.com) com 4 arquivos.
2025-06-16 10:07:38,501 - INFO - E-mail enviado com sucesso para Claudia Bittencourt levy (CLAUDIABIELY2017@GMAIL.COM) com 4 arquivos.
2025-06-16 10:07:39,800 - INFO - E-mail enviado com sucesso para CLAUDIO DIEGO CAMPOS DA SILVA (claudiodiegobroker@outlook.pt) com 4 arquivos.
2025-06-16 10:07:41,207 - INFO - E-mail enviado com sucesso para CLEMAR DE SOUZA (clemardesouza65@gmail.com) com 4 arquivos.
2025-06-16 10:07:42,543 - INFO - E-mail enviado com sucesso para CRISTIAN NATANAEL BICKEL SOARES (Cristiannatanaelbickel@gmail.com) com 4 arquivos.
2025-06-16 10:07:43,834 - INFO - E-mail enviado com sucesso para CRISTOVAO MORGAN CARVALHO SAMPAIO (cristovaomorgan4@gmail.com) com 4 arquivos.
2025-06-16 10:07:43,841 - ERROR - Pasta não encontrada para DAIANE ALVES LOURENÇO.
2025-06-16 10:07:44,927 - INFO - E-mail enviado com sucesso para DANIELA KARPSAK (danielabarthk@gmail.com) com 4 arquivos.
2025-06-16 10:07:46,039 - INFO - E-mail enviado com sucesso para Daniele Laura dos Santos Soares (danylaura7@hotmail.com) com 4 arquivos.
2025-06-16 10:07:47,261 - INFO - E-mail enviado com sucesso para DANILO CARVALHO PINTO (danyllo.carvalho2013@hotmail.com) com 4 arquivos.
2025-06-16 10:07:48,566 - INFO - E-mail enviado com sucesso para DAVI ABADE DIAS (jacquardabade@gmail.com) com 4 arquivos.
2025-06-16 10:07:50,043 - INFO - E-mail enviado com sucesso para DAVI RODRIGUES DE MORAES (eaedavimoraes@gmail.com) com 4 arquivos.
2025-06-16 10:07:51,919 - INFO - E-mail enviado com sucesso para DAYANNY ANGELA TOMAZ DE OLIVEIRA (equipedayoliveira@gmail.com) com 4 arquivos.
2025-06-16 10:07:53,257 - INFO - E-mail enviado com sucesso para DEBORA DRECHSLER DA SILVA (deboradrechsler28@gmail.com) com 4 arquivos.
2025-06-16 10:07:54,615 - INFO - E-mail enviado com sucesso para DEBORA FERREIRA RODRIGUES (deborafr777@gmail.com) com 4 arquivos.
2025-06-16 10:07:55,952 - INFO - E-mail enviado com sucesso para DEIDRY HELLIN SEVERO DOS SANTOS (hellinseverosantos@gmail.com) com 4 arquivos.
2025-06-16 10:07:57,286 - INFO - E-mail enviado com sucesso para Deize Bianca Bernardes Batista (deizebianca600@gmail.com) com 4 arquivos.
2025-06-16 10:07:58,543 - INFO - E-mail enviado com sucesso para DENER ALVES FERREIRA (dennerferreiraconsultoria@gmail.com) com 4 arquivos.
2025-06-16 10:07:59,754 - INFO - E-mail enviado com sucesso para DENZEL HENRIQUE PEREIRA FERNANDES (denzelfernandes118@gmail.com) com 4 arquivos.
2025-06-16 10:08:01,052 - INFO - E-mail enviado com sucesso para DEYBSON MORAES DOS SANTOS (deyb.agp@gmail.com) com 4 arquivos.
2025-06-16 10:08:02,232 - INFO - E-mail enviado com sucesso para DIANA DE ALMEIDA SANTOS (dianadealmeidasantos4@gmail.com) com 4 arquivos.
2025-06-16 10:08:03,410 - INFO - E-mail enviado com sucesso para Diegles Henrique da Silva Santos (dieglis89@gmail.com) com 4 arquivos.
2025-06-16 10:08:04,687 - INFO - E-mail enviado com sucesso para DIEGO MARADONA COSTA (maradonacosta7@hotmail.com) com 4 arquivos.
2025-06-16 10:08:05,988 - INFO - E-mail enviado com sucesso para DIEGO RUCKHABER PLETSCH (Diego.pletsch12@gmail.com) com 4 arquivos.
2025-06-16 10:08:07,180 - INFO - E-mail enviado com sucesso para DIIH BEZERRA DA SILVA (diih.siilwa@gmail.com) com 4 arquivos.
2025-06-16 10:08:08,544 - INFO - E-mail enviado com sucesso para DINA OLIVEIRA DE SOUZA (dinahtinha@hotmail.com) com 4 arquivos.
2025-06-16 10:08:09,808 - INFO - E-mail enviado com sucesso para DIOGO LUCAS DA SILVA GODOI (lukasdiogo9@gmail.com) com 4 arquivos.
2025-06-16 10:08:10,384 - ERROR - Erro ao enviar e-mail para DOUGLAS COELHO MARQUES: {'nan': (501, b'5.1.3 Invalid address')}
2025-06-16 10:08:11,769 - INFO - E-mail enviado com sucesso para DOUGLAS CORREIA AVILA (dougcavila@outlook.com) com 4 arquivos.
2025-06-16 10:08:12,983 - INFO - E-mail enviado com sucesso para DYEGO BORGES BORBA (krkelirech@gmail.com) com 1 arquivos.
2025-06-16 10:08:14,228 - INFO - E-mail enviado com sucesso para Ederson Mateus de Souza Macedo (mateusmacedosouza1996@gmail.com) com 4 arquivos.
2025-06-16 10:08:14,235 - ERROR - Pasta não encontrada para Edilaine Cristina de Oliveira Lourenço.
2025-06-16 10:08:15,503 - INFO - E-mail enviado com sucesso para EDSON MEIRA DA SILVA (edsonmeiradasilva@gmail.com) com 4 arquivos.
2025-06-16 10:08:16,694 - INFO - E-mail enviado com sucesso para Eduarda Carvalho Bugmaer (cduda0352@gmail.com) com 4 arquivos.
2025-06-16 10:08:17,901 - INFO - E-mail enviado com sucesso para Eduarda Faes de Brito (eduarda.faes@gmail.com) com 4 arquivos.
2025-06-16 10:08:19,229 - INFO - E-mail enviado com sucesso para EDUARDO LUIZ NERES CONTI (eduardolconti.conti@gmail.com) com 4 arquivos.
2025-06-16 10:08:20,607 - INFO - E-mail enviado com sucesso para ELAINE DO MONTE BRASIL (elaine.br.corretora@gmail.com) com 4 arquivos.
2025-06-16 10:08:21,978 - INFO - E-mail enviado com sucesso para Elcio de Almeida Leite Junior (junior_brasil@hotmail.com) com 4 arquivos.
2025-06-16 10:08:23,215 - INFO - E-mail enviado com sucesso para ELIADY CAMPOS DE SOUZA (elicamposoficial@gmail.com) com 4 arquivos.
2025-06-16 10:08:24,479 - INFO - E-mail enviado com sucesso para ELICIANA CORDEIRO MAGAVE (e.c.magave@gmail.com) com 4 arquivos.
2025-06-16 10:08:25,707 - INFO - E-mail enviado com sucesso para Eluiza Drielle Borges da Silva (driellysilva366@gmail.com) com 4 arquivos.
2025-06-16 10:08:26,918 - INFO - E-mail enviado com sucesso para EMANUEL AUGUSTO SENA SEVALHO (Emanuelssevalho@gmail.com) com 4 arquivos.
2025-06-16 10:08:28,306 - INFO - E-mail enviado com sucesso para Emerson de Nardi (EMERSONDENARDI.EDN@GMAIL.COM) com 4 arquivos.
2025-06-16 10:08:29,589 - INFO - E-mail enviado com sucesso para EMERSON DO COUTO EVANGELISTA (emersoncoutoevangelista@gmail.com) com 4 arquivos.
2025-06-16 10:08:30,906 - INFO - E-mail enviado com sucesso para EMILLY DE ALMEIDA CRUZ (emyalmdc@gmail.com) com 4 arquivos.
2025-06-16 10:08:32,331 - INFO - E-mail enviado com sucesso para ENNY LORENA SILVA (enny.lorena@laghettogolden.com.br) com 4 arquivos.
2025-06-16 10:08:32,338 - ERROR - Pasta não encontrada para ESTEFANE GONÇALVES PRADE.
2025-06-16 10:08:34,781 - INFO - E-mail enviado com sucesso para ETIANDRE ESTEILAN DA SILVA DIAS (etiandre.sd@hotmail.com) com 4 arquivos.
2025-06-16 10:08:34,789 - ERROR - Pasta não encontrada para EVANDRO JOSÉ DE LUNA FELIX.
2025-06-16 10:08:36,246 - INFO - E-mail enviado com sucesso para EVERTON CUSTODIO SILVEIRA (evertoncustodio06@gmail.com) com 4 arquivos.
2025-06-16 10:08:37,828 - INFO - E-mail enviado com sucesso para FABIO ALVES SOUSA (fbaconsultoriaimoveis@gmail.com) com 4 arquivos.
2025-06-16 10:08:39,095 - INFO - E-mail enviado com sucesso para FABIO BRANCALION DOS ANJOS (fbrancalion@hotmail.com) com 4 arquivos.
2025-06-16 10:08:40,356 - INFO - E-mail enviado com sucesso para FABIO BRANCALION DOS ANJOS LTDA (fbrancalion@hotmail.com) com 4 arquivos.
2025-06-16 10:08:41,583 - INFO - E-mail enviado com sucesso para Fabio Candido Cabreira (fabio-cabreira@hotmail.com) com 4 arquivos.
2025-06-16 10:08:42,906 - INFO - E-mail enviado com sucesso para FABIO HENRIQUE FERREIRA PINHEIRO (fabioclash35552@icloud.com) com 4 arquivos.
2025-06-16 10:08:44,170 - INFO - E-mail enviado com sucesso para FABIO HENRIQUE FRANCISCO DA SILVA (fabio807henrique@gmail.com) com 4 arquivos.
2025-06-16 10:08:45,375 - INFO - E-mail enviado com sucesso para FABIO NORIO KIMURA (fabionkimura@gmail.com) com 4 arquivos.
2025-06-16 10:08:45,383 - ERROR - Pasta não encontrada para Fabrício Nunes Heiineck.
2025-06-16 10:08:46,625 - INFO - E-mail enviado com sucesso para FATIMA SILVANA DOS SANTOS (silvanalucassantos@gmail.com) com 4 arquivos.
2025-06-16 10:08:47,834 - INFO - E-mail enviado com sucesso para FELIPE ANDRE DA SILVA (felipeasilva26@gmail.com) com 4 arquivos.
2025-06-16 10:08:48,940 - INFO - E-mail enviado com sucesso para FELIPE JOSE DE MATTOS (felipe.mattos@laghettogolden.com.br) com 4 arquivos.
2025-06-16 10:08:50,148 - INFO - E-mail enviado com sucesso para FELIPE ROCHA GAMA SOBRAL (felipelaghetto@yahoo.com) com 4 arquivos.
2025-06-16 10:08:51,501 - INFO - E-mail enviado com sucesso para FERNANDA NAKAMURA BARROS (fernandanakamura@hotmail.com) com 4 arquivos.
2025-06-16 10:08:52,703 - INFO - E-mail enviado com sucesso para FLAVIA FERNANDA CLARA FERREIRA (confeitariaflaviafernanda@gmail.com) com 4 arquivos.
2025-06-16 10:08:53,958 - INFO - E-mail enviado com sucesso para FLAVIANE DOS SANTOS PEIXOTO (peixoto.1709@gmail.com) com 4 arquivos.
2025-06-16 10:08:55,252 - INFO - E-mail enviado com sucesso para FLAVIO CALDEIRA CANDIDO JUNIOR (flaviocaldeirajr@gmail.com) com 4 arquivos.
2025-06-16 10:08:55,260 - ERROR - Pasta não encontrada para Flávio Marques Aguiar Júnior.
2025-06-16 10:08:56,495 - INFO - E-mail enviado com sucesso para FRANCIELLY DA SILVA MORAIS (francymoraiss28@gmail.com) com 4 arquivos.
2025-06-16 10:08:57,709 - INFO - E-mail enviado com sucesso para FRANCISCA JESSICA LUCAS DA SILVA (jessicasilvalucas30@gmail.com) com 1 arquivos.
2025-06-16 10:08:58,910 - INFO - E-mail enviado com sucesso para FRANCISCO HERMESON BATISTA DOS SANTOS (hermesonsantos00@gmail.com) com 4 arquivos.
2025-06-16 10:09:00,114 - INFO - E-mail enviado com sucesso para FRANCISCO YURE LOPES ALVES (franciscoyureee@gmail.com) com 4 arquivos.
2025-06-16 10:09:01,278 - INFO - E-mail enviado com sucesso para FRANK MEDEIROS RODRIGUES (frankrdrigues29@gmail.com) com 4 arquivos.
2025-06-16 10:09:02,865 - INFO - E-mail enviado com sucesso para GABRIEL CINTRA DE VASCONCELOS PEDROSA (gabrielcintrawam@gmail.com) com 4 arquivos.
2025-06-16 10:09:04,129 - INFO - E-mail enviado com sucesso para GABRIEL DE LIMA PEDONE (gabriellipe981@gmail.com) com 4 arquivos.
2025-06-16 10:09:05,379 - INFO - E-mail enviado com sucesso para GABRIEL FONTES ARSAND (Gaabriel.foontes@gmail.com) com 4 arquivos.
2025-06-16 10:09:06,609 - INFO - E-mail enviado com sucesso para Gabriel Marlon de Souza Silva Oliveira (gabrielmarlon1987@hotmail.com) com 4 arquivos.
2025-06-16 10:09:07,908 - INFO - E-mail enviado com sucesso para Gabriel Peixoto de Souza (peixotogabriel686@gmail.com) com 4 arquivos.
2025-06-16 10:09:09,223 - INFO - E-mail enviado com sucesso para GABRIELA CANHADA MORE (suporte.gabrielamota@gmail.com) com 4 arquivos.
2025-06-16 10:09:10,579 - INFO - E-mail enviado com sucesso para GABRIELA SCHMITT SCHNORR (gabriela.sschnorr@gmail.com) com 4 arquivos.
2025-06-16 10:09:11,852 - INFO - E-mail enviado com sucesso para GABRIELA SILVA SANTOS (lande1404@gmail.com) com 4 arquivos.
2025-06-16 10:09:13,089 - INFO - E-mail enviado com sucesso para GEISA KESSLER FREITAS MARTINS (geisakessler@gmail.com) com 4 arquivos.
2025-06-16 10:09:14,403 - INFO - E-mail enviado com sucesso para GERMANO LOPES DA SILVA FILHO (germanolopes2701@gmail.com) com 4 arquivos.
2025-06-16 10:09:15,816 - INFO - E-mail enviado com sucesso para GERULINO FERREIRA LIMA (Gerulinolima@gmail.com) com 4 arquivos.
2025-06-16 10:09:17,117 - INFO - E-mail enviado com sucesso para GILMARA FABRICIA DA SILVA DIAS (gilmarafabriciaaa@icloud.com) com 4 arquivos.
2025-06-16 10:09:18,388 - INFO - E-mail enviado com sucesso para Guilherme dos Santos Amaral (guilherme26santos@hotmail.com) com 4 arquivos.
2025-06-16 10:09:19,765 - INFO - E-mail enviado com sucesso para GUILHERME FOGASSA DA SILVA (guilhermefogassa@live.com) com 4 arquivos.
2025-06-16 10:09:21,072 - INFO - E-mail enviado com sucesso para GUILHERME VIEIRA SANCHES (norton.guilhermesanches@gmail.com) com 4 arquivos.
2025-06-16 10:09:21,079 - ERROR - Pasta não encontrada para Gustavo Henrique Gonçalves Soares.
2025-06-16 10:09:22,296 - INFO - E-mail enviado com sucesso para GUSTAVO HENRIQUE KLEIN PETERS (gustavohenriquepeters@gmail.com) com 4 arquivos.
2025-06-16 10:09:23,474 - INFO - E-mail enviado com sucesso para Gustavo Henrique Nery Ferreira (gustavoguilbert1996@icloud.com) com 4 arquivos.
2025-06-16 10:09:24,620 - INFO - E-mail enviado com sucesso para GUSTAVO RIBEIRO GOMES (gomes99gg@gmail.com) com 4 arquivos.
2025-06-16 10:09:25,893 - INFO - E-mail enviado com sucesso para HAEL BEVILAQUIA NOBRE (haelnobre@yahoo.com.br) com 4 arquivos.
2025-06-16 10:09:27,114 - INFO - E-mail enviado com sucesso para HEDIGRIFFITON RAMOS DA SILVA (Hedigriffitonramosdasilva@outlook.com) com 4 arquivos.
2025-06-16 10:09:28,273 - INFO - E-mail enviado com sucesso para HELDER PACHECO JUNIOR (pachecojuniorhelder@gmail.com) com 4 arquivos.
2025-06-16 10:09:29,588 - INFO - E-mail enviado com sucesso para HENRIQUE MARAFIGO PINTO (henriquemarafigopn@gmail.com) com 4 arquivos.
2025-06-16 10:09:31,073 - INFO - E-mail enviado com sucesso para HILSON CALDAS SILVA ALBUQUERQUE (Caldashilson@gmail.com) com 4 arquivos.
2025-06-16 10:09:32,414 - INFO - E-mail enviado com sucesso para HUGO MENEZES DOS SANTOS MADEIRA (hugo.msmadeira@gmail.com) com 4 arquivos.
2025-06-16 10:09:32,423 - ERROR - Pasta não encontrada para HUGO SOUZA FERRÃO NETO.
2025-06-16 10:09:33,746 - INFO - E-mail enviado com sucesso para IARA HELOISA NASCIMENTO DE ARAUJO (Iaraheloisa196@gmail.com) com 4 arquivos.
2025-06-16 10:09:35,049 - INFO - E-mail enviado com sucesso para IGOR ANTUNES BORGES (igorantunes12@hotmail.com) com 4 arquivos.
2025-06-16 10:09:36,440 - INFO - E-mail enviado com sucesso para IGOR MARTINS (igorcosta1473@gmail.com) com 4 arquivos.
2025-06-16 10:09:37,746 - INFO - E-mail enviado com sucesso para ILANA SILVA DA SILVA (ilanasilvadasilva@hotmail.com) com 4 arquivos.
2025-06-16 10:09:38,998 - INFO - E-mail enviado com sucesso para ISABELA DA SILVA MENEZES (isabelamenezes14@outlook.com) com 4 arquivos.
2025-06-16 10:09:40,262 - INFO - E-mail enviado com sucesso para ISABELA OLIVEIRA CARDOSO (isabelaolicar@gmail.com) com 4 arquivos.
2025-06-16 10:09:41,968 - INFO - E-mail enviado com sucesso para Italo Miguel Remondi (italomiguelremondi@gmail.com) com 4 arquivos.
2025-06-16 10:09:43,351 - INFO - E-mail enviado com sucesso para ITALO PINHEIRO DIAS (euitaloitalo@gmail.com) com 4 arquivos.
2025-06-16 10:09:44,545 - INFO - E-mail enviado com sucesso para Iuri Nogueira de Sousa (iurinogueira2018@gmail.com) com 4 arquivos.
2025-06-16 10:09:45,702 - INFO - E-mail enviado com sucesso para IVANILDO DANTAS DE MELO (Dantasmelo2024@gmail.com) com 1 arquivos.
2025-06-16 10:09:47,124 - INFO - E-mail enviado com sucesso para JACKELINE ESTEFANY BARROS SANTIAGO (jackyestefany@hotmail.com) com 4 arquivos.
2025-06-16 10:09:48,291 - INFO - E-mail enviado com sucesso para JACQUELINE FERREIRA LACERDA (jacquelacerda247@gmail.com) com 4 arquivos.
2025-06-16 10:09:49,380 - INFO - E-mail enviado com sucesso para Jadsom Vieira de Melo (JADINHO.GDT@GMAIL.COM) com 4 arquivos.
2025-06-16 10:09:50,647 - INFO - E-mail enviado com sucesso para JAIR JUNIOR ZIMMER DE OLIVEIRA (Jairjunior639@gmail.com) com 4 arquivos.
2025-06-16 10:09:51,985 - INFO - E-mail enviado com sucesso para JAIRO CARDOSO RODRIGUES JUNIOR (jairoiphone39@gmail.com) com 4 arquivos.
2025-06-16 10:09:53,357 - INFO - E-mail enviado com sucesso para JAIRO FRAGA DE ASSIS NETO (fragajairo318@gmail.com) com 4 arquivos.
2025-06-16 10:09:54,691 - INFO - E-mail enviado com sucesso para JEFERSON FABIO DESSBESELL (Jefersondessbesell2016@gmail.com) com 4 arquivos.
2025-06-16 10:09:55,930 - INFO - E-mail enviado com sucesso para JEFERSON LUIS SILVA LINO (jeferson.iasd@gmail.com) com 4 arquivos.
2025-06-16 10:09:57,148 - INFO - E-mail enviado com sucesso para Jeferson Matheus da Rosa Moreira (jefmrmbrown@gmail.com) com 4 arquivos.
2025-06-16 10:09:58,296 - INFO - E-mail enviado com sucesso para JEFERSON VITOR ROSA (jeferson.rosa@laghettogolden.com.br) com 4 arquivos.
2025-06-16 10:09:59,420 - INFO - E-mail enviado com sucesso para JENIFER ZIMER CARVALHAES (jeniferz.carvalhaes@gmail.com) com 4 arquivos.
2025-06-16 10:10:00,584 - INFO - E-mail enviado com sucesso para JENIFFER CAMILA DE OLIVEIRA SANTOS (jeniffercamila202@gmail.com) com 4 arquivos.
2025-06-16 10:10:01,771 - INFO - E-mail enviado com sucesso para Jessica de Lima Ribeiro (Jessylimar362@gmail.com) com 4 arquivos.
2025-06-16 10:10:02,919 - INFO - E-mail enviado com sucesso para JESSICA FERREIRA LACERDA (jessicalacer11@gmail.com) com 4 arquivos.
2025-06-16 10:10:04,257 - INFO - E-mail enviado com sucesso para JESSICA MARIA BARRETO (barreto26jessica@icloud.com) com 4 arquivos.
2025-06-16 10:10:05,443 - INFO - E-mail enviado com sucesso para Jessica Maria Eduelfa de Souza Martins (Eduelfa@hotmail.com) com 4 arquivos.
2025-06-16 10:10:06,659 - INFO - E-mail enviado com sucesso para JESSICA PEROTTO MACHADO (JEHPEROTTO@ICLOUD.COM) com 4 arquivos.
2025-06-16 10:10:06,667 - ERROR - Pasta não encontrada para JESSICA RIBEIRO LEÃO.
2025-06-16 10:10:07,959 - INFO - E-mail enviado com sucesso para JHONATA DA SILVA DE PAULO (js416275@gmail.com) com 4 arquivos.
2025-06-16 10:10:09,144 - INFO - E-mail enviado com sucesso para JOANA DARC FERREIRA DA SILVA (johannadarctcc@gmail.com) com 4 arquivos.
2025-06-16 10:10:10,313 - INFO - E-mail enviado com sucesso para JOAO MARIO DIAS SILVA (wamjoao252020@gmail.com) com 4 arquivos.
2025-06-16 10:10:11,539 - INFO - E-mail enviado com sucesso para Joao Pedro Pertile (joaopedropertile5@gmail.com) com 4 arquivos.
2025-06-16 10:10:11,547 - ERROR - Pasta não encontrada para João Victor Rodrigues dos Santos.
2025-06-16 10:10:12,741 - INFO - E-mail enviado com sucesso para JOÃO VITOR CHAGAS DE SOUZA (souzavitorjoao9955@gmail.com) com 1 arquivos.
2025-06-16 10:10:12,750 - ERROR - Pasta não encontrada para JOAQUIM WELDER GONÇALVES JATAI.
2025-06-16 10:10:14,145 - INFO - E-mail enviado com sucesso para Joatan Chaves Cantanhede (joatan.cantanhede@gmail.com) com 4 arquivos.
2025-06-16 10:10:15,622 - INFO - E-mail enviado com sucesso para JOCIEL GOMES DA SILVA (jocielcorretor@gmail.com) com 4 arquivos.
2025-06-16 10:10:16,973 - INFO - E-mail enviado com sucesso para JOEL DE SOUZA PONTE (Joel_Souzaippd@hotmail.com) com 4 arquivos.
2025-06-16 10:10:18,209 - INFO - E-mail enviado com sucesso para JOHNE DA CRUZ ALEXANDRE (johnecruz123@gmail.com) com 4 arquivos.
2025-06-16 10:10:19,560 - INFO - E-mail enviado com sucesso para JONATAS VIGO BRASIL (jonatasbrasil91@gmail.com) com 4 arquivos.
2025-06-16 10:10:20,860 - INFO - E-mail enviado com sucesso para JONATHAN DOS SANTOS PEREIRA (jonathanfxd@gmail.com) com 4 arquivos.
2025-06-16 10:10:22,188 - INFO - E-mail enviado com sucesso para JONILSON JESUS OLIVEIRA (jjofamilia@gmail.com) com 4 arquivos.
2025-06-16 10:10:23,402 - INFO - E-mail enviado com sucesso para JOSE HERALDO CONCEICAO BASTOS JUNIOR (juninhobmx50@gmail.com) com 4 arquivos.
2025-06-16 10:10:24,727 - INFO - E-mail enviado com sucesso para JOSE LUIS LOPES JUNIOR (juniorlups99@gmail.com) com 4 arquivos.
2025-06-16 10:10:26,030 - INFO - E-mail enviado com sucesso para JOSE MARTINS LEMES ALVES (juselemes@gmail.com) com 4 arquivos.
2025-06-16 10:10:27,697 - INFO - E-mail enviado com sucesso para JOSE VALDGLEI GALDINO DE SOUSA (valdglei.vs@gmail.com) com 4 arquivos.
2025-06-16 10:10:28,837 - INFO - E-mail enviado com sucesso para JOSE WELLINGTON PEREIRA DE LUCENA SANTOS (jose.wellington@laghettogolden.com.br) com 4 arquivos.
2025-06-16 10:10:29,889 - INFO - E-mail enviado com sucesso para Joseane Araujo Bras (mybrokerjoseanedean@gmail.com) com 4 arquivos.
2025-06-16 10:10:31,065 - INFO - E-mail enviado com sucesso para JOSIAS DA SILVA CLAUDINO (claudinojosias0@gmail.com) com 4 arquivos.
2025-06-16 10:10:32,470 - INFO - E-mail enviado com sucesso para JUBELINE FERNANDES DA SILVA (fjubeline@gmail.com) com 4 arquivos.
2025-06-16 10:10:32,477 - ERROR - Pasta não encontrada para JULIA BARBOSA BRAGANÇA.
2025-06-16 10:10:33,840 - INFO - E-mail enviado com sucesso para JULIA PASSOS FERREIRA NETTO (Demandaas.mp@outlook.com) com 4 arquivos.
2025-06-16 10:10:35,180 - INFO - E-mail enviado com sucesso para JULIANA LUZ DA ROSA (juliana_sbjbento@hotmail.com) com 4 arquivos.
2025-06-16 10:10:36,592 - INFO - E-mail enviado com sucesso para JULIANA MATOS ALENCAR (julianaalencar2504@gmail.com) com 4 arquivos.
2025-06-16 10:10:37,970 - INFO - E-mail enviado com sucesso para JULIANO MANFRON ARAUJO (Sugestivaturismo@outlook.com) com 4 arquivos.
2025-06-16 10:10:39,164 - INFO - E-mail enviado com sucesso para JULIO CESAR DE OLIVEIRA (djmanutencao2010@hotmail.com) com 4 arquivos.
2025-06-16 10:10:40,376 - INFO - E-mail enviado com sucesso para JULIO CESAR EMANUEL DOS SANTOS FONSECA (julio.drum201515@gmail.com) com 4 arquivos.
2025-06-16 10:10:41,571 - INFO - E-mail enviado com sucesso para JUMA MONTEIRO NUNES (julianamonteiro262728@gmail.com) com 4 arquivos.
2025-06-16 10:10:42,831 - INFO - E-mail enviado com sucesso para Kaiane Broda Pereira (Kaianebroda@gmail.com) com 4 arquivos.
2025-06-16 10:10:42,840 - ERROR - Pasta não encontrada para KAREN MENDONÇA OKUYAMA.
2025-06-16 10:10:44,192 - INFO - E-mail enviado com sucesso para KAREN RODRIGUES DE SOUZA (karen.souza992@gmail.com) com 1 arquivos.
2025-06-16 10:10:45,422 - INFO - E-mail enviado com sucesso para KAUE RODRIGO FRUTUOSO (kauerodrigofrutuoso@gmail.com) com 4 arquivos.
2025-06-16 10:10:46,639 - INFO - E-mail enviado com sucesso para KELLY SOUZA DE DEUS ANJOS (kellysouzadedeus@gmail.com) com 4 arquivos.
2025-06-16 10:10:47,807 - INFO - E-mail enviado com sucesso para Keoma Alan Broda Pereira (keomaalan28@gmail.com) com 4 arquivos.
2025-06-16 10:10:49,233 - INFO - E-mail enviado com sucesso para KEVIN MICHAEL SPIETH (KVNSPTADV@GMAIL.COM) com 4 arquivos.
2025-06-16 10:10:50,816 - INFO - E-mail enviado com sucesso para KIMBERLY CRISTINA TAVARES CORREA (kimcorrea9@gmail.com) com 4 arquivos.
2025-06-16 10:10:52,221 - INFO - E-mail enviado com sucesso para LAIS CRISTINA ALVES CAVALCANTE MILANEZ (LAISCAVALCANTE@HOTMAIL.COM) com 4 arquivos.
2025-06-16 10:10:53,586 - INFO - E-mail enviado com sucesso para LARISSA DE FREITAS NUNES (nunes.larissaf@gmail.com) com 4 arquivos.
2025-06-16 10:10:54,776 - INFO - E-mail enviado com sucesso para LARISSA DE SOUZA SILVA (Larymofi22@gmail.com) com 4 arquivos.
2025-06-16 10:10:55,913 - INFO - E-mail enviado com sucesso para LEANDRO SANTOS DA SILVA (silvaleandro250416@gmail.com) com 4 arquivos.
2025-06-16 10:10:57,304 - INFO - E-mail enviado com sucesso para LEONARDO ALVES IRBER (leonardonemetz@hotmail.com) com 4 arquivos.
2025-06-16 10:10:58,722 - INFO - E-mail enviado com sucesso para LEONARDO OLIVEIRA ALEJARRA (alejarraleonardo@gmail.com) com 4 arquivos.
2025-06-16 10:10:59,997 - INFO - E-mail enviado com sucesso para LEONARDO SOUZA DA SILVA (Leonardo_souza_gallagher@hotmail.com) com 4 arquivos.
2025-06-16 10:11:01,256 - INFO - E-mail enviado com sucesso para LETICIA BEZERRA FERREIRA (leticiaferreira13041998@gmail.com) com 4 arquivos.
2025-06-16 10:11:02,513 - INFO - E-mail enviado com sucesso para LETICIA DANIELI VILAS BOAS FERREIRA (Ferreiraleticia321@gmail.com) com 4 arquivos.
2025-06-16 10:11:03,829 - INFO - E-mail enviado com sucesso para LETICIA MARIA DE OLIVEIRA SILVA (leticiacallheiros@gmail.com) com 4 arquivos.
2025-06-16 10:11:05,089 - INFO - E-mail enviado com sucesso para LIDIA DE ARAUJO ROCHA (lidiarocha08@gmail.com) com 4 arquivos.
2025-06-16 10:11:06,148 - INFO - E-mail enviado com sucesso para LILIAN MICHELE ROSIN HAMMACHER (michelerosin@gmail.com) com 1 arquivos.
2025-06-16 10:11:07,690 - INFO - E-mail enviado com sucesso para LINDOMAR MOREIRA DA SILVA JUNIOR (lindomarjr16@gmail.com) com 4 arquivos.
2025-06-16 10:11:08,778 - INFO - E-mail enviado com sucesso para LINSMAR MACEDO DE JESUS (lismarcedocr7@gmail.com) com 1 arquivos.
2025-06-16 10:11:09,902 - INFO - E-mail enviado com sucesso para LORENZO SILVA RIBEIRO (comercial.lorenzoribeiro@gmail.com) com 4 arquivos.
2025-06-16 10:11:11,276 - INFO - E-mail enviado com sucesso para LORRANE GABRIELLE SILVA DA COSTA (lorrane.gabrielle23@icloud.com) com 4 arquivos.
2025-06-16 10:11:13,150 - INFO - E-mail enviado com sucesso para LUAN DOS SANTOS MENDES DE SOUZA (luanplayerr@gmail.com) com 4 arquivos.
2025-06-16 10:11:14,477 - INFO - E-mail enviado com sucesso para LUANA DE PAULO SILVA (analuholffer23@gmail.com) com 4 arquivos.
2025-06-16 10:11:14,484 - ERROR - Pasta não encontrada para LUCAS ALEXANDRE FERREIRA CORRÊA.
2025-06-16 10:11:16,503 - INFO - E-mail enviado com sucesso para LUCAS BARRETO VAZ (lbarretovaz@gmail.com) com 4 arquivos.
2025-06-16 10:11:17,982 - INFO - E-mail enviado com sucesso para LUCAS BARROS DOS SANTOS (contato.lucasbds29@gmail.com) com 4 arquivos.
2025-06-16 10:11:19,387 - INFO - E-mail enviado com sucesso para LUCAS DAMASCENO BARROS (ldamascenobarros@gmail.com) com 4 arquivos.
2025-06-16 10:11:20,784 - INFO - E-mail enviado com sucesso para LUCAS FAGUNDES OLIVeira VIANA (FAGUNDESOLIVEIRA10@GMAIL.COM) com 1 arquivos.
2025-06-16 10:11:22,547 - INFO - E-mail enviado com sucesso para LUCAS MATEO SOUZA ORTIZ (lortizarq@gmail.com) com 4 arquivos.
2025-06-16 10:11:24,053 - INFO - E-mail enviado com sucesso para LUCAS MATEUS DORR WEYAND (weyandlucasmateus@gmail.com) com 4 arquivos.
2025-06-16 10:11:25,231 - INFO - E-mail enviado com sucesso para LUCAS PINTO SORIANO (Lucasoriano00989@gmail.com) com 1 arquivos.
2025-06-16 10:11:26,427 - INFO - E-mail enviado com sucesso para LUCAS SOUZA DOS SANTOS (olucassouzacorretor@gmail.com) com 4 arquivos.
2025-06-16 10:11:27,636 - INFO - E-mail enviado com sucesso para LUCIANA CRIVELARI (crivelaridemelo@gmail.com) com 4 arquivos.
2025-06-16 10:11:28,804 - INFO - E-mail enviado com sucesso para LUCIANA SANTOS CRUZ MOELLER (moellerluciana@gmail.com) com 4 arquivos.
2025-06-16 10:11:30,057 - INFO - E-mail enviado com sucesso para LUDMILLA ROSA MOREIRA DE SOUZA (ludmillamor@hotmail.com) com 4 arquivos.
2025-06-16 10:11:31,293 - INFO - E-mail enviado com sucesso para Luis Gustavo Ramos da Silva (zedorah01@gmail.com) com 4 arquivos.
2025-06-16 10:11:32,547 - INFO - E-mail enviado com sucesso para LUIZ FELIPE CARVALHO MARQUES (luizfelipec947@gmail.com) com 4 arquivos.
2025-06-16 10:11:33,870 - INFO - E-mail enviado com sucesso para LUIZ FELIPE DE SOUZA FERNANDES (luiz.fernandes@laghettogolden.com.br) com 4 arquivos.
2025-06-16 10:11:35,163 - INFO - E-mail enviado com sucesso para LUIZ FELIPE SANTOS DA SILVA (luiz.silva.silva9494@gmail.com) com 4 arquivos.
2025-06-16 10:11:36,653 - INFO - E-mail enviado com sucesso para LUIZ HENRIQUE FERREIRA ANDRADE (luiz.andrade3d@gmail.com) com 4 arquivos.
2025-06-16 10:11:37,875 - INFO - E-mail enviado com sucesso para LUIZA JACQUES DA SILVA (luizajacques17@icloud.com) com 4 arquivos.
2025-06-16 10:11:39,038 - INFO - E-mail enviado com sucesso para LUMARA DE PAULA SANTOS (lumarasantos636@gmail.com) com 4 arquivos.
2025-06-16 10:11:40,058 - INFO - E-mail enviado com sucesso para Maira Catarina Evangelista Nunes (mairacatarina0@gmail.com) com 4 arquivos.
2025-06-16 10:11:41,213 - INFO - E-mail enviado com sucesso para MARCELO DE FREITAS MATHEUS (marcelo.freitas787@gmail.com) com 4 arquivos.
2025-06-16 10:11:42,525 - INFO - E-mail enviado com sucesso para MARCELO MONTEIRO FORNASIER (MARCELO_FORNASIER@HOTMAIL.COM) com 4 arquivos.
2025-06-16 10:11:43,862 - INFO - E-mail enviado com sucesso para MARCOS ANTONIO DE MEIRA DOS SANTOS LUZ (marcosantonios21223@gmail.com) com 4 arquivos.
2025-06-16 10:11:45,065 - INFO - E-mail enviado com sucesso para MARCOS DANIEL DIAS LIRIA (model.gramado@gmail.com) com 1 arquivos.
2025-06-16 10:11:46,263 - INFO - E-mail enviado com sucesso para MARCOS FERNANDES DA SILVA JUNIOR (mfsj24@gmail.com) com 4 arquivos.
2025-06-16 10:11:47,442 - INFO - E-mail enviado com sucesso para MARIA EDUARDA CAMPOS MENDES (eduardainvestiment@gmail.com) com 4 arquivos.
2025-06-16 10:11:48,688 - INFO - E-mail enviado com sucesso para MARIANA DA ROSA MAGNUS (mariana_magnus@hotmail.com) com 4 arquivos.
2025-06-16 10:11:48,695 - ERROR - Pasta não encontrada para MARILIANA GONÇALVES NEVES.
2025-06-16 10:11:49,928 - INFO - E-mail enviado com sucesso para MARIZA SOUZA DA SILVA (mariza.s.silva15@gmail.com) com 4 arquivos.
2025-06-16 10:11:51,007 - INFO - E-mail enviado com sucesso para Mateus coutinho Ferreira (mateuscoutinho505@gmail.com) com 4 arquivos.
2025-06-16 10:11:52,326 - INFO - E-mail enviado com sucesso para MATEUS SILVA DA COSTA (mateus13997270528@gmail.com) com 4 arquivos.
2025-06-16 10:11:53,539 - INFO - E-mail enviado com sucesso para MATHEUS HENRIQUE GOMES ZERLOTTINI (matheuszerlottini@outlook.com) com 4 arquivos.
2025-06-16 10:11:54,797 - INFO - E-mail enviado com sucesso para MATHEUS HENRIQUE PEREIRA FERNANDES (matheushenriquehpf@gmail.com) com 4 arquivos.
2025-06-16 10:11:55,979 - INFO - E-mail enviado com sucesso para MATHEUS MANSANO FALEIRO (MATHEUS.MANSANO@HOTMAIL.COM) com 4 arquivos.
2025-06-16 10:11:57,246 - INFO - E-mail enviado com sucesso para MAURICIO DIECKMANN MOREIRA (mauriciodm.consultoria@gmail.com) com 4 arquivos.
2025-06-16 10:11:58,622 - INFO - E-mail enviado com sucesso para MAYARA DOS SANTOS FERREIRA (mayapedagogiaporamor@gmail.com) com 4 arquivos.
2025-06-16 10:11:59,952 - INFO - E-mail enviado com sucesso para MELISSA SILVA MENDES (melissasilvamendes6@gmail.com) com 4 arquivos.
2025-06-16 10:11:59,959 - ERROR - Pasta não encontrada para MICAELLE RÍTALY SOUZA RAMOS.
2025-06-16 10:12:01,201 - INFO - E-mail enviado com sucesso para MICHELE OLIVEIRA DA SILVEIRA (michelemulti9@gmail.com) com 4 arquivos.
2025-06-16 10:12:02,393 - INFO - E-mail enviado com sucesso para Michelle Thais de Jesus Menezes (michellemenzes@gmail.com) com 4 arquivos.
2025-06-16 10:12:03,744 - INFO - E-mail enviado com sucesso para MIKAEL CARDOSO DE MESQUITA (mikaeldocavaco@gmail.com) com 4 arquivos.
2025-06-16 10:12:05,016 - INFO - E-mail enviado com sucesso para MILENE SILVA DE PAULO (depaulomilenesilva@gmail.com) com 4 arquivos.
2025-06-16 10:12:06,263 - INFO - E-mail enviado com sucesso para MIQUEAS RAFAEL PEREIRA MARTINHO (Miqueas.rafael@outlook.com) com 4 arquivos.
2025-06-16 10:12:07,424 - INFO - E-mail enviado com sucesso para MIRIELY SILVA SANTOS (Miriellysilva@hotmail.com) com 4 arquivos.
2025-06-16 10:12:08,608 - INFO - E-mail enviado com sucesso para MOISES DE MIRANDA LIMA (mirandalimafilho@gmail.com) com 4 arquivos.
2025-06-16 10:12:09,850 - INFO - E-mail enviado com sucesso para MONIQUE MARGARIDA FREITAS BENJAMIM (Moniquemargarida28@gmail.com) com 4 arquivos.
2025-06-16 10:12:11,209 - INFO - E-mail enviado com sucesso para MUNIELEN BARBOSA FERNANDES (munifernandes31@outlook.com) com 4 arquivos.
2025-06-16 10:12:12,494 - INFO - E-mail enviado com sucesso para MYRELA MAKELY SCHNEIDER (schneidermyrela@gmail.com) com 4 arquivos.
2025-06-16 10:12:13,688 - INFO - E-mail enviado com sucesso para NAELI REIS DO NASCIMENTO (naelireis515@gmail.com) com 4 arquivos.
2025-06-16 10:12:14,725 - INFO - E-mail enviado com sucesso para NAIARA GARCIA DOS SANTOS (NAIARA20GARCIAS@GMAIL.COM) com 4 arquivos.
2025-06-16 10:12:16,022 - INFO - E-mail enviado com sucesso para NATALIA FRANCISCA SANTOS ALVES (lilliedesfeldes@gmail.com) com 4 arquivos.
2025-06-16 10:12:17,192 - INFO - E-mail enviado com sucesso para NEDILSON LUIZ DOS SANTOS JUNIOR (nedilson.minhorezenha@gmail.com) com 4 arquivos.
2025-06-16 10:12:18,384 - INFO - E-mail enviado com sucesso para NEIMARY STEFANY AVILA PINTO (neyavilad0513@gmail.com) com 4 arquivos.
2025-06-16 10:12:18,391 - ERROR - Pasta não encontrada para NELSON LOURENÇO DA SILVA JUNIOR.
2025-06-16 10:12:19,563 - INFO - E-mail enviado com sucesso para NEUSELIA FERREIRA LIMA RIBEIRO (Neuselia.ferreira@hotmail.com) com 4 arquivos.
2025-06-16 10:12:19,571 - ERROR - Pasta não encontrada para NUBIA GONÇALVES DE MELO.
2025-06-16 10:12:20,776 - INFO - E-mail enviado com sucesso para OBERDAN CARVALHO DE AZEVEDO (oberdancarvalhoazevedo@gmail.com) com 4 arquivos.
2025-06-16 10:12:21,858 - INFO - E-mail enviado com sucesso para PABLO MARINHO REIS (Pablochn@live.com) com 4 arquivos.
2025-06-16 10:12:23,120 - INFO - E-mail enviado com sucesso para PAMELA THAIS FONSECA MIRANDA (pamela1005@icloud.com) com 4 arquivos.
2025-06-16 10:12:24,269 - INFO - E-mail enviado com sucesso para PATRICIA LUCIANA DE ALMEIDA SANTOS (Isabellepaty07@gmail.com) com 4 arquivos.
2025-06-16 10:12:25,449 - INFO - E-mail enviado com sucesso para PATRICK NUNES (patrickwork01@hotmail.com) com 4 arquivos.
2025-06-16 10:12:26,464 - INFO - E-mail enviado com sucesso para PAULA NATIELE DE SOUZA DOS REIS (pnsr3107@hotmail.com) com 1 arquivos.
2025-06-16 10:12:27,587 - INFO - E-mail enviado com sucesso para PAULO CRISTIANO ALVES (paulo.cristianoalves@gmail.com) com 4 arquivos.
2025-06-16 10:12:28,764 - INFO - E-mail enviado com sucesso para PAULO EMANUEL DOS SANTOS BARNABE TEIXEIRA (paulo.emanuel.008@gmail.com) com 4 arquivos.
2025-06-16 10:12:29,836 - INFO - E-mail enviado com sucesso para Pedro Henrique Martins Tavares (pedrohmt.ph@gmail.com) com 4 arquivos.
2025-06-16 10:12:31,003 - INFO - E-mail enviado com sucesso para PEDRO IVO CARVALHO DOS SANTOS (IVOOFICIALL@GMAIL.COM) com 4 arquivos.
2025-06-16 10:12:32,221 - INFO - E-mail enviado com sucesso para PRISCILA DA ROSA NOBRE (nprisciladarosa@gmail.com) com 4 arquivos.
2025-06-16 10:12:33,550 - INFO - E-mail enviado com sucesso para RAABE DE ALMEIDA CRUZ (Raabe.almeidaacruz@gmail.com) com 4 arquivos.
2025-06-16 10:12:40,765 - INFO - E-mail enviado com sucesso para RAFAEL COLOMBO MENDES (rm.gramado@gmail.com) com 4 arquivos.
2025-06-16 10:12:47,437 - INFO - E-mail enviado com sucesso para RAFAELA KALIANDRA PILGER DA SILVEIRA (rafaksilveira04@gmail.com) com 4 arquivos.
2025-06-16 10:12:54,502 - INFO - E-mail enviado com sucesso para RAFAELA SOUZA CARLOS (rafaquieto@gmail.com) com 4 arquivos.
2025-06-16 10:13:01,854 - INFO - E-mail enviado com sucesso para RAILDA JOSEFA CHAVES SOUSA (raildachaves21@gmail.com) com 4 arquivos.
2025-06-16 10:23:27,111 - ERROR - Erro ao enviar e-mail para RAUL CARLOS HENRRIQUE FERREIRA AMORIM ANTONY: Connection unexpectedly closed
2025-06-16 10:23:28,638 - INFO - E-mail enviado com sucesso para RAYLENE MARIA RODRIGUES HONORIO (rraylene165@gmail.com) com 4 arquivos.
2025-06-16 10:23:29,830 - INFO - E-mail enviado com sucesso para Rebeka Cossito de Amorim Laport (rebeka.cossito_@hotmail.com) com 4 arquivos.
2025-06-16 10:23:31,062 - INFO - E-mail enviado com sucesso para RENATO DE SOUZA ROCHA (rsrconsultoriaevenda@gmail.com) com 4 arquivos.
2025-06-16 10:23:32,267 - INFO - E-mail enviado com sucesso para RENATO LIMA DOS SANTOS (renatolimasantos2017@gmail.com) com 4 arquivos.
2025-06-16 10:23:33,460 - INFO - E-mail enviado com sucesso para RICARDO ANDRE DE ASSIS (ricardo.assis.adm@gmail.com) com 4 arquivos.
2025-06-16 10:23:34,693 - INFO - E-mail enviado com sucesso para Richard Eduard de Souza Schell (richardespecialistaemimoveis@gmail.com) com 4 arquivos.
2025-06-16 10:23:35,904 - INFO - E-mail enviado com sucesso para ROBERTA TAINARA RIBEIRO DE SOUZA (comercialrobertaribeiro@gmail.com) com 4 arquivos.
2025-06-16 10:23:37,017 - INFO - E-mail enviado com sucesso para ROBSON MERODIO BONFIM (robsonmerodio@gmail.com) com 4 arquivos.
2025-06-16 10:23:38,177 - INFO - E-mail enviado com sucesso para Rodrigo Eduardo Pereira Junior (rodrigoeduardojr18@gmail.com) com 4 arquivos.
2025-06-16 10:23:39,269 - INFO - E-mail enviado com sucesso para Rodrigo Filter de Oliveira (rodrigomanofilter@outlook.com) com 4 arquivos.
2025-06-16 10:23:40,351 - INFO - E-mail enviado com sucesso para RODRIGO PIMEL (rodrigopimel83@gmail.com) com 4 arquivos.
2025-06-16 10:23:41,422 - INFO - E-mail enviado com sucesso para ROGER ANDRE VIGO ALVES (rogervigoconsultoria@gmail.com) com 4 arquivos.
2025-06-16 10:23:42,538 - INFO - E-mail enviado com sucesso para ROSALVA SILVA PATROCINIO (rosaspatrocinio@hotmail.com) com 4 arquivos.
2025-06-16 10:23:43,705 - INFO - E-mail enviado com sucesso para RUDINEI RODRIGUES DE OLIVEIRA (rudineirodrigues.o@gmail.com) com 4 arquivos.
2025-06-16 10:23:44,849 - INFO - E-mail enviado com sucesso para RUTEMBERG CORREIA MIRANDA NASCIMENTO (berg.turismo@outlook.com) com 4 arquivos.
2025-06-16 10:23:45,966 - INFO - E-mail enviado com sucesso para SABRINA ARAUJO DE ALMEIDA (sabrina_araujoalmeida@hotmail.com) com 4 arquivos.
2025-06-16 10:23:47,015 - INFO - E-mail enviado com sucesso para SAMUEL DE ALMEIDA (samuel1618almeida@gmail.com) com 4 arquivos.
2025-06-16 10:23:48,076 - INFO - E-mail enviado com sucesso para SAMY DOS SANTOS SILVA (braasil33@gmail.com) com 4 arquivos.
2025-06-16 10:23:49,146 - INFO - E-mail enviado com sucesso para SANABIO PEREIRA SCHUMACHER (sanabiodb@gmail.com) com 4 arquivos.
2025-06-16 10:23:50,282 - INFO - E-mail enviado com sucesso para SANDRO BRUNO COSTA GARCIA (bcmadara777@gmail.com) com 4 arquivos.
2025-06-16 10:23:51,535 - INFO - E-mail enviado com sucesso para SANGELA CRISTINA ARRUDA LIMA MORAIS (scalmimobiliario@gmail.com) com 4 arquivos.
2025-06-16 10:23:51,543 - ERROR - Pasta não encontrada para SARA SIMÃO BARBOSA DA SILVA.
2025-06-16 10:23:52,686 - INFO - E-mail enviado com sucesso para SHAISTER THAUANNE DOS SANTOS RIBAS DA SILVA (thauanneribas@gmail.com) com 4 arquivos.
2025-06-16 10:23:53,811 - INFO - E-mail enviado com sucesso para SHELLEY RHILLIA DE SOUZA OLIVEIRA (rhillya8.27@icloud.com) com 4 arquivos.
2025-06-16 10:23:55,008 - INFO - E-mail enviado com sucesso para STEFANE ALVES CASTRO (stefanecasttro@gmail.com) com 4 arquivos.
2025-06-16 10:23:56,105 - INFO - E-mail enviado com sucesso para STEFANE COSTA DE OLIVEIRA (stefanecosta609@gmail.com) com 4 arquivos.
2025-06-16 10:23:57,355 - INFO - E-mail enviado com sucesso para STEFANI VITORIA FERREIRA (stefaniferreira.sf.sf@gmail.com) com 4 arquivos.
2025-06-16 10:23:58,543 - INFO - E-mail enviado com sucesso para SUELLEN DA SILVA RIBEIRO (sellyribeiro7@gmail.com) com 4 arquivos.
2025-06-16 10:23:59,731 - INFO - E-mail enviado com sucesso para SUYANNE CHRISTINNE MARQUES LIMA (sussumlima@gmail.com) com 4 arquivos.
2025-06-16 10:24:00,761 - INFO - E-mail enviado com sucesso para SUZILEIA LUCAS VIANA WATTAGE (suzileiaviana@gmail.com) com 4 arquivos.
2025-06-16 10:24:01,770 - INFO - E-mail enviado com sucesso para TAIS ZULMIRA HIPOLITO (zulmirahipolito@gmail.com) com 4 arquivos.
2025-06-16 10:24:02,841 - INFO - E-mail enviado com sucesso para TAMY AIRTON MUELLER (eusootamy@gmail.com) com 4 arquivos.
2025-06-16 10:24:04,043 - INFO - E-mail enviado com sucesso para TANNYA SELENE MIERES DOMINGUEZ (Tannya381@gmail.com) com 4 arquivos.
2025-06-16 10:24:05,218 - INFO - E-mail enviado com sucesso para Tatiane Braga Medeiros (tatibmedeiros@gmail.com) com 4 arquivos.
2025-06-16 10:24:06,297 - INFO - E-mail enviado com sucesso para Tauane Aparecida Postiglioni Flavio (tauanipostiglioni6@gmail.com) com 4 arquivos.
2025-06-16 10:24:07,376 - INFO - E-mail enviado com sucesso para TEILLOR DIOVANE DE JESUS BONN (teilor__bonn@hotmail.com) com 4 arquivos.
2025-06-16 10:24:07,384 - ERROR - Pasta não encontrada para THAIS GONÇALVES DA SILVA.
2025-06-16 10:24:07,392 - ERROR - Pasta não encontrada para THAÍS KAPPAUN THEOBALD SERRA.
2025-06-16 10:24:08,506 - INFO - E-mail enviado com sucesso para THALLYS JEFFERSON DE PAIVA OLIVEIRA (thallyspaiva22@gmail.com) com 4 arquivos.
2025-06-16 10:24:09,556 - INFO - E-mail enviado com sucesso para THAYS CHRISTINNE TAVARES DE BRITO (thachris27@gmail.com) com 4 arquivos.
2025-06-16 10:24:10,557 - INFO - E-mail enviado com sucesso para THIAGO FERREIRA DA SILVA (18ferreirathiago12@gmail.com) com 1 arquivos.
2025-06-16 10:24:11,614 - INFO - E-mail enviado com sucesso para THIAGO OLIVEIRA DOS SANTOS (oliveirathiago351@gmail.com) com 4 arquivos.
2025-06-16 10:24:12,704 - INFO - E-mail enviado com sucesso para THIAGO ROGEL COSTA SOUZA (thiago_costa1992@yahoo.com) com 4 arquivos.
2025-06-16 10:24:13,919 - INFO - E-mail enviado com sucesso para THIAGO TADEU PACHECO JUNQUEIRA (thiagotadeu071287@yahoo.com) com 4 arquivos.
2025-06-16 10:24:15,086 - INFO - E-mail enviado com sucesso para Tiago Pires Biavatti (thiagobiavatti0909@gmail.com) com 4 arquivos.
2025-06-16 10:24:16,507 - INFO - E-mail enviado com sucesso para TOVAR ALFF DOS SANTOS (alffsantos7@gmail.com) com 4 arquivos.
2025-06-16 10:24:17,824 - INFO - E-mail enviado com sucesso para VANESSA DEON FERREIRA (vanessadeon.corretora@gmail.com) com 4 arquivos.
2025-06-16 10:24:18,909 - INFO - E-mail enviado com sucesso para VANESSA GRACYELLY MENDES DE SOUZA GODOY (nessagsouza@gmail.com) com 4 arquivos.
2025-06-16 10:24:20,010 - INFO - E-mail enviado com sucesso para VANKLEY SALES DE MOURA (vankleysalles@gmail.com) com 4 arquivos.
2025-06-16 10:24:21,134 - INFO - E-mail enviado com sucesso para VICTOR MENEZES DOS SANTOS SILVA (victormenezes.w1@gmail.com) com 4 arquivos.
2025-06-16 10:24:22,341 - INFO - E-mail enviado com sucesso para VICTOR OTAVIO GUERREIRO BRUNELLI (victor.brunelli30@gmail.com) com 4 arquivos.
2025-06-16 10:24:23,469 - INFO - E-mail enviado com sucesso para Victoria Regina Silva de Moura (victoriamouraa@icloud.com) com 4 arquivos.
2025-06-16 10:24:24,545 - INFO - E-mail enviado com sucesso para VINICIUS ANGELI REIS (vinireis1226@gmail.com) com 4 arquivos.
2025-06-16 10:24:25,650 - INFO - E-mail enviado com sucesso para VINICIUS LIPPO SILIPRANDI (viniciuslippo@gmail.com) com 4 arquivos.
2025-06-16 10:24:26,718 - INFO - E-mail enviado com sucesso para VITORIA ESTER KETLEN SANTOS ALVES (vitoriaesterk@gmail.com) com 4 arquivos.
2025-06-16 10:24:27,757 - INFO - E-mail enviado com sucesso para WEBERTH DE MEDEIROS NASCENTE (Weberthcaete15@gmail.com) com 4 arquivos.
2025-06-16 10:24:28,790 - INFO - E-mail enviado com sucesso para WELLINGTON PATRYCK DE JESUS DA SILVA (wellington.zonasul@yahoo.com) com 4 arquivos.
2025-06-16 10:24:29,878 - INFO - E-mail enviado com sucesso para WELLITON CARLOS LOEBLEIN (cwelliton25@gmail.com) com 4 arquivos.
2025-06-16 10:24:30,975 - INFO - E-mail enviado com sucesso para WERBEM JARDIM MENESES (werbem.40@gmail.com) com 4 arquivos.
2025-06-16 10:24:32,006 - INFO - E-mail enviado com sucesso para WESLEY ASSIS DOS SANTOS (wesleyassis320@gmail.com) com 4 arquivos.
2025-06-16 10:24:33,095 - INFO - E-mail enviado com sucesso para WESLEY MAIA CARDOSO (wesleymaiacardoso@gmail.com) com 4 arquivos.
2025-06-16 10:24:34,129 - INFO - E-mail enviado com sucesso para WILSON PORTO MARIA FILHO (wilsonmaia.adm@gmail.com) com 1 arquivos.
2025-06-16 10:24:35,225 - INFO - E-mail enviado com sucesso para YARA APARECIDA BURIN EMERICH (yaraemerich1@gmail.com) com 4 arquivos.
2025-06-16 10:24:36,285 - INFO - E-mail enviado com sucesso para FRANCISCO HERMESON BATISTA DOS SANTOS 60696977311 (hermesonsantos00@gmail.com) com 4 arquivos.
2025-06-16 10:24:37,457 - INFO - E-mail enviado com sucesso para LEONARDO VICTOR  MACHADO DE MEDEIROS (leonardovictor765@gmail.com) com 4 arquivos.
2025-06-16 10:24:38,593 - INFO - E-mail enviado com sucesso para LUCAS DOS SANTOS SOUSA (lucas.sousa310800@hotmail.com) com 4 arquivos.
2025-06-16 10:24:39,703 - INFO - E-mail enviado com sucesso para ZILDA ALEXSANDRA SEVERINO MARQUES (alexsandra.marquex@gmail.com) com 4 arquivos.
2025-06-16 10:30:08,328 - INFO - E-mail enviado com sucesso para ALEX SANDRO DA ROSA OLIVEIRA (ti2@laghettomultipropriedade.com.br) com 4 arquivos.
2025-06-16 10:41:38,021 - INFO - E-mail enviado com sucesso para ALEX SANDRO DA ROSA OLIVEIRA (ti2@laghettomultipropriedade.com.br) com 4 arquivos.
2025-06-16 10:42:50,996 - INFO - E-mail enviado com sucesso para ALEX SANDRO DA ROSA OLIVEIRA (ti2@laghettomultipropriedade.com.br) com 4 arquivos.
2025-06-16 10:48:10,306 - INFO - E-mail enviado com sucesso para ALEX SANDRO DA ROSA OLIVEIRA (ti2@laghettomultipropriedade.com.br) com 4 arquivos.
2025-06-16 10:53:15,898 - INFO - E-mail enviado com sucesso para ALEX SANDRO DA ROSA OLIVEIRA (ti2@laghettomultipropriedade.com.br) com 4 arquivos.
2025-06-16 11:22:59,163 - INFO - E-mail enviado com sucesso para ABRAAO CRUZ OLIVEIRA (abraaooliveiratec@gmail.com) com 4 arquivos.
2025-06-16 11:23:00,351 - INFO - E-mail enviado com sucesso para ACY RUI SILVA NASCIMENTO FILHO (ruicontrabaixo@gmail.com) com 4 arquivos.
2025-06-16 11:23:01,369 - INFO - E-mail enviado com sucesso para ADRIANO DE FRANCA MORAES (adriano0908franca@gmail.com) com 1 arquivos.
2025-06-16 11:23:02,486 - INFO - E-mail enviado com sucesso para Adriele Cristina dos Santos Dias (adrielecristina3009@gmail.com) com 4 arquivos.
2025-06-16 11:23:03,556 - INFO - E-mail enviado com sucesso para ADRIELLE GOMES BRANDAO (drikagb2016@gmail.com) com 1 arquivos.
2025-06-16 11:23:04,564 - INFO - E-mail enviado com sucesso para ADRIENES ATHYLAS DE LIMA (athylaslima@gmail.com) com 1 arquivos.
2025-06-16 11:23:05,724 - INFO - E-mail enviado com sucesso para Alan de Lima Ribeiro (alanbps17@gmail.com) com 4 arquivos.
2025-06-16 11:23:05,732 - ERROR - Pasta não encontrada para ALANDERSON JESSE DA SILVA GALVÃO.
2025-06-16 11:23:06,802 - INFO - E-mail enviado com sucesso para ALDENIR JUNIOR GOIS DE ALMEIDA (aldenirjr2010@gmail.com) com 4 arquivos.
2025-06-16 11:23:07,838 - INFO - E-mail enviado com sucesso para ALESSANDRO WILLAMI DE SOUSA (aleasandrowillamidesousa908@gmail.com) com 1 arquivos.
2025-06-16 11:23:09,009 - INFO - E-mail enviado com sucesso para ALEX MISSEL LUMERTZ (alexlumertzz10@gmail.com) com 4 arquivos.
2025-06-16 11:23:10,153 - INFO - E-mail enviado com sucesso para ALEX SANDRO DA ROSA OLIVEIRA (Alexsandrorosa076@gmail.com) com 4 arquivos.
2025-06-16 11:23:11,379 - INFO - E-mail enviado com sucesso para Alexandra Vieira da Silva de Almeida (ale.nicolly@hotmail.com) com 4 arquivos.
2025-06-16 11:23:12,454 - INFO - E-mail enviado com sucesso para ALEXANDRE DE GODOY (alexandreproinvest@gmail.com) com 4 arquivos.
2025-06-16 11:23:13,584 - INFO - E-mail enviado com sucesso para ALEXIA THAINA BARBALHO (alexia-barbalho@hotmail.com) com 4 arquivos.
2025-06-16 11:23:14,620 - INFO - E-mail enviado com sucesso para Alisson Ismael da Silva (a.alissonismael@gmail.com) com 4 arquivos.
2025-06-16 11:23:15,607 - INFO - E-mail enviado com sucesso para ALLAN KARDEC DA SILVA SIMÃO (allankardecs74@gmail.com) com 1 arquivos.
2025-06-16 11:23:16,779 - INFO - E-mail enviado com sucesso para ALLYSSON DA SILVA ACRIS (asasolserv@gmail.com) com 4 arquivos.
2025-06-16 11:23:18,023 - INFO - E-mail enviado com sucesso para ALVARO FABRICIO MENEZES MOTA (ALVINMOTA@GMAIL.COM) com 4 arquivos.
2025-06-16 11:23:18,031 - ERROR - Pasta não encontrada para Alyson Henrrique Silva Simão.
2025-06-16 11:23:19,249 - INFO - E-mail enviado com sucesso para AMANDA DORADO EUGENIO (doradoamandabh@gmail.com) com 4 arquivos.
2025-06-16 11:23:20,485 - INFO - E-mail enviado com sucesso para ANA JULIA DA SILVA MALTA (anajuliamalta25@gmail.com) com 4 arquivos.
2025-06-16 11:23:21,577 - INFO - E-mail enviado com sucesso para ANA KAROLLINY NASCIMENTO OLIVEIRA (comercial.anakarolliny@gmail.com) com 4 arquivos.
2025-06-16 11:23:22,626 - INFO - E-mail enviado com sucesso para ANA PAULA ALVES FERREIRA (anapaf88@gmail.com) com 4 arquivos.
2025-06-16 11:23:23,660 - INFO - E-mail enviado com sucesso para ANA PAULA FERREIRA LIMA (anapaulaferreiralima725@gmail.com) com 4 arquivos.
2025-06-16 11:23:24,740 - INFO - E-mail enviado com sucesso para ANA PAULA OSORIO DA ROSA (aninha.volk@hotmail.com) com 4 arquivos.
2025-06-16 11:23:24,748 - ERROR - Pasta não encontrada para ANAÃ PATRICK JARDIM.
2025-06-16 11:23:26,092 - INFO - E-mail enviado com sucesso para Anderson Lopes Xavier (adersonlopesxavierr@gmail.com) com 4 arquivos.
2025-06-16 11:23:27,317 - INFO - E-mail enviado com sucesso para ANDERSON TISIAM (andersontisiam432@gmail.com) com 4 arquivos.
2025-06-16 11:23:28,472 - INFO - E-mail enviado com sucesso para ANDRE EDUARDO DOS PASSOS PACHECO (pachecoandre412@gmail.com) com 4 arquivos.
2025-06-16 11:23:29,674 - INFO - E-mail enviado com sucesso para ANDRE LUIS DE SOUZA SILVA (lssandre1000@gmail.com) com 4 arquivos.
2025-06-16 11:23:31,446 - INFO - E-mail enviado com sucesso para ANDREINA RUIVO DE OLIVEIRA (andreinapotter8@gmail.com) com 4 arquivos.
2025-06-16 11:23:32,709 - INFO - E-mail enviado com sucesso para ANDRESSA ALVES FONSECA (andressaalvesfonseca83@gmail.com) com 4 arquivos.
2025-06-16 11:23:33,903 - INFO - E-mail enviado com sucesso para ANNA CLAUDIA FRANCA DE OLIVEIRA (aninhacfo@hotmail.com) com 4 arquivos.
2025-06-16 11:23:35,244 - INFO - E-mail enviado com sucesso para ANUSKA TUYLLA DO NASCIMENTO SILVA (anuskaedeus@gmail.com) com 4 arquivos.
2025-06-16 11:23:36,502 - INFO - E-mail enviado com sucesso para ARACY BARROS PAIM (aracy-pahim@outlook.com) com 4 arquivos.
2025-06-16 11:23:38,038 - INFO - E-mail enviado com sucesso para ARIEL RODRIGUES (arielrodr@hotmail.com) com 4 arquivos.
2025-06-16 11:23:39,287 - INFO - E-mail enviado com sucesso para ARISON DOS SANTOS XAVIER CAMPOS (Arisonsxc@gmail.com) com 4 arquivos.
2025-06-16 11:23:39,795 - ERROR - Erro ao enviar e-mail para ARTHUR ARAUJO BOTELHO: {'nan': (501, b'5.1.3 Invalid address')}
2025-06-16 11:23:40,879 - INFO - E-mail enviado com sucesso para ARTHUR ARAUJO DE LIRA (art.dyaraujo@gmail.com) com 4 arquivos.
2025-06-16 11:23:40,887 - ERROR - Pasta não encontrada para Augusto de Oliveira Lourenço.
2025-06-16 11:23:41,994 - INFO - E-mail enviado com sucesso para BARBARA KAUANA PILGER DA SILVEIRA (babykauana@gmail.com) com 4 arquivos.
2025-06-16 11:23:43,065 - INFO - E-mail enviado com sucesso para BARBARA PEREIRA DOS SANTOS (baarbara.santos@hotmail.com) com 4 arquivos.
2025-06-16 11:23:44,231 - INFO - E-mail enviado com sucesso para BARBARA PROKOPOWISKI DOS SANTOS (babi.prokopowiski@hotmail.com) com 4 arquivos.
2025-06-16 11:23:45,462 - INFO - E-mail enviado com sucesso para BEATRIZ SCHRAMM DA SILVA (beatriz_schrammm@hotmail.com) com 4 arquivos.
2025-06-16 11:23:46,668 - INFO - E-mail enviado com sucesso para BETIELE DOS SANTOS CAETANO (beti.scaetano@gmail.com) com 4 arquivos.
2025-06-16 11:23:47,969 - INFO - E-mail enviado com sucesso para BIANCA MARQUES DA SILVA (Biancamarques2020@icloud.com) com 4 arquivos.
2025-06-16 11:23:49,058 - INFO - E-mail enviado com sucesso para BIANKA KAROLINNY BATISTA GOMES (batistabianka2@gmail.com) com 1 arquivos.
2025-06-16 11:23:50,236 - INFO - E-mail enviado com sucesso para BRAYAN LUCAS DOS SANTOS (brayansantos10@gmail.com) com 4 arquivos.
2025-06-16 11:23:51,455 - INFO - E-mail enviado com sucesso para BRENDA CAETANO DIB (Brendadibb@gmail.com) com 4 arquivos.
2025-06-16 11:23:52,766 - INFO - E-mail enviado com sucesso para BRENDA MAIANE DA SILVA LIMA (Brendamaianelima507@gmail.com) com 4 arquivos.
2025-06-16 11:23:54,143 - INFO - E-mail enviado com sucesso para BRISA NASCIMENTO DE SOUSA OLIVEIRA (novafasebrisa@gmail.com) com 4 arquivos.
2025-06-16 11:23:55,352 - INFO - E-mail enviado com sucesso para BRISA VITORIA RODRIGUES CALIXTO (novafasebrisa@gmail.com) com 4 arquivos.
2025-06-16 11:23:56,446 - INFO - E-mail enviado com sucesso para BRUNA DANIELLY ALMEIDA DOS SANTOS (brunadaniellybenacon@gmail.com) com 4 arquivos.
2025-06-16 11:23:57,687 - INFO - E-mail enviado com sucesso para BRUNO CANEDO SILVA PORTO (bruno_bnt@hotmail.com) com 4 arquivos.
2025-06-16 11:23:58,797 - INFO - E-mail enviado com sucesso para BRUNO CORREA SOARES (bruninhosoaress823@gmail.com) com 4 arquivos.
2025-06-16 11:23:59,928 - INFO - E-mail enviado com sucesso para BRUNO LUIS MILANEZ COSTA (Brunocostasw10@gmail.com) com 4 arquivos.
2025-06-16 11:24:01,046 - INFO - E-mail enviado com sucesso para BRUNO PAULI DE OLIVEIRA (bruno.pauli.10@gmail.com) com 4 arquivos.
2025-06-16 11:24:02,227 - INFO - E-mail enviado com sucesso para CAIO COUTINHO FERREIRA (caio.coutinho.ferreira@gmail.com) com 4 arquivos.
2025-06-16 11:24:03,361 - INFO - E-mail enviado com sucesso para CAIO LEMES PEREIRA BUENO (lemescaio230@gmail.com) com 4 arquivos.
2025-06-16 11:24:04,464 - INFO - E-mail enviado com sucesso para CAMILA PAULA DA CRUZ (Mila.cz@yahoo.com) com 4 arquivos.
2025-06-16 11:24:05,613 - INFO - E-mail enviado com sucesso para CAMILA RIBEIRO DOMINGUES (camilaconcurseira@hotmail.com) com 4 arquivos.
2025-06-16 11:24:07,429 - INFO - E-mail enviado com sucesso para CARLA GIANE DA SILVA (karlagiane@yahoo.com.br) com 4 arquivos.
2025-06-16 11:24:08,563 - INFO - E-mail enviado com sucesso para CARLOS ALEXANDRE MACHADO (carlo92machado@gmail.com) com 4 arquivos.
2025-06-16 11:24:09,792 - INFO - E-mail enviado com sucesso para CARLOS KLEBER MACHADO DE ALMEIDA (CARLOSKLEBER_MA@OUTLOOK.COM) com 4 arquivos.
2025-06-16 11:24:11,015 - INFO - E-mail enviado com sucesso para CARLOS RENATO DE ASSIS SOUZA DA ROCHA (renatto.assis.cgms@gmail.com) com 4 arquivos.
2025-06-16 11:24:12,130 - INFO - E-mail enviado com sucesso para CARLOS RENATO ESPINOSA ASSIS (renatto.assis.cgms@gmail.com) com 4 arquivos.
2025-06-16 11:24:13,219 - INFO - E-mail enviado com sucesso para CARLOS ROBERTO RECKERT (Carlosreckert09@gmail.com) com 4 arquivos.
2025-06-16 11:24:14,382 - INFO - E-mail enviado com sucesso para CHARLES JUNIOR ADRIANO (cjunioradriano@icloud.com) com 4 arquivos.
2025-06-16 11:24:15,545 - INFO - E-mail enviado com sucesso para CIBELE APARECIDA DE FREITAS (cibeleapfreitas@gmail.com) com 1 arquivos.
2025-06-16 11:24:16,620 - INFO - E-mail enviado com sucesso para Cibele Aparecida Freitas (cibeleapfreitas@gmail.com) com 4 arquivos.
2025-06-16 11:24:17,750 - INFO - E-mail enviado com sucesso para CIRILO DE ASSIS FERREIRA (cirilloassis@gmail.com) com 4 arquivos.
2025-06-16 11:24:19,452 - INFO - E-mail enviado com sucesso para Claudia Bittencourt levy (CLAUDIABIELY2017@GMAIL.COM) com 4 arquivos.
2025-06-16 11:24:20,733 - INFO - E-mail enviado com sucesso para CLAUDIO DIEGO CAMPOS DA SILVA (claudiodiegobroker@outlook.pt) com 4 arquivos.
2025-06-16 11:24:21,988 - INFO - E-mail enviado com sucesso para CLEMAR DE SOUZA (clemardesouza65@gmail.com) com 4 arquivos.
2025-06-16 11:24:23,003 - INFO - E-mail enviado com sucesso para CRISTIAN NATANAEL BICKEL SOARES (Cristiannatanaelbickel@gmail.com) com 4 arquivos.
2025-06-16 11:24:24,075 - INFO - E-mail enviado com sucesso para CRISTOVAO MORGAN CARVALHO SAMPAIO (cristovaomorgan4@gmail.com) com 4 arquivos.
2025-06-16 11:24:24,084 - ERROR - Pasta não encontrada para DAIANE ALVES LOURENÇO.
2025-06-16 11:24:25,190 - INFO - E-mail enviado com sucesso para DANIELA KARPSAK (danielabarthk@gmail.com) com 4 arquivos.
2025-06-16 11:24:26,332 - INFO - E-mail enviado com sucesso para Daniele Laura dos Santos Soares (danylaura7@hotmail.com) com 4 arquivos.
2025-06-16 11:24:27,491 - INFO - E-mail enviado com sucesso para DANILO CARVALHO PINTO (danyllo.carvalho2013@hotmail.com) com 4 arquivos.
2025-06-16 11:24:28,550 - INFO - E-mail enviado com sucesso para DAVI ABADE DIAS (jacquardabade@gmail.com) com 4 arquivos.
2025-06-16 11:24:29,718 - INFO - E-mail enviado com sucesso para DAVI RODRIGUES DE MORAES (eaedavimoraes@gmail.com) com 4 arquivos.
2025-06-16 11:24:30,887 - INFO - E-mail enviado com sucesso para DAYANNY ANGELA TOMAZ DE OLIVEIRA (equipedayoliveira@gmail.com) com 4 arquivos.
2025-06-16 11:24:32,044 - INFO - E-mail enviado com sucesso para DEBORA DRECHSLER DA SILVA (deboradrechsler28@gmail.com) com 4 arquivos.
2025-06-16 11:24:33,220 - INFO - E-mail enviado com sucesso para DEBORA FERREIRA RODRIGUES (deborafr777@gmail.com) com 4 arquivos.
2025-06-16 11:24:34,394 - INFO - E-mail enviado com sucesso para DEIDRY HELLIN SEVERO DOS SANTOS (hellinseverosantos@gmail.com) com 4 arquivos.
2025-06-16 11:24:35,547 - INFO - E-mail enviado com sucesso para Deize Bianca Bernardes Batista (deizebianca600@gmail.com) com 4 arquivos.
2025-06-16 11:24:36,670 - INFO - E-mail enviado com sucesso para DENER ALVES FERREIRA (dennerferreiraconsultoria@gmail.com) com 4 arquivos.
2025-06-16 11:24:37,745 - INFO - E-mail enviado com sucesso para DENZEL HENRIQUE PEREIRA FERNANDES (denzelfernandes118@gmail.com) com 4 arquivos.
2025-06-16 11:24:38,818 - INFO - E-mail enviado com sucesso para DEYBSON MORAES DOS SANTOS (deyb.agp@gmail.com) com 4 arquivos.
2025-06-16 11:24:39,879 - INFO - E-mail enviado com sucesso para DIANA DE ALMEIDA SANTOS (dianadealmeidasantos4@gmail.com) com 4 arquivos.
2025-06-16 11:24:41,026 - INFO - E-mail enviado com sucesso para Diegles Henrique da Silva Santos (dieglis89@gmail.com) com 4 arquivos.
2025-06-16 11:24:42,343 - INFO - E-mail enviado com sucesso para DIEGO MARADONA COSTA (maradonacosta7@hotmail.com) com 4 arquivos.
2025-06-16 11:24:43,521 - INFO - E-mail enviado com sucesso para DIEGO RUCKHABER PLETSCH (Diego.pletsch12@gmail.com) com 4 arquivos.
2025-06-16 11:24:44,736 - INFO - E-mail enviado com sucesso para DIIH BEZERRA DA SILVA (diih.siilwa@gmail.com) com 4 arquivos.
2025-06-16 11:24:45,898 - INFO - E-mail enviado com sucesso para DINA OLIVEIRA DE SOUZA (dinahtinha@hotmail.com) com 4 arquivos.
2025-06-16 11:24:47,132 - INFO - E-mail enviado com sucesso para DIOGO LUCAS DA SILVA GODOI (lukasdiogo9@gmail.com) com 4 arquivos.
2025-06-16 11:24:47,670 - ERROR - Erro ao enviar e-mail para DOUGLAS COELHO MARQUES: {'nan': (501, b'5.1.3 Invalid address')}
2025-06-16 11:24:49,775 - INFO - E-mail enviado com sucesso para DOUGLAS CORREIA AVILA (dougcavila@outlook.com) com 4 arquivos.
2025-06-16 11:24:50,880 - INFO - E-mail enviado com sucesso para DYEGO BORGES BORBA (krkelirech@gmail.com) com 1 arquivos.
2025-06-16 11:24:51,968 - INFO - E-mail enviado com sucesso para Ederson Mateus de Souza Macedo (mateusmacedosouza1996@gmail.com) com 4 arquivos.
2025-06-16 11:24:51,978 - ERROR - Pasta não encontrada para Edilaine Cristina de Oliveira Lourenço.
2025-06-16 11:24:53,040 - INFO - E-mail enviado com sucesso para EDSON MEIRA DA SILVA (edsonmeiradasilva@gmail.com) com 4 arquivos.
2025-06-16 11:24:54,204 - INFO - E-mail enviado com sucesso para Eduarda Carvalho Bugmaer (cduda0352@gmail.com) com 4 arquivos.
2025-06-16 11:24:55,280 - INFO - E-mail enviado com sucesso para Eduarda Faes de Brito (eduarda.faes@gmail.com) com 4 arquivos.
2025-06-16 11:24:56,475 - INFO - E-mail enviado com sucesso para EDUARDO LUIZ NERES CONTI (eduardolconti.conti@gmail.com) com 4 arquivos.
2025-06-16 11:24:57,705 - INFO - E-mail enviado com sucesso para ELAINE DO MONTE BRASIL (elaine.br.corretora@gmail.com) com 4 arquivos.
2025-06-16 11:24:58,752 - INFO - E-mail enviado com sucesso para Elcio de Almeida Leite Junior (junior_brasil@hotmail.com) com 4 arquivos.
2025-06-16 11:24:59,865 - INFO - E-mail enviado com sucesso para ELIADY CAMPOS DE SOUZA (elicamposoficial@gmail.com) com 4 arquivos.
2025-06-16 11:25:00,967 - INFO - E-mail enviado com sucesso para ELICIANA CORDEIRO MAGAVE (e.c.magave@gmail.com) com 4 arquivos.
2025-06-16 11:25:02,418 - INFO - E-mail enviado com sucesso para Eluiza Drielle Borges da Silva (driellysilva366@gmail.com) com 4 arquivos.
2025-06-16 11:25:03,742 - INFO - E-mail enviado com sucesso para EMANUEL AUGUSTO SENA SEVALHO (Emanuelssevalho@gmail.com) com 4 arquivos.
2025-06-16 11:25:04,749 - INFO - E-mail enviado com sucesso para Emerson de Nardi (EMERSONDENARDI.EDN@GMAIL.COM) com 4 arquivos.
2025-06-16 11:25:05,912 - INFO - E-mail enviado com sucesso para EMERSON DO COUTO EVANGELISTA (emersoncoutoevangelista@gmail.com) com 4 arquivos.
2025-06-16 11:25:07,425 - INFO - E-mail enviado com sucesso para EMILLY DE ALMEIDA CRUZ (emyalmdc@gmail.com) com 4 arquivos.
2025-06-16 11:25:08,518 - INFO - E-mail enviado com sucesso para ENNY LORENA SILVA (enny.lorena@laghettogolden.com.br) com 4 arquivos.
2025-06-16 11:25:08,525 - ERROR - Pasta não encontrada para ESTEFANE GONÇALVES PRADE.
2025-06-16 11:25:09,666 - INFO - E-mail enviado com sucesso para ETIANDRE ESTEILAN DA SILVA DIAS (etiandre.sd@hotmail.com) com 4 arquivos.
2025-06-16 11:25:09,675 - ERROR - Pasta não encontrada para EVANDRO JOSÉ DE LUNA FELIX.
2025-06-16 11:25:10,785 - INFO - E-mail enviado com sucesso para EVERTON CUSTODIO SILVEIRA (evertoncustodio06@gmail.com) com 4 arquivos.
2025-06-16 11:25:11,983 - INFO - E-mail enviado com sucesso para FABIO ALVES SOUSA (fbaconsultoriaimoveis@gmail.com) com 4 arquivos.
2025-06-16 11:25:13,253 - INFO - E-mail enviado com sucesso para FABIO BRANCALION DOS ANJOS (fbrancalion@hotmail.com) com 4 arquivos.
2025-06-16 11:25:14,521 - INFO - E-mail enviado com sucesso para FABIO BRANCALION DOS ANJOS LTDA (fbrancalion@hotmail.com) com 4 arquivos.
2025-06-16 11:25:15,606 - INFO - E-mail enviado com sucesso para Fabio Candido Cabreira (fabio-cabreira@hotmail.com) com 4 arquivos.
2025-06-16 11:25:16,721 - INFO - E-mail enviado com sucesso para FABIO HENRIQUE FERREIRA PINHEIRO (fabioclash35552@icloud.com) com 4 arquivos.
2025-06-16 11:25:17,978 - INFO - E-mail enviado com sucesso para FABIO HENRIQUE FRANCISCO DA SILVA (fabio807henrique@gmail.com) com 4 arquivos.
2025-06-16 11:25:19,139 - INFO - E-mail enviado com sucesso para FABIO NORIO KIMURA (fabionkimura@gmail.com) com 4 arquivos.
2025-06-16 11:25:19,147 - ERROR - Pasta não encontrada para Fabrício Nunes Heiineck.
2025-06-16 11:25:20,229 - INFO - E-mail enviado com sucesso para FATIMA SILVANA DOS SANTOS (silvanalucassantos@gmail.com) com 4 arquivos.
2025-06-16 11:25:21,615 - INFO - E-mail enviado com sucesso para FELIPE ANDRE DA SILVA (felipeasilva26@gmail.com) com 4 arquivos.
2025-06-16 11:25:22,792 - INFO - E-mail enviado com sucesso para FELIPE JOSE DE MATTOS (felipe.mattos@laghettogolden.com.br) com 4 arquivos.
2025-06-16 11:25:23,953 - INFO - E-mail enviado com sucesso para FELIPE ROCHA GAMA SOBRAL (felipelaghetto@yahoo.com) com 4 arquivos.
2025-06-16 11:25:25,058 - INFO - E-mail enviado com sucesso para FERNANDA NAKAMURA BARROS (fernandanakamura@hotmail.com) com 4 arquivos.
2025-06-16 11:25:26,087 - INFO - E-mail enviado com sucesso para FLAVIA FERNANDA CLARA FERREIRA (confeitariaflaviafernanda@gmail.com) com 4 arquivos.
2025-06-16 11:25:27,672 - INFO - E-mail enviado com sucesso para FLAVIANE DOS SANTOS PEIXOTO (peixoto.1709@gmail.com) com 4 arquivos.
2025-06-16 11:25:28,788 - INFO - E-mail enviado com sucesso para FLAVIO CALDEIRA CANDIDO JUNIOR (flaviocaldeirajr@gmail.com) com 4 arquivos.
2025-06-16 11:25:28,796 - ERROR - Pasta não encontrada para Flávio Marques Aguiar Júnior.
2025-06-16 11:25:29,920 - INFO - E-mail enviado com sucesso para FRANCIELLY DA SILVA MORAIS (francymoraiss28@gmail.com) com 4 arquivos.
2025-06-16 11:25:31,098 - INFO - E-mail enviado com sucesso para FRANCISCA JESSICA LUCAS DA SILVA (jessicasilvalucas30@gmail.com) com 1 arquivos.
2025-06-16 11:25:32,352 - INFO - E-mail enviado com sucesso para FRANCISCO HERMESON BATISTA DOS SANTOS (hermesonsantos00@gmail.com) com 4 arquivos.
2025-06-16 11:25:33,768 - INFO - E-mail enviado com sucesso para FRANCISCO YURE LOPES ALVES (franciscoyureee@gmail.com) com 4 arquivos.
2025-06-16 11:25:34,926 - INFO - E-mail enviado com sucesso para FRANK MEDEIROS RODRIGUES (frankrdrigues29@gmail.com) com 4 arquivos.
2025-06-16 11:25:36,040 - INFO - E-mail enviado com sucesso para GABRIEL CINTRA DE VASCONCELOS PEDROSA (gabrielcintrawam@gmail.com) com 4 arquivos.
2025-06-16 11:25:37,154 - INFO - E-mail enviado com sucesso para GABRIEL DE LIMA PEDONE (gabriellipe981@gmail.com) com 4 arquivos.
2025-06-16 11:25:38,160 - INFO - E-mail enviado com sucesso para GABRIEL FONTES ARSAND (Gaabriel.foontes@gmail.com) com 4 arquivos.
2025-06-16 11:25:39,220 - INFO - E-mail enviado com sucesso para Gabriel Marlon de Souza Silva Oliveira (gabrielmarlon1987@hotmail.com) com 4 arquivos.
2025-06-16 11:25:40,283 - INFO - E-mail enviado com sucesso para Gabriel Peixoto de Souza (peixotogabriel686@gmail.com) com 4 arquivos.
2025-06-16 11:25:41,362 - INFO - E-mail enviado com sucesso para GABRIELA CANHADA MORE (suporte.gabrielamota@gmail.com) com 4 arquivos.
2025-06-16 11:25:42,505 - INFO - E-mail enviado com sucesso para GABRIELA SCHMITT SCHNORR (gabriela.sschnorr@gmail.com) com 4 arquivos.
2025-06-16 11:25:43,685 - INFO - E-mail enviado com sucesso para GABRIELA SILVA SANTOS (lande1404@gmail.com) com 4 arquivos.
2025-06-16 11:25:44,748 - INFO - E-mail enviado com sucesso para GEISA KESSLER FREITAS MARTINS (geisakessler@gmail.com) com 4 arquivos.
2025-06-16 11:25:45,835 - INFO - E-mail enviado com sucesso para GERMANO LOPES DA SILVA FILHO (germanolopes2701@gmail.com) com 4 arquivos.
2025-06-16 11:25:46,962 - INFO - E-mail enviado com sucesso para GERULINO FERREIRA LIMA (Gerulinolima@gmail.com) com 4 arquivos.
2025-06-16 11:25:48,049 - INFO - E-mail enviado com sucesso para GILMARA FABRICIA DA SILVA DIAS (gilmarafabriciaaa@icloud.com) com 4 arquivos.
2025-06-16 11:25:49,155 - INFO - E-mail enviado com sucesso para Guilherme dos Santos Amaral (guilherme26santos@hotmail.com) com 4 arquivos.
2025-06-16 11:25:50,863 - INFO - E-mail enviado com sucesso para GUILHERME FOGASSA DA SILVA (guilhermefogassa@live.com) com 4 arquivos.
2025-06-16 11:25:51,969 - INFO - E-mail enviado com sucesso para GUILHERME VIEIRA SANCHES (norton.guilhermesanches@gmail.com) com 4 arquivos.
2025-06-16 11:25:51,976 - ERROR - Pasta não encontrada para Gustavo Henrique Gonçalves Soares.
2025-06-16 11:25:53,011 - INFO - E-mail enviado com sucesso para GUSTAVO HENRIQUE KLEIN PETERS (gustavohenriquepeters@gmail.com) com 4 arquivos.
2025-06-16 11:25:54,034 - INFO - E-mail enviado com sucesso para Gustavo Henrique Nery Ferreira (gustavoguilbert1996@icloud.com) com 4 arquivos.
2025-06-16 11:25:55,064 - INFO - E-mail enviado com sucesso para GUSTAVO RIBEIRO GOMES (gomes99gg@gmail.com) com 4 arquivos.
2025-06-16 11:25:56,377 - INFO - E-mail enviado com sucesso para HAEL BEVILAQUIA NOBRE (haelnobre@yahoo.com.br) com 4 arquivos.
2025-06-16 11:25:57,475 - INFO - E-mail enviado com sucesso para HEDIGRIFFITON RAMOS DA SILVA (Hedigriffitonramosdasilva@outlook.com) com 4 arquivos.
2025-06-16 11:25:58,582 - INFO - E-mail enviado com sucesso para HELDER PACHECO JUNIOR (pachecojuniorhelder@gmail.com) com 4 arquivos.
2025-06-16 11:25:59,807 - INFO - E-mail enviado com sucesso para HENRIQUE MARAFIGO PINTO (henriquemarafigopn@gmail.com) com 4 arquivos.
2025-06-16 11:26:00,886 - INFO - E-mail enviado com sucesso para HILSON CALDAS SILVA ALBUQUERQUE (Caldashilson@gmail.com) com 4 arquivos.
2025-06-16 11:26:02,161 - INFO - E-mail enviado com sucesso para HUGO MENEZES DOS SANTOS MADEIRA (hugo.msmadeira@gmail.com) com 4 arquivos.
2025-06-16 11:26:02,170 - ERROR - Pasta não encontrada para HUGO SOUZA FERRÃO NETO.
2025-06-16 11:26:03,489 - INFO - E-mail enviado com sucesso para IARA HELOISA NASCIMENTO DE ARAUJO (Iaraheloisa196@gmail.com) com 4 arquivos.
2025-06-16 11:26:04,597 - INFO - E-mail enviado com sucesso para IGOR ANTUNES BORGES (igorantunes12@hotmail.com) com 4 arquivos.
2025-06-16 11:26:05,770 - INFO - E-mail enviado com sucesso para IGOR MARTINS (igorcosta1473@gmail.com) com 4 arquivos.
2025-06-16 11:26:06,886 - INFO - E-mail enviado com sucesso para ILANA SILVA DA SILVA (ilanasilvadasilva@hotmail.com) com 4 arquivos.
2025-06-16 11:26:07,875 - INFO - E-mail enviado com sucesso para ISABELA DA SILVA MENEZES (isabelamenezes14@outlook.com) com 4 arquivos.
2025-06-16 11:26:08,947 - INFO - E-mail enviado com sucesso para ISABELA OLIVEIRA CARDOSO (isabelaolicar@gmail.com) com 4 arquivos.
2025-06-16 11:26:10,027 - INFO - E-mail enviado com sucesso para Italo Miguel Remondi (italomiguelremondi@gmail.com) com 4 arquivos.
2025-06-16 11:26:11,518 - INFO - E-mail enviado com sucesso para ITALO PINHEIRO DIAS (euitaloitalo@gmail.com) com 4 arquivos.
2025-06-16 11:26:12,583 - INFO - E-mail enviado com sucesso para Iuri Nogueira de Sousa (iurinogueira2018@gmail.com) com 4 arquivos.
2025-06-16 11:26:13,736 - INFO - E-mail enviado com sucesso para IVANILDO DANTAS DE MELO (Dantasmelo2024@gmail.com) com 1 arquivos.
2025-06-16 11:26:15,043 - INFO - E-mail enviado com sucesso para JACKELINE ESTEFANY BARROS SANTIAGO (jackyestefany@hotmail.com) com 4 arquivos.
2025-06-16 11:26:16,251 - INFO - E-mail enviado com sucesso para JACQUELINE FERREIRA LACERDA (jacquelacerda247@gmail.com) com 4 arquivos.
2025-06-16 11:26:17,512 - INFO - E-mail enviado com sucesso para Jadsom Vieira de Melo (JADINHO.GDT@GMAIL.COM) com 4 arquivos.
2025-06-16 11:26:18,683 - INFO - E-mail enviado com sucesso para JAIR JUNIOR ZIMMER DE OLIVEIRA (Jairjunior639@gmail.com) com 4 arquivos.
2025-06-16 11:26:19,822 - INFO - E-mail enviado com sucesso para JAIRO CARDOSO RODRIGUES JUNIOR (jairoiphone39@gmail.com) com 4 arquivos.
2025-06-16 11:26:20,978 - INFO - E-mail enviado com sucesso para JAIRO FRAGA DE ASSIS NETO (fragajairo318@gmail.com) com 4 arquivos.
2025-06-16 11:26:22,116 - INFO - E-mail enviado com sucesso para JEFERSON FABIO DESSBESELL (Jefersondessbesell2016@gmail.com) com 4 arquivos.
2025-06-16 11:26:23,293 - INFO - E-mail enviado com sucesso para JEFERSON LUIS SILVA LINO (jeferson.iasd@gmail.com) com 4 arquivos.
2025-06-16 11:26:24,379 - INFO - E-mail enviado com sucesso para Jeferson Matheus da Rosa Moreira (jefmrmbrown@gmail.com) com 4 arquivos.
2025-06-16 11:26:25,414 - INFO - E-mail enviado com sucesso para JEFERSON VITOR ROSA (jeferson.rosa@laghettogolden.com.br) com 4 arquivos.
2025-06-16 11:26:26,432 - INFO - E-mail enviado com sucesso para JENIFER ZIMER CARVALHAES (jeniferz.carvalhaes@gmail.com) com 4 arquivos.
2025-06-16 11:26:27,587 - INFO - E-mail enviado com sucesso para JENIFFER CAMILA DE OLIVEIRA SANTOS (jeniffercamila202@gmail.com) com 4 arquivos.
2025-06-16 11:26:28,648 - INFO - E-mail enviado com sucesso para Jessica de Lima Ribeiro (Jessylimar362@gmail.com) com 4 arquivos.
2025-06-16 11:26:29,755 - INFO - E-mail enviado com sucesso para JESSICA FERREIRA LACERDA (jessicalacer11@gmail.com) com 4 arquivos.
2025-06-16 11:26:31,115 - INFO - E-mail enviado com sucesso para JESSICA MARIA BARRETO (barreto26jessica@icloud.com) com 4 arquivos.
2025-06-16 11:26:32,271 - INFO - E-mail enviado com sucesso para Jessica Maria Eduelfa de Souza Martins (Eduelfa@hotmail.com) com 4 arquivos.
2025-06-16 11:26:33,434 - INFO - E-mail enviado com sucesso para JESSICA PEROTTO MACHADO (JEHPEROTTO@ICLOUD.COM) com 4 arquivos.
2025-06-16 11:26:33,442 - ERROR - Pasta não encontrada para JESSICA RIBEIRO LEÃO.
2025-06-16 11:26:34,569 - INFO - E-mail enviado com sucesso para JHONATA DA SILVA DE PAULO (js416275@gmail.com) com 4 arquivos.
2025-06-16 11:26:35,774 - INFO - E-mail enviado com sucesso para JOANA DARC FERREIRA DA SILVA (johannadarctcc@gmail.com) com 4 arquivos.
2025-06-16 11:26:37,161 - INFO - E-mail enviado com sucesso para JOAO MARIO DIAS SILVA (wamjoao252020@gmail.com) com 4 arquivos.
2025-06-16 11:26:38,253 - INFO - E-mail enviado com sucesso para Joao Pedro Pertile (joaopedropertile5@gmail.com) com 4 arquivos.
2025-06-16 11:26:38,263 - ERROR - Pasta não encontrada para João Victor Rodrigues dos Santos.
2025-06-16 11:26:39,283 - INFO - E-mail enviado com sucesso para JOÃO VITOR CHAGAS DE SOUZA (souzavitorjoao9955@gmail.com) com 1 arquivos.
2025-06-16 11:26:39,292 - ERROR - Pasta não encontrada para JOAQUIM WELDER GONÇALVES JATAI.
2025-06-16 11:26:40,386 - INFO - E-mail enviado com sucesso para Joatan Chaves Cantanhede (joatan.cantanhede@gmail.com) com 4 arquivos.
2025-06-16 11:26:41,559 - INFO - E-mail enviado com sucesso para JOCIEL GOMES DA SILVA (jocielcorretor@gmail.com) com 4 arquivos.
2025-06-16 11:26:42,831 - INFO - E-mail enviado com sucesso para JOEL DE SOUZA PONTE (Joel_Souzaippd@hotmail.com) com 4 arquivos.
2025-06-16 11:26:43,906 - INFO - E-mail enviado com sucesso para JOHNE DA CRUZ ALEXANDRE (johnecruz123@gmail.com) com 4 arquivos.
2025-06-16 11:26:44,946 - INFO - E-mail enviado com sucesso para JONATAS VIGO BRASIL (jonatasbrasil91@gmail.com) com 4 arquivos.
2025-06-16 11:26:46,103 - INFO - E-mail enviado com sucesso para JONATHAN DOS SANTOS PEREIRA (jonathanfxd@gmail.com) com 4 arquivos.
2025-06-16 11:26:47,265 - INFO - E-mail enviado com sucesso para JONILSON JESUS OLIVEIRA (jjofamilia@gmail.com) com 4 arquivos.
2025-06-16 11:26:48,241 - INFO - E-mail enviado com sucesso para JOSE HERALDO CONCEICAO BASTOS JUNIOR (juninhobmx50@gmail.com) com 4 arquivos.
2025-06-16 11:26:49,210 - INFO - E-mail enviado com sucesso para JOSE LUIS LOPES JUNIOR (juniorlups99@gmail.com) com 4 arquivos.
2025-06-16 11:26:50,269 - INFO - E-mail enviado com sucesso para JOSE MARTINS LEMES ALVES (juselemes@gmail.com) com 4 arquivos.
2025-06-16 11:26:51,539 - INFO - E-mail enviado com sucesso para JOSE VALDGLEI GALDINO DE SOUSA (valdglei.vs@gmail.com) com 4 arquivos.
2025-06-16 11:26:52,661 - INFO - E-mail enviado com sucesso para JOSE WELLINGTON PEREIRA DE LUCENA SANTOS (jose.wellington@laghettogolden.com.br) com 4 arquivos.
2025-06-16 11:26:53,820 - INFO - E-mail enviado com sucesso para Joseane Araujo Bras (mybrokerjoseanedean@gmail.com) com 4 arquivos.
2025-06-16 11:26:54,993 - INFO - E-mail enviado com sucesso para JOSIAS DA SILVA CLAUDINO (claudinojosias0@gmail.com) com 4 arquivos.
2025-06-16 11:26:56,402 - INFO - E-mail enviado com sucesso para JUBELINE FERNANDES DA SILVA (fjubeline@gmail.com) com 4 arquivos.
2025-06-16 11:26:56,410 - ERROR - Pasta não encontrada para JULIA BARBOSA BRAGANÇA.
2025-06-16 11:26:57,591 - INFO - E-mail enviado com sucesso para JULIA PASSOS FERREIRA NETTO (Demandaas.mp@outlook.com) com 4 arquivos.
2025-06-16 11:26:58,813 - INFO - E-mail enviado com sucesso para JULIANA LUZ DA ROSA (juliana_sbjbento@hotmail.com) com 4 arquivos.
2025-06-16 11:26:59,963 - INFO - E-mail enviado com sucesso para JULIANA MATOS ALENCAR (julianaalencar2504@gmail.com) com 4 arquivos.
2025-06-16 11:27:01,094 - INFO - E-mail enviado com sucesso para JULIANO MANFRON ARAUJO (Sugestivaturismo@outlook.com) com 4 arquivos.
2025-06-16 11:27:02,154 - INFO - E-mail enviado com sucesso para JULIO CESAR DE OLIVEIRA (djmanutencao2010@hotmail.com) com 4 arquivos.
2025-06-16 11:27:03,309 - INFO - E-mail enviado com sucesso para JULIO CESAR EMANUEL DOS SANTOS FONSECA (julio.drum201515@gmail.com) com 4 arquivos.
2025-06-16 11:27:04,465 - INFO - E-mail enviado com sucesso para JUMA MONTEIRO NUNES (julianamonteiro262728@gmail.com) com 4 arquivos.
2025-06-16 11:27:05,803 - INFO - E-mail enviado com sucesso para Kaiane Broda Pereira (Kaianebroda@gmail.com) com 4 arquivos.
2025-06-16 11:27:05,810 - ERROR - Pasta não encontrada para KAREN MENDONÇA OKUYAMA.
2025-06-16 11:27:06,898 - INFO - E-mail enviado com sucesso para KAREN RODRIGUES DE SOUZA (karen.souza992@gmail.com) com 1 arquivos.
2025-06-16 11:27:07,930 - INFO - E-mail enviado com sucesso para KAUE RODRIGO FRUTUOSO (kauerodrigofrutuoso@gmail.com) com 4 arquivos.
2025-06-16 11:27:08,928 - INFO - E-mail enviado com sucesso para KELLY SOUZA DE DEUS ANJOS (kellysouzadedeus@gmail.com) com 4 arquivos.
2025-06-16 11:27:10,002 - INFO - E-mail enviado com sucesso para Keoma Alan Broda Pereira (keomaalan28@gmail.com) com 4 arquivos.
2025-06-16 11:27:11,087 - INFO - E-mail enviado com sucesso para KEVIN MICHAEL SPIETH (KVNSPTADV@GMAIL.COM) com 4 arquivos.
2025-06-16 11:27:12,158 - INFO - E-mail enviado com sucesso para KIMBERLY CRISTINA TAVARES CORREA (kimcorrea9@gmail.com) com 4 arquivos.
2025-06-16 11:27:13,459 - INFO - E-mail enviado com sucesso para LAIS CRISTINA ALVES CAVALCANTE MILANEZ (LAISCAVALCANTE@HOTMAIL.COM) com 4 arquivos.
2025-06-16 11:27:14,758 - INFO - E-mail enviado com sucesso para LARISSA DE FREITAS NUNES (nunes.larissaf@gmail.com) com 4 arquivos.
2025-06-16 11:27:15,929 - INFO - E-mail enviado com sucesso para LARISSA DE SOUZA SILVA (Larymofi22@gmail.com) com 4 arquivos.
2025-06-16 11:27:17,063 - INFO - E-mail enviado com sucesso para LEANDRO SANTOS DA SILVA (silvaleandro250416@gmail.com) com 4 arquivos.
2025-06-16 11:27:18,329 - INFO - E-mail enviado com sucesso para LEONARDO ALVES IRBER (leonardonemetz@hotmail.com) com 4 arquivos.
2025-06-16 11:27:19,523 - INFO - E-mail enviado com sucesso para LEONARDO OLIVEIRA ALEJARRA (alejarraleonardo@gmail.com) com 4 arquivos.
2025-06-16 11:27:20,759 - INFO - E-mail enviado com sucesso para LEONARDO SOUZA DA SILVA (Leonardo_souza_gallagher@hotmail.com) com 4 arquivos.
2025-06-16 11:27:21,850 - INFO - E-mail enviado com sucesso para LETICIA BEZERRA FERREIRA (leticiaferreira13041998@gmail.com) com 4 arquivos.
2025-06-16 11:27:23,042 - INFO - E-mail enviado com sucesso para LETICIA DANIELI VILAS BOAS FERREIRA (Ferreiraleticia321@gmail.com) com 4 arquivos.
2025-06-16 11:27:24,089 - INFO - E-mail enviado com sucesso para LETICIA MARIA DE OLIVEIRA SILVA (leticiacallheiros@gmail.com) com 4 arquivos.
2025-06-16 11:27:25,060 - INFO - E-mail enviado com sucesso para LIDIA DE ARAUJO ROCHA (lidiarocha08@gmail.com) com 4 arquivos.
2025-06-16 11:27:26,043 - INFO - E-mail enviado com sucesso para LILIAN MICHELE ROSIN HAMMACHER (michelerosin@gmail.com) com 1 arquivos.
2025-06-16 11:27:27,116 - INFO - E-mail enviado com sucesso para LINDOMAR MOREIRA DA SILVA JUNIOR (lindomarjr16@gmail.com) com 4 arquivos.
2025-06-16 11:27:28,288 - INFO - E-mail enviado com sucesso para LINSMAR MACEDO DE JESUS (lismarcedocr7@gmail.com) com 1 arquivos.
2025-06-16 11:27:29,480 - INFO - E-mail enviado com sucesso para LORENZO SILVA RIBEIRO (comercial.lorenzoribeiro@gmail.com) com 4 arquivos.
2025-06-16 11:27:30,540 - INFO - E-mail enviado com sucesso para LORRANE GABRIELLE SILVA DA COSTA (lorrane.gabrielle23@icloud.com) com 4 arquivos.
2025-06-16 11:27:32,510 - INFO - E-mail enviado com sucesso para LUAN DOS SANTOS MENDES DE SOUZA (luanplayerr@gmail.com) com 4 arquivos.
2025-06-16 11:27:33,711 - INFO - E-mail enviado com sucesso para LUANA DE PAULO SILVA (analuholffer23@gmail.com) com 4 arquivos.
2025-06-16 11:27:33,719 - ERROR - Pasta não encontrada para LUCAS ALEXANDRE FERREIRA CORRÊA.
2025-06-16 11:27:35,041 - INFO - E-mail enviado com sucesso para LUCAS BARRETO VAZ (lbarretovaz@gmail.com) com 4 arquivos.
2025-06-16 11:27:36,545 - INFO - E-mail enviado com sucesso para LUCAS BARROS DOS SANTOS (contato.lucasbds29@gmail.com) com 4 arquivos.
2025-06-16 11:27:37,872 - INFO - E-mail enviado com sucesso para LUCAS DAMASCENO BARROS (ldamascenobarros@gmail.com) com 4 arquivos.
2025-06-16 11:27:39,047 - INFO - E-mail enviado com sucesso para LUCAS FAGUNDES OLIVeira VIANA (FAGUNDESOLIVEIRA10@GMAIL.COM) com 1 arquivos.
2025-06-16 11:27:40,215 - INFO - E-mail enviado com sucesso para LUCAS MATEO SOUZA ORTIZ (lortizarq@gmail.com) com 4 arquivos.
2025-06-16 11:27:41,365 - INFO - E-mail enviado com sucesso para LUCAS MATEUS DORR WEYAND (weyandlucasmateus@gmail.com) com 4 arquivos.
2025-06-16 11:27:42,550 - INFO - E-mail enviado com sucesso para LUCAS PINTO SORIANO (Lucasoriano00989@gmail.com) com 1 arquivos.
2025-06-16 11:27:43,759 - INFO - E-mail enviado com sucesso para LUCAS SOUZA DOS SANTOS (olucassouzacorretor@gmail.com) com 4 arquivos.
2025-06-16 11:27:44,841 - INFO - E-mail enviado com sucesso para LUCIANA CRIVELARI (crivelaridemelo@gmail.com) com 4 arquivos.
2025-06-16 11:27:45,932 - INFO - E-mail enviado com sucesso para LUCIANA SANTOS CRUZ MOELLER (moellerluciana@gmail.com) com 4 arquivos.
2025-06-16 11:27:47,022 - INFO - E-mail enviado com sucesso para LUDMILLA ROSA MOREIRA DE SOUZA (ludmillamor@hotmail.com) com 4 arquivos.
2025-06-16 11:27:48,167 - INFO - E-mail enviado com sucesso para Luis Gustavo Ramos da Silva (zedorah01@gmail.com) com 4 arquivos.
2025-06-16 11:27:49,262 - INFO - E-mail enviado com sucesso para LUIZ FELIPE CARVALHO MARQUES (luizfelipec947@gmail.com) com 4 arquivos.
2025-06-16 11:27:50,491 - INFO - E-mail enviado com sucesso para LUIZ FELIPE DE SOUZA FERNANDES (luiz.fernandes@laghettogolden.com.br) com 4 arquivos.
2025-06-16 11:27:51,665 - INFO - E-mail enviado com sucesso para LUIZ FELIPE SANTOS DA SILVA (luiz.silva.silva9494@gmail.com) com 4 arquivos.
2025-06-16 11:27:52,976 - INFO - E-mail enviado com sucesso para LUIZ HENRIQUE FERREIRA ANDRADE (luiz.andrade3d@gmail.com) com 4 arquivos.
2025-06-16 11:27:54,340 - INFO - E-mail enviado com sucesso para LUIZA JACQUES DA SILVA (luizajacques17@icloud.com) com 4 arquivos.
2025-06-16 11:27:55,595 - INFO - E-mail enviado com sucesso para LUMARA DE PAULA SANTOS (lumarasantos636@gmail.com) com 4 arquivos.
2025-06-16 11:27:56,894 - INFO - E-mail enviado com sucesso para Maira Catarina Evangelista Nunes (mairacatarina0@gmail.com) com 4 arquivos.
2025-06-16 11:27:58,110 - INFO - E-mail enviado com sucesso para MARCELO DE FREITAS MATHEUS (marcelo.freitas787@gmail.com) com 4 arquivos.
2025-06-16 11:27:59,406 - INFO - E-mail enviado com sucesso para MARCELO MONTEIRO FORNASIER (MARCELO_FORNASIER@HOTMAIL.COM) com 4 arquivos.
2025-06-16 11:28:00,577 - INFO - E-mail enviado com sucesso para MARCOS ANTONIO DE MEIRA DOS SANTOS LUZ (marcosantonios21223@gmail.com) com 4 arquivos.
2025-06-16 11:28:01,737 - INFO - E-mail enviado com sucesso para MARCOS DANIEL DIAS LIRIA (model.gramado@gmail.com) com 1 arquivos.
2025-06-16 11:28:02,883 - INFO - E-mail enviado com sucesso para MARCOS FERNANDES DA SILVA JUNIOR (mfsj24@gmail.com) com 4 arquivos.
2025-06-16 11:28:04,078 - INFO - E-mail enviado com sucesso para MARIA EDUARDA CAMPOS MENDES (eduardainvestiment@gmail.com) com 4 arquivos.
2025-06-16 11:28:05,116 - INFO - E-mail enviado com sucesso para MARIANA DA ROSA MAGNUS (mariana_magnus@hotmail.com) com 4 arquivos.
2025-06-16 11:28:05,123 - ERROR - Pasta não encontrada para MARILIANA GONÇALVES NEVES.
2025-06-16 11:28:06,278 - INFO - E-mail enviado com sucesso para MARIZA SOUZA DA SILVA (mariza.s.silva15@gmail.com) com 4 arquivos.
2025-06-16 11:28:07,461 - INFO - E-mail enviado com sucesso para Mateus coutinho Ferreira (mateuscoutinho505@gmail.com) com 4 arquivos.
2025-06-16 11:28:08,678 - INFO - E-mail enviado com sucesso para MATEUS SILVA DA COSTA (mateus13997270528@gmail.com) com 4 arquivos.
2025-06-16 11:28:09,781 - INFO - E-mail enviado com sucesso para MATHEUS HENRIQUE GOMES ZERLOTTINI (matheuszerlottini@outlook.com) com 4 arquivos.
2025-06-16 11:28:10,911 - INFO - E-mail enviado com sucesso para MATHEUS HENRIQUE PEREIRA FERNANDES (matheushenriquehpf@gmail.com) com 4 arquivos.
2025-06-16 11:28:12,036 - INFO - E-mail enviado com sucesso para MATHEUS MANSANO FALEIRO (MATHEUS.MANSANO@HOTMAIL.COM) com 4 arquivos.
2025-06-16 11:28:13,274 - INFO - E-mail enviado com sucesso para MAURICIO DIECKMANN MOREIRA (mauriciodm.consultoria@gmail.com) com 4 arquivos.
2025-06-16 11:28:14,358 - INFO - E-mail enviado com sucesso para MAYARA DOS SANTOS FERREIRA (mayapedagogiaporamor@gmail.com) com 4 arquivos.
2025-06-16 11:28:15,422 - INFO - E-mail enviado com sucesso para MELISSA SILVA MENDES (melissasilvamendes6@gmail.com) com 4 arquivos.
2025-06-16 11:28:15,430 - ERROR - Pasta não encontrada para MICAELLE RÍTALY SOUZA RAMOS.
2025-06-16 11:28:16,890 - INFO - E-mail enviado com sucesso para MICHELE OLIVEIRA DA SILVEIRA (michelemulti9@gmail.com) com 4 arquivos.
2025-06-16 11:28:17,956 - INFO - E-mail enviado com sucesso para Michelle Thais de Jesus Menezes (michellemenzes@gmail.com) com 4 arquivos.
2025-06-16 11:28:19,075 - INFO - E-mail enviado com sucesso para MIKAEL CARDOSO DE MESQUITA (mikaeldocavaco@gmail.com) com 4 arquivos.
2025-06-16 11:28:20,272 - INFO - E-mail enviado com sucesso para MILENE SILVA DE PAULO (depaulomilenesilva@gmail.com) com 4 arquivos.
2025-06-16 11:28:21,420 - INFO - E-mail enviado com sucesso para MIQUEAS RAFAEL PEREIRA MARTINHO (Miqueas.rafael@outlook.com) com 4 arquivos.
2025-06-16 11:28:22,522 - INFO - E-mail enviado com sucesso para MIRIELY SILVA SANTOS (Miriellysilva@hotmail.com) com 4 arquivos.
2025-06-16 11:28:23,621 - INFO - E-mail enviado com sucesso para MOISES DE MIRANDA LIMA (mirandalimafilho@gmail.com) com 4 arquivos.
2025-06-16 11:28:24,745 - INFO - E-mail enviado com sucesso para MONIQUE MARGARIDA FREITAS BENJAMIM (Moniquemargarida28@gmail.com) com 4 arquivos.
2025-06-16 11:28:25,775 - INFO - E-mail enviado com sucesso para MUNIELEN BARBOSA FERNANDES (munifernandes31@outlook.com) com 4 arquivos.
2025-06-16 11:28:26,837 - INFO - E-mail enviado com sucesso para MYRELA MAKELY SCHNEIDER (schneidermyrela@gmail.com) com 4 arquivos.
2025-06-16 11:28:28,217 - INFO - E-mail enviado com sucesso para NAELI REIS DO NASCIMENTO (naelireis515@gmail.com) com 4 arquivos.
2025-06-16 11:28:29,259 - INFO - E-mail enviado com sucesso para NAIARA GARCIA DOS SANTOS (NAIARA20GARCIAS@GMAIL.COM) com 4 arquivos.
2025-06-16 11:28:30,286 - INFO - E-mail enviado com sucesso para NATALIA FRANCISCA SANTOS ALVES (lilliedesfeldes@gmail.com) com 4 arquivos.
2025-06-16 11:28:31,399 - INFO - E-mail enviado com sucesso para NEDILSON LUIZ DOS SANTOS JUNIOR (nedilson.minhorezenha@gmail.com) com 4 arquivos.
2025-06-16 11:28:32,565 - INFO - E-mail enviado com sucesso para NEIMARY STEFANY AVILA PINTO (neyavilad0513@gmail.com) com 4 arquivos.
2025-06-16 11:28:32,573 - ERROR - Pasta não encontrada para NELSON LOURENÇO DA SILVA JUNIOR.
2025-06-16 11:28:33,782 - INFO - E-mail enviado com sucesso para NEUSELIA FERREIRA LIMA RIBEIRO (Neuselia.ferreira@hotmail.com) com 4 arquivos.
2025-06-16 11:28:33,790 - ERROR - Pasta não encontrada para NUBIA GONÇALVES DE MELO.
2025-06-16 11:28:34,960 - INFO - E-mail enviado com sucesso para OBERDAN CARVALHO DE AZEVEDO (oberdancarvalhoazevedo@gmail.com) com 4 arquivos.
2025-06-16 11:28:36,200 - INFO - E-mail enviado com sucesso para PABLO MARINHO REIS (Pablochn@live.com) com 4 arquivos.
2025-06-16 11:28:37,383 - INFO - E-mail enviado com sucesso para PAMELA THAIS FONSECA MIRANDA (pamela1005@icloud.com) com 4 arquivos.
2025-06-16 11:28:38,603 - INFO - E-mail enviado com sucesso para PATRICIA LUCIANA DE ALMEIDA SANTOS (Isabellepaty07@gmail.com) com 4 arquivos.
2025-06-16 11:28:40,403 - INFO - E-mail enviado com sucesso para PATRICK NUNES (patrickwork01@hotmail.com) com 4 arquivos.
2025-06-16 11:28:41,571 - INFO - E-mail enviado com sucesso para PAULA NATIELE DE SOUZA DOS REIS (pnsr3107@hotmail.com) com 1 arquivos.
2025-06-16 11:28:42,673 - INFO - E-mail enviado com sucesso para PAULO CRISTIANO ALVES (paulo.cristianoalves@gmail.com) com 4 arquivos.
2025-06-16 11:28:43,848 - INFO - E-mail enviado com sucesso para PAULO EMANUEL DOS SANTOS BARNABE TEIXEIRA (paulo.emanuel.008@gmail.com) com 4 arquivos.
2025-06-16 11:28:44,812 - INFO - E-mail enviado com sucesso para Pedro Henrique Martins Tavares (pedrohmt.ph@gmail.com) com 4 arquivos.
2025-06-16 11:28:45,868 - INFO - E-mail enviado com sucesso para PEDRO IVO CARVALHO DOS SANTOS (IVOOFICIALL@GMAIL.COM) com 4 arquivos.
2025-06-16 11:28:46,949 - INFO - E-mail enviado com sucesso para PRISCILA DA ROSA NOBRE (nprisciladarosa@gmail.com) com 4 arquivos.
2025-06-16 11:28:48,097 - INFO - E-mail enviado com sucesso para RAABE DE ALMEIDA CRUZ (Raabe.almeidaacruz@gmail.com) com 4 arquivos.
2025-06-16 11:28:49,292 - INFO - E-mail enviado com sucesso para RAFAEL COLOMBO MENDES (rm.gramado@gmail.com) com 4 arquivos.
2025-06-16 11:28:50,410 - INFO - E-mail enviado com sucesso para RAFAELA KALIANDRA PILGER DA SILVEIRA (rafaksilveira04@gmail.com) com 4 arquivos.
2025-06-16 11:28:51,561 - INFO - E-mail enviado com sucesso para RAFAELA SOUZA CARLOS (rafaquieto@gmail.com) com 4 arquivos.
2025-06-16 11:28:53,007 - INFO - E-mail enviado com sucesso para RAILDA JOSEFA CHAVES SOUSA (raildachaves21@gmail.com) com 4 arquivos.
2025-06-16 11:28:54,214 - INFO - E-mail enviado com sucesso para RAUL CARLOS HENRRIQUE FERREIRA AMORIM ANTONY (henrique07antony@gmail.com) com 1 arquivos.
2025-06-16 11:28:55,727 - INFO - E-mail enviado com sucesso para RAYLENE MARIA RODRIGUES HONORIO (rraylene165@gmail.com) com 4 arquivos.
2025-06-16 11:28:56,914 - INFO - E-mail enviado com sucesso para Rebeka Cossito de Amorim Laport (rebeka.cossito_@hotmail.com) com 4 arquivos.
2025-06-16 11:28:57,994 - INFO - E-mail enviado com sucesso para RENATO DE SOUZA ROCHA (rsrconsultoriaevenda@gmail.com) com 4 arquivos.
2025-06-16 11:28:59,033 - INFO - E-mail enviado com sucesso para RENATO LIMA DOS SANTOS (renatolimasantos2017@gmail.com) com 4 arquivos.
2025-06-16 11:29:00,181 - INFO - E-mail enviado com sucesso para RICARDO ANDRE DE ASSIS (ricardo.assis.adm@gmail.com) com 4 arquivos.
2025-06-16 11:29:01,246 - INFO - E-mail enviado com sucesso para Richard Eduard de Souza Schell (richardespecialistaemimoveis@gmail.com) com 4 arquivos.
2025-06-16 11:29:02,373 - INFO - E-mail enviado com sucesso para ROBERTA TAINARA RIBEIRO DE SOUZA (comercialrobertaribeiro@gmail.com) com 4 arquivos.
2025-06-16 11:29:03,400 - INFO - E-mail enviado com sucesso para ROBSON MERODIO BONFIM (robsonmerodio@gmail.com) com 4 arquivos.
2025-06-16 11:29:04,492 - INFO - E-mail enviado com sucesso para Rodrigo Eduardo Pereira Junior (rodrigoeduardojr18@gmail.com) com 4 arquivos.
2025-06-16 11:29:05,613 - INFO - E-mail enviado com sucesso para Rodrigo Filter de Oliveira (rodrigomanofilter@outlook.com) com 4 arquivos.
2025-06-16 11:29:06,684 - INFO - E-mail enviado com sucesso para RODRIGO PIMEL (rodrigopimel83@gmail.com) com 4 arquivos.
2025-06-16 11:29:07,835 - INFO - E-mail enviado com sucesso para ROGER ANDRE VIGO ALVES (rogervigoconsultoria@gmail.com) com 4 arquivos.
2025-06-16 11:29:08,927 - INFO - E-mail enviado com sucesso para ROSALVA SILVA PATROCINIO (rosaspatrocinio@hotmail.com) com 4 arquivos.
2025-06-16 11:29:10,087 - INFO - E-mail enviado com sucesso para RUDINEI RODRIGUES DE OLIVEIRA (rudineirodrigues.o@gmail.com) com 4 arquivos.
2025-06-16 11:29:11,244 - INFO - E-mail enviado com sucesso para RUTEMBERG CORREIA MIRANDA NASCIMENTO (berg.turismo@outlook.com) com 4 arquivos.
2025-06-16 11:29:12,441 - INFO - E-mail enviado com sucesso para SABRINA ARAUJO DE ALMEIDA (sabrina_araujoalmeida@hotmail.com) com 4 arquivos.
2025-06-16 11:29:13,509 - INFO - E-mail enviado com sucesso para SAMUEL DE ALMEIDA (samuel1618almeida@gmail.com) com 4 arquivos.
2025-06-16 11:29:14,625 - INFO - E-mail enviado com sucesso para SAMY DOS SANTOS SILVA (braasil33@gmail.com) com 4 arquivos.
2025-06-16 11:29:15,853 - INFO - E-mail enviado com sucesso para SANABIO PEREIRA SCHUMACHER (sanabiodb@gmail.com) com 4 arquivos.
2025-06-16 11:29:16,885 - INFO - E-mail enviado com sucesso para SANDRO BRUNO COSTA GARCIA (bcmadara777@gmail.com) com 4 arquivos.
2025-06-16 11:29:17,899 - INFO - E-mail enviado com sucesso para SANGELA CRISTINA ARRUDA LIMA MORAIS (scalmimobiliario@gmail.com) com 4 arquivos.
2025-06-16 11:29:17,906 - ERROR - Pasta não encontrada para SARA SIMÃO BARBOSA DA SILVA.
2025-06-16 11:29:18,875 - INFO - E-mail enviado com sucesso para SHAISTER THAUANNE DOS SANTOS RIBAS DA SILVA (thauanneribas@gmail.com) com 4 arquivos.
2025-06-16 11:29:19,825 - INFO - E-mail enviado com sucesso para SHELLEY RHILLIA DE SOUZA OLIVEIRA (rhillya8.27@icloud.com) com 4 arquivos.
2025-06-16 11:29:20,938 - INFO - E-mail enviado com sucesso para STEFANE ALVES CASTRO (stefanecasttro@gmail.com) com 4 arquivos.
2025-06-16 11:29:22,120 - INFO - E-mail enviado com sucesso para STEFANE COSTA DE OLIVEIRA (stefanecosta609@gmail.com) com 4 arquivos.
2025-06-16 11:29:23,134 - INFO - E-mail enviado com sucesso para STEFANI VITORIA FERREIRA (stefaniferreira.sf.sf@gmail.com) com 4 arquivos.
2025-06-16 11:29:24,248 - INFO - E-mail enviado com sucesso para SUELLEN DA SILVA RIBEIRO (sellyribeiro7@gmail.com) com 4 arquivos.
2025-06-16 11:29:25,628 - INFO - E-mail enviado com sucesso para SUYANNE CHRISTINNE MARQUES LIMA (sussumlima@gmail.com) com 4 arquivos.
2025-06-16 11:29:26,796 - INFO - E-mail enviado com sucesso para SUZILEIA LUCAS VIANA WATTAGE (suzileiaviana@gmail.com) com 4 arquivos.
2025-06-16 11:29:27,888 - INFO - E-mail enviado com sucesso para TAIS ZULMIRA HIPOLITO (zulmirahipolito@gmail.com) com 4 arquivos.
2025-06-16 11:29:29,116 - INFO - E-mail enviado com sucesso para TAMY AIRTON MUELLER (eusootamy@gmail.com) com 4 arquivos.
2025-06-16 11:29:30,344 - INFO - E-mail enviado com sucesso para TANNYA SELENE MIERES DOMINGUEZ (Tannya381@gmail.com) com 4 arquivos.
2025-06-16 11:29:31,469 - INFO - E-mail enviado com sucesso para Tatiane Braga Medeiros (tatibmedeiros@gmail.com) com 4 arquivos.
2025-06-16 11:29:32,666 - INFO - E-mail enviado com sucesso para Tauane Aparecida Postiglioni Flavio (tauanipostiglioni6@gmail.com) com 4 arquivos.
2025-06-16 11:29:33,837 - INFO - E-mail enviado com sucesso para TEILLOR DIOVANE DE JESUS BONN (teilor__bonn@hotmail.com) com 4 arquivos.
2025-06-16 11:29:33,844 - ERROR - Pasta não encontrada para THAIS GONÇALVES DA SILVA.
2025-06-16 11:29:33,853 - ERROR - Pasta não encontrada para THAÍS KAPPAUN THEOBALD SERRA.
2025-06-16 11:29:35,034 - INFO - E-mail enviado com sucesso para THALLYS JEFFERSON DE PAIVA OLIVEIRA (thallyspaiva22@gmail.com) com 4 arquivos.
2025-06-16 11:29:36,139 - INFO - E-mail enviado com sucesso para THAYS CHRISTINNE TAVARES DE BRITO (thachris27@gmail.com) com 4 arquivos.
2025-06-16 11:29:37,175 - INFO - E-mail enviado com sucesso para THIAGO FERREIRA DA SILVA (18ferreirathiago12@gmail.com) com 1 arquivos.
2025-06-16 11:29:38,318 - INFO - E-mail enviado com sucesso para THIAGO OLIVEIRA DOS SANTOS (oliveirathiago351@gmail.com) com 4 arquivos.
2025-06-16 11:29:39,494 - INFO - E-mail enviado com sucesso para THIAGO ROGEL COSTA SOUZA (thiago_costa1992@yahoo.com) com 4 arquivos.
2025-06-16 11:29:40,823 - INFO - E-mail enviado com sucesso para THIAGO TADEU PACHECO JUNQUEIRA (thiagotadeu071287@yahoo.com) com 4 arquivos.
2025-06-16 11:29:42,072 - INFO - E-mail enviado com sucesso para Tiago Pires Biavatti (thiagobiavatti0909@gmail.com) com 4 arquivos.
2025-06-16 11:29:43,214 - INFO - E-mail enviado com sucesso para TOVAR ALFF DOS SANTOS (alffsantos7@gmail.com) com 4 arquivos.
2025-06-16 11:29:44,396 - INFO - E-mail enviado com sucesso para VANESSA DEON FERREIRA (vanessadeon.corretora@gmail.com) com 4 arquivos.
2025-06-16 11:29:45,426 - INFO - E-mail enviado com sucesso para VANESSA GRACYELLY MENDES DE SOUZA GODOY (nessagsouza@gmail.com) com 4 arquivos.
2025-06-16 11:29:46,621 - INFO - E-mail enviado com sucesso para VANKLEY SALES DE MOURA (vankleysalles@gmail.com) com 4 arquivos.
2025-06-16 11:29:47,805 - INFO - E-mail enviado com sucesso para VICTOR MENEZES DOS SANTOS SILVA (victormenezes.w1@gmail.com) com 4 arquivos.
2025-06-16 11:29:49,044 - INFO - E-mail enviado com sucesso para VICTOR OTAVIO GUERREIRO BRUNELLI (victor.brunelli30@gmail.com) com 4 arquivos.
2025-06-16 11:29:50,135 - INFO - E-mail enviado com sucesso para Victoria Regina Silva de Moura (victoriamouraa@icloud.com) com 4 arquivos.
2025-06-16 11:29:51,669 - INFO - E-mail enviado com sucesso para VINICIUS ANGELI REIS (vinireis1226@gmail.com) com 4 arquivos.
2025-06-16 11:29:52,755 - INFO - E-mail enviado com sucesso para VINICIUS LIPPO SILIPRANDI (viniciuslippo@gmail.com) com 4 arquivos.
2025-06-16 11:29:53,863 - INFO - E-mail enviado com sucesso para VITORIA ESTER KETLEN SANTOS ALVES (vitoriaesterk@gmail.com) com 4 arquivos.
2025-06-16 11:30:00,916 - INFO - E-mail enviado com sucesso para WEBERTH DE MEDEIROS NASCENTE (Weberthcaete15@gmail.com) com 4 arquivos.
2025-06-16 11:30:07,627 - INFO - E-mail enviado com sucesso para WELLINGTON PATRYCK DE JESUS DA SILVA (wellington.zonasul@yahoo.com) com 4 arquivos.
2025-06-16 11:30:13,813 - INFO - E-mail enviado com sucesso para WELLITON CARLOS LOEBLEIN (cwelliton25@gmail.com) com 4 arquivos.
2025-06-16 11:30:21,437 - INFO - E-mail enviado com sucesso para WERBEM JARDIM MENESES (werbem.40@gmail.com) com 4 arquivos.
2025-06-16 11:30:22,770 - INFO - E-mail enviado com sucesso para WESLEY ASSIS DOS SANTOS (wesleyassis320@gmail.com) com 4 arquivos.
2025-06-16 11:30:24,596 - INFO - E-mail enviado com sucesso para WESLEY MAIA CARDOSO (wesleymaiacardoso@gmail.com) com 4 arquivos.
2025-06-16 11:30:26,863 - INFO - E-mail enviado com sucesso para WILSON PORTO MARIA FILHO (wilsonmaia.adm@gmail.com) com 1 arquivos.
2025-06-16 11:30:29,007 - INFO - E-mail enviado com sucesso para YARA APARECIDA BURIN EMERICH (yaraemerich1@gmail.com) com 4 arquivos.
2025-06-16 11:30:30,110 - INFO - E-mail enviado com sucesso para FRANCISCO HERMESON BATISTA DOS SANTOS 60696977311 (hermesonsantos00@gmail.com) com 4 arquivos.
2025-06-16 11:30:31,266 - INFO - E-mail enviado com sucesso para LEONARDO VICTOR  MACHADO DE MEDEIROS (leonardovictor765@gmail.com) com 4 arquivos.
2025-06-16 11:30:32,523 - INFO - E-mail enviado com sucesso para LUCAS DOS SANTOS SOUSA (lucas.sousa310800@hotmail.com) com 4 arquivos.
2025-06-16 11:30:33,830 - INFO - E-mail enviado com sucesso para ZILDA ALEXSANDRA SEVERINO MARQUES (alexsandra.marquex@gmail.com) com 4 arquivos.
2025-06-16 12:44:37,488 - INFO - E-mail enviado com sucesso para SARA SIMAO BARBOSA DA SILVA (ti2@laghettomultipropriedade.com.br) com 4 arquivos.
2025-06-16 12:45:35,732 - INFO - E-mail enviado com sucesso para SARA SIMAO BARBOSA DA SILVA (sarasimao1994@gmail.com) com 4 arquivos.
2025-06-16 12:46:46,431 - INFO - E-mail enviado com sucesso para HUGO SOUZA FERRAO NETO (hugoferraoneto@gmail.com) com 4 arquivos.
2025-06-16 12:48:11,488 - INFO - E-mail enviado com sucesso para Alyson Henrrique Silva Simao (alysonceara2019@gmail.com) com 4 arquivos.
2025-06-16 12:48:33,000 - INFO - E-mail enviado com sucesso para Joao Victor Rodrigues dos Santos (Jrodriguesdossantos593@gmail.com) com 4 arquivos.
2025-06-16 12:49:01,829 - ERROR - Pasta não encontrada para Flavio Marques Aguiar Júnior.
2025-06-16 12:49:24,954 - INFO - E-mail enviado com sucesso para Flavio Marques Aguiar Junior (eujunnior21@gmail.com) com 4 arquivos.
2025-06-16 12:50:42,555 - INFO - E-mail enviado com sucesso para FABRICIO NUNES HEIINECK (fabricionunesheineck@gmail.com) com 4 arquivos.
2025-06-16 13:37:48,572 - INFO - E-mail enviado com sucesso para ESTEFANE GONCALVES PRADE (estefaneprade456@gmail.com) com 4 arquivos.
2025-06-16 13:38:15,546 - INFO - E-mail enviado com sucesso para Augusto de Oliveira Lourenco (lourencoaugusto134@gmail.com) com 4 arquivos.
2025-06-16 13:38:38,927 - INFO - E-mail enviado com sucesso para Edilaine Cristina de Oliveira Lourenco (edilainelourenco2010@hotmail.com) com 4 arquivos.
2025-06-16 13:39:09,769 - INFO - E-mail enviado com sucesso para Gustavo Henrique Goncalves Soares (guhmu@hotmail.com) com 4 arquivos.
2025-06-16 13:39:54,389 - INFO - E-mail enviado com sucesso para ALANDERSON JESSE DA SILVA GALVAO (alanderson0809@gmail.com) com 4 arquivos.
2025-06-16 13:43:20,955 - ERROR - Pasta não encontrada para ALLAN KARDEC DA SILVA SIMAO.
2025-06-16 13:45:05,947 - INFO - E-mail enviado com sucesso para ALLAN KARDEC DA SILVA SIMAO (allankardecs74@gmail.com) com 1 arquivos.
2025-06-16 13:50:10,766 - INFO - E-mail enviado com sucesso para ANAA PATRICK JARDIM (anaampatrik456@gmail.com) com 4 arquivos.
2025-06-16 13:50:53,507 - INFO - E-mail enviado com sucesso para JESSICA RIBEIRO LEAO (jessicarleao1@outlook.com) com 4 arquivos.
2025-06-16 13:51:26,046 - ERROR - Credor JOÃO BATISTA MENDES JUNIOR não possui histórico PGC registrado.
2025-06-16 13:53:12,439 - ERROR - Credor JOAO BATISTA MENDES JUNIOR não possui e-mail cadastrado.
2025-06-16 13:56:57,855 - INFO - E-mail enviado com sucesso para JOAO BATISTA MENDES JUNIOR (juniorverdao95@gmail.com) com 1 arquivos.
2025-06-16 13:59:39,500 - INFO - E-mail enviado com sucesso para JOAO VITOR CHAGAS DE SOUZA (souzavitorjoao9955@gmail.com) com 1 arquivos.
2025-06-16 14:02:25,783 - INFO - E-mail enviado com sucesso para RAFAEL MARIO FELICIO (rafaelmariofelicio@gmail.com.br) com 1 arquivos.
2025-06-16 14:03:53,354 - INFO - E-mail enviado com sucesso para EVANDRO JOSE DE LUNA FELIX (evandrojosedelunafelix@gmail.com) com 4 arquivos.
2025-06-16 14:04:54,605 - INFO - E-mail enviado com sucesso para MICAELLE RITALY SOUZA RAMOS (micaelleritaly1703@gmail.com) com 4 arquivos.
2025-06-16 14:05:28,039 - INFO - E-mail enviado com sucesso para THAIS KAPPAUN THEOBALD SERRA (thais.kappaun@hotmail.com) com 4 arquivos.
2025-06-16 14:07:37,851 - INFO - E-mail enviado com sucesso para ALEX SANDRO DA ROSA OLIVEIRA (alexsandrorosa076@gmail.com) com 4 arquivos.
2025-06-16 14:14:08,191 - INFO - E-mail enviado com sucesso para CAMILA PAULA DA CRUZ (mila.cz@yahoo.com) com 4 arquivos.
2025-06-16 14:21:06,469 - INFO - E-mail enviado com sucesso para BIANCA MARQUES DA SILVA (biancamarques2020@icloud.com) com 4 arquivos.
2025-06-16 14:27:35,570 - INFO - E-mail enviado com sucesso para CARLOS KLEBER MACHADO DE ALMEIDA (carloskleber_ma@outlook.com) com 4 arquivos.
2025-06-16 14:29:48,507 - INFO - E-mail enviado com sucesso para DAIANE ALVES LOURENCO (daianealveslourenco74@gmail.com) com 4 arquivos.
2025-06-16 14:41:17,675 - INFO - E-mail enviado com sucesso para JOAQUIM WELDER GONCALVES JATAI (wolftuf@gmail.com) com 4 arquivos.
2025-06-16 14:42:00,629 - INFO - E-mail enviado com sucesso para JULIA BARBOSA BRAGANCA (juliabarbosab22@gmail.com) com 4 arquivos.
2025-06-16 14:42:41,905 - INFO - E-mail enviado com sucesso para KAREN MENDONCA OKUYAMA (Karen.okuyama@hotmail.com) com 4 arquivos.
2025-06-16 14:43:09,494 - INFO - E-mail enviado com sucesso para MARILIANA GONCALVES NEVES (mariliana.gneves@gmail.com) com 4 arquivos.
2025-06-16 14:43:38,227 - INFO - E-mail enviado com sucesso para NELSON LOURENCO DA SILVA JUNIOR (SKYLINELOUREN@OUTLOOK.COM) com 4 arquivos.
2025-06-16 14:44:34,099 - INFO - E-mail enviado com sucesso para NUBIA GONCALVES DE MELO (nubiamelogoncalves@gmail.com) com 4 arquivos.
2025-06-16 14:45:14,382 - INFO - E-mail enviado com sucesso para THAIS GONCALVES DA SILVA (thais.gvess@gmail.com) com 4 arquivos.
2025-06-16 15:09:52,473 - INFO - E-mail enviado com sucesso para NELSON LOURENCO DA SILVA JUNIOR (ti2@laghettomultipropriedade.com.br) com 4 arquivos.
2025-06-16 15:25:48,743 - INFO - E-mail enviado com sucesso para DAIANE ALVES LOURENCO (ti2@laghettomultipropriedade.com.br) com 4 arquivos.
2025-06-16 15:31:20,771 - INFO - E-mail enviado com sucesso para DAIANE ALVES LOURENCO (daianealveslourenco74@gmail.com) com 4 arquivos.
2025-06-16 15:31:30,193 - INFO - E-mail enviado com sucesso para ESTEFANE GONCALVES PRADE (estefaneprade456@gmail.com) com 4 arquivos.
2025-06-16 15:34:03,677 - INFO - E-mail enviado com sucesso para Flavio Marques Aguiar Junior (eujunnior21@gmail.com) com 4 arquivos.
2025-06-16 15:34:38,855 - INFO - E-mail enviado com sucesso para HUGO SOUZA FERRAO NETO (hugoferraoneto@gmail.com) com 4 arquivos.
2025-06-16 15:35:02,688 - INFO - E-mail enviado com sucesso para Alyson Henrrique Silva Simao (alysonceara2019@gmail.com) com 4 arquivos.
2025-06-16 15:35:45,223 - INFO - E-mail enviado com sucesso para ANAA PATRICK JARDIM (anaampatrik456@gmail.com) com 4 arquivos.
2025-06-16 15:36:10,351 - INFO - E-mail enviado com sucesso para ALLAN KARDEC DA SILVA SIMAO (allankardecs74@gmail.com) com 1 arquivos.
2025-06-16 15:36:41,282 - INFO - E-mail enviado com sucesso para JOAO VITOR CHAGAS DE SOUZA (souzavitorjoao9955@gmail.com) com 1 arquivos.
2025-06-16 16:17:40,775 - INFO - [MÍNIMO] Extração por título foi bem-sucedida.
2025-06-16 16:17:40,776 - WARNING - [MÍNIMO] Falha na extração por título: Coluna semelhante a "credor" não encontrada.
2025-06-16 16:17:40,776 - INFO - [MÍNIMO] Tentando extração por posição fixa.
2025-06-16 16:37:22,970 - INFO - E-mail enviado com sucesso para GABRIEL FERNANDO ALMEIDA BARROFALDI (ti2@laghettomultipropriedade.com.br) com 4 arquivos.
2025-06-16 16:39:30,627 - INFO - E-mail enviado com sucesso para GABRIEL FERNANDO ALMEIDA BARROFALDI (gabrielbarrofaldi@gmail.com) com 4 arquivos.
2025-06-16 17:03:11,224 - INFO - [MÍNIMO] Extração por título foi bem-sucedida.
2025-06-16 17:03:11,224 - WARNING - [MÍNIMO] Falha na extração por título: Coluna semelhante a "credor" não encontrada.
2025-06-16 17:03:11,225 - INFO - [MÍNIMO] Tentando extração por posição fixa.
2025-06-16 17:11:49,802 - ERROR - [MÍNIMO] Falha também na extração por posição fixa: Nenhuma linha válida encontrada na aba de mínimos.
2025-06-16 18:32:43,973 - ERROR - Credor MELISSA GROSS DE OLIVEIRA não possui histórico PGC registrado.
2025-06-16 19:28:23,565 - INFO - E-mail enviado com sucesso para LUCAS ALEXANDRE FERREIRA CORREA (lucasale2801@gmail.com) com 4 arquivos.
2025-06-16 20:40:53,697 - ERROR - Credor BRUNO SOUSA SOARES não possui histórico PGC registrado.
2025-07-13 20:49:45,858 - INFO - [MÍNIMO] Extração por título foi bem-sucedida.
2025-07-13 20:49:45,859 - WARNING - [MÍNIMO] Falha na extração por título: Coluna semelhante a "credor" não encontrada.
2025-07-13 20:49:45,859 - INFO - [MÍNIMO] Tentando extração por posição fixa.
2025-07-13 21:08:43,963 - ERROR - [MÍNIMO] Falha também na extração por posição fixa: Nenhuma linha válida encontrada na aba de mínimos.
2025-07-13 22:05:20,530 - INFO - [MÍNIMO] Extração por título foi bem-sucedida.
2025-07-13 22:05:20,530 - WARNING - [MÍNIMO] Falha na extração por título: Coluna semelhante a "credor" não encontrada.
2025-07-13 22:05:20,531 - INFO - [MÍNIMO] Tentando extração por posição fixa.
2025-07-13 22:26:33,967 - ERROR - [MÍNIMO] Falha também na extração por posição fixa: Nenhuma linha válida encontrada na aba de mínimos.
2025-07-13 22:46:18,270 - INFO - [MÍNIMO] Extração por título foi bem-sucedida.
2025-07-13 22:46:18,271 - WARNING - [MÍNIMO] Falha na extração por título: Coluna semelhante a "credor" não encontrada.
2025-07-13 22:46:18,271 - INFO - [MÍNIMO] Tentando extração por posição fixa.
2025-07-13 23:07:10,164 - ERROR - [MÍNIMO] Falha também na extração por posição fixa: Nenhuma linha válida encontrada na aba de mínimos.
2025-07-13 23:14:53,471 - INFO - [MÍNIMO] Extração por título foi bem-sucedida.
2025-07-13 23:14:53,471 - WARNING - [MÍNIMO] Falha na extração por título: Coluna semelhante a "credor" não encontrada.
2025-07-13 23:14:53,472 - INFO - [MÍNIMO] Tentando extração por posição fixa.
2025-07-14 11:50:20,799 - INFO - E-mail enviado com sucesso para ALEX MISSEL LUMERTZ (ti2@laghettomultipropriedade.com.br) com 4 arquivos.
2025-07-14 11:50:35,681 - INFO - E-mail enviado com sucesso para FABRICIO PEREIRA PINHEIRO (ti2@laghettomultipropriedade.com.br) com 1 arquivos.
2025-07-14 13:07:49,720 - INFO - E-mail enviado com sucesso para ANUSKA TUYLLA DO NASCIMENTO SILVA (ti2@laghettomultipropriedade.com.br) com 4 arquivos.
2025-07-14 13:41:26,769 - INFO - E-mail enviado com sucesso para LORRANE GABRIELLE SILVA DA COSTA (ti2@laghettomultipropriedade.com.br) com 4 arquivos.
2025-07-14 15:12:11,497 - INFO - E-mail enviado com sucesso para ANUSKA TUYLLA DO NASCIMENTO SILVA (ti2@laghettomultipropriedade.com.br) com 4 arquivos.
2025-07-14 17:11:35,319 - INFO - E-mail enviado com sucesso para ACY RUI SILVA NASCIMENTO FILHO (ruicontrabaixo@gmail.com) com 4 arquivos.
2025-07-14 17:11:36,296 - INFO - E-mail enviado com sucesso para Adriele Cristina dos Santos Dias (adrielecristina3009@gmail.com) com 4 arquivos.
2025-07-14 17:11:37,357 - INFO - E-mail enviado com sucesso para ADRIENES ATHYLAS DE LIMA (athylaslima@gmail.com) com 4 arquivos.
2025-07-14 17:11:38,298 - INFO - E-mail enviado com sucesso para Alan de Lima Ribeiro (alanbps17@gmail.com) com 4 arquivos.
2025-07-14 17:11:39,200 - INFO - E-mail enviado com sucesso para ALANDERSON JESSE DA SILVA GALVAO (alanderson0809@gmail.com) com 4 arquivos.
2025-07-14 17:11:40,079 - INFO - E-mail enviado com sucesso para ALDENIR JUNIOR GOIS DE ALMEIDA (aldenirjr2010@gmail.com) com 4 arquivos.
2025-07-14 17:11:41,213 - INFO - E-mail enviado com sucesso para ALESSANDRO WILLAMI DE SOUSA (aleasandrowillamidesousa908@gmail.com) com 4 arquivos.
2025-07-14 17:11:42,171 - INFO - E-mail enviado com sucesso para ALEX MISSEL LUMERTZ (alexlumertzz10@gmail.com) com 4 arquivos.
2025-07-14 17:11:43,006 - INFO - E-mail enviado com sucesso para ALEX SANDRO DA ROSA OLIVEIRA (alexsandrorosa076@gmail.com) com 4 arquivos.
2025-07-14 17:11:43,802 - INFO - E-mail enviado com sucesso para Alexandra Vieira da Silva de Almeida (ale.nicolly@hotmail.com) com 4 arquivos.
2025-07-14 17:11:44,639 - INFO - E-mail enviado com sucesso para ALEXANDRE DE GODOY (alexandreproinvest@gmail.com) com 4 arquivos.
2025-07-14 17:11:45,593 - INFO - E-mail enviado com sucesso para ALEXIA THAINA BARBALHO (alexia-barbalho@hotmail.com) com 4 arquivos.
2025-07-14 17:11:46,530 - INFO - E-mail enviado com sucesso para Alisson Ismael da Silva (a.alissonismael@gmail.com) com 4 arquivos.
2025-07-14 17:11:47,343 - INFO - E-mail enviado com sucesso para ALLAN KARDEC DA SILVA SIMAO (allankardecs74@gmail.com) com 4 arquivos.
2025-07-14 17:11:48,380 - INFO - E-mail enviado com sucesso para ALLYSSON DA SILVA ACRIS (asasolserv@gmail.com) com 4 arquivos.
2025-07-14 17:11:49,394 - INFO - E-mail enviado com sucesso para ALVARO FABRICIO MENEZES MOTA (ALVINMOTA@GMAIL.COM) com 4 arquivos.
2025-07-14 17:11:50,316 - INFO - E-mail enviado com sucesso para Alyson Henrrique Silva Simao (alysonceara2019@gmail.com) com 4 arquivos.
2025-07-14 17:11:51,246 - INFO - E-mail enviado com sucesso para AMANDA DORADO EUGENIO (doradoamandabh@gmail.com) com 4 arquivos.
2025-07-14 17:11:52,183 - INFO - E-mail enviado com sucesso para ANA JULIA DA SILVA MALTA (anajuliamalta25@gmail.com) com 4 arquivos.
2025-07-14 17:11:53,271 - INFO - E-mail enviado com sucesso para ANA PAULA ALVES FERREIRA (anapaf88@gmail.com) com 4 arquivos.
2025-07-14 17:11:54,555 - INFO - E-mail enviado com sucesso para ANA PAULA FERREIRA LIMA (anapaulaferreiralima725@gmail.com) com 4 arquivos.
2025-07-14 17:11:55,494 - INFO - E-mail enviado com sucesso para ANA PAULA OSORIO DA ROSA (aninha.volk@hotmail.com) com 4 arquivos.
2025-07-14 17:11:56,543 - INFO - E-mail enviado com sucesso para ANAA PATRICK JARDIM (anaampatrik456@gmail.com) com 4 arquivos.
2025-07-14 17:11:57,437 - INFO - E-mail enviado com sucesso para Anderson Lopes Xavier (adersonlopesxavierr@gmail.com) com 4 arquivos.
2025-07-14 17:11:58,378 - INFO - E-mail enviado com sucesso para ANDERSON TISIAM (andersontisiam432@gmail.com) com 4 arquivos.
2025-07-14 17:11:59,247 - INFO - E-mail enviado com sucesso para ANDRE EDUARDO DOS PASSOS PACHECO (pachecoandre412@gmail.com) com 4 arquivos.
2025-07-14 17:12:00,151 - INFO - E-mail enviado com sucesso para ANDRE LUIS DE SOUZA SILVA (lssandre1000@gmail.com) com 4 arquivos.
2025-07-14 17:12:01,103 - INFO - E-mail enviado com sucesso para ANDREINA RUIVO DE OLIVEIRA (andreinapotter8@gmail.com) com 4 arquivos.
2025-07-14 17:12:01,977 - INFO - E-mail enviado com sucesso para ANDRESSA ALVES FONSECA (andressaalvesfonseca83@gmail.com) com 4 arquivos.
2025-07-14 17:12:02,896 - INFO - E-mail enviado com sucesso para ANNA CLAUDIA FRANCA DE OLIVEIRA (aninhacfo@hotmail.com) com 4 arquivos.
2025-07-14 17:12:03,838 - INFO - E-mail enviado com sucesso para ANUSKA TUYLLA DO NASCIMENTO SILVA (anuskaedeus@gmail.com) com 4 arquivos.
2025-07-14 17:12:04,933 - INFO - E-mail enviado com sucesso para ARACY BARROS PAIM (aracy-pahim@outlook.com) com 4 arquivos.
2025-07-14 17:12:05,921 - INFO - E-mail enviado com sucesso para ARIEL RODRIGUES (arielrodr@hotmail.com) com 4 arquivos.
2025-07-14 17:12:06,792 - INFO - E-mail enviado com sucesso para ARISON DOS SANTOS XAVIER CAMPOS (Arisonsxc@gmail.com) com 4 arquivos.
2025-07-14 17:12:07,680 - INFO - E-mail enviado com sucesso para ARTHUR ARAUJO DE LIRA (art.dyaraujo@gmail.com) com 4 arquivos.
2025-07-14 17:12:08,651 - INFO - E-mail enviado com sucesso para Augusto de Oliveira Lourenco (lourencoaugusto134@gmail.com) com 4 arquivos.
2025-07-14 17:12:09,698 - INFO - E-mail enviado com sucesso para BARBARA KAUANA PILGER DA SILVEIRA (babykauana@gmail.com) com 4 arquivos.
2025-07-14 17:12:10,731 - INFO - E-mail enviado com sucesso para BARBARA PEREIRA DOS SANTOS (baarbara.santos@hotmail.com) com 4 arquivos.
2025-07-14 17:12:11,786 - INFO - E-mail enviado com sucesso para BARBARA PROKOPOWISKI DOS SANTOS (babi.prokopowiski@hotmail.com) com 4 arquivos.
2025-07-14 17:12:12,785 - INFO - E-mail enviado com sucesso para BEATRIZ SCHRAMM DA SILVA (beatriz_schrammm@hotmail.com) com 4 arquivos.
2025-07-14 17:12:13,780 - INFO - E-mail enviado com sucesso para BETIELE DOS SANTOS CAETANO (beti.scaetano@gmail.com) com 4 arquivos.
2025-07-14 17:12:14,764 - INFO - E-mail enviado com sucesso para BIANCA MARQUES DA SILVA (biancamarques2020@icloud.com) com 4 arquivos.
2025-07-14 17:12:15,715 - INFO - E-mail enviado com sucesso para BRAYAN LUCAS DOS SANTOS (brayansantos10@gmail.com) com 4 arquivos.
2025-07-14 17:12:16,620 - INFO - E-mail enviado com sucesso para BRENDA CAETANO DIB (Brendadibb@gmail.com) com 4 arquivos.
2025-07-14 17:12:17,559 - INFO - E-mail enviado com sucesso para BRENDA MAIANE DA SILVA LIMA (Brendamaianelima507@gmail.com) com 4 arquivos.
2025-07-14 17:12:18,439 - INFO - E-mail enviado com sucesso para BRISA NASCIMENTO DE SOUSA OLIVEIRA (novafasebrisa@gmail.com) com 4 arquivos.
2025-07-14 17:12:19,464 - INFO - E-mail enviado com sucesso para BRISA VITORIA RODRIGUES CALIXTO (novafasebrisa@gmail.com) com 4 arquivos.
2025-07-14 17:12:20,356 - INFO - E-mail enviado com sucesso para BRUNA DANIELLY ALMEIDA DOS SANTOS (brunadaniellybenacon@gmail.com) com 4 arquivos.
2025-07-14 17:12:21,255 - INFO - E-mail enviado com sucesso para BRUNO CANEDO SILVA PORTO (bruno_bnt@hotmail.com) com 4 arquivos.
2025-07-14 17:12:22,157 - INFO - E-mail enviado com sucesso para BRUNO CORREA SOARES (bruninhosoaress823@gmail.com) com 4 arquivos.
2025-07-14 17:12:22,990 - INFO - E-mail enviado com sucesso para BRUNO PAULI DE OLIVEIRA (bruno.pauli.10@gmail.com) com 1 arquivos.
2025-07-14 17:12:24,039 - INFO - E-mail enviado com sucesso para BRUNO SOUSA SOARES (brunim14bis@gmail.com) com 4 arquivos.
2025-07-14 17:12:25,116 - INFO - E-mail enviado com sucesso para CAIO COUTINHO FERREIRA (caio.coutinho.ferreira@gmail.com) com 4 arquivos.
2025-07-14 17:12:26,114 - INFO - E-mail enviado com sucesso para CAIO LEMES PEREIRA BUENO (lemescaio230@gmail.com) com 4 arquivos.
2025-07-14 17:12:27,010 - INFO - E-mail enviado com sucesso para CAMILA PAULA DA CRUZ (mila.cz@yahoo.com) com 4 arquivos.
2025-07-14 17:12:27,852 - INFO - E-mail enviado com sucesso para CAMILA RIBEIRO DOMINGUES (camilaconcurseira@hotmail.com) com 4 arquivos.
2025-07-14 17:12:28,735 - INFO - E-mail enviado com sucesso para CARLA GIANE DA SILVA (karlagiane@yahoo.com.br) com 4 arquivos.
2025-07-14 17:12:35,429 - INFO - E-mail enviado com sucesso para CARLOS ALEXANDRE MACHADO (carlo92machado@gmail.com) com 4 arquivos.
2025-07-14 17:12:36,498 - INFO - E-mail enviado com sucesso para CARLOS KLEBER MACHADO DE ALMEIDA (carloskleber_ma@outlook.com) com 4 arquivos.
2025-07-14 17:12:37,496 - INFO - E-mail enviado com sucesso para CARLOS RENATO DE ASSIS SOUZA DA ROCHA (renatto.assis.cgms@gmail.com) com 4 arquivos.
2025-07-14 17:12:38,546 - INFO - E-mail enviado com sucesso para CARLOS RENATO ESPINOSA ASSIS (renatto.assis.cgms@gmail.com) com 4 arquivos.
2025-07-14 17:12:39,426 - INFO - E-mail enviado com sucesso para CARLOS ROBERTO RECKERT (Carlosreckert09@gmail.com) com 4 arquivos.
2025-07-14 17:12:41,308 - INFO - E-mail enviado com sucesso para CHARLES JUNIOR ADRIANO (cjunioradriano@icloud.com) com 4 arquivos.
2025-07-14 17:12:42,306 - INFO - E-mail enviado com sucesso para Cibele Aparecida Freitas (cibeleapfreitas@gmail.com) com 4 arquivos.
2025-07-14 17:12:43,260 - INFO - E-mail enviado com sucesso para CIRILO DE ASSIS FERREIRA (cirilloassis@gmail.com) com 4 arquivos.
2025-07-14 17:12:44,129 - INFO - E-mail enviado com sucesso para Claudia Bittencourt levy (CLAUDIABIELY2017@GMAIL.COM) com 4 arquivos.
2025-07-14 17:12:45,069 - INFO - E-mail enviado com sucesso para CLAUDIO DIEGO CAMPOS DA SILVA (claudiodiegobroker@outlook.pt) com 4 arquivos.
2025-07-14 17:12:46,165 - INFO - E-mail enviado com sucesso para CLEMAR DE SOUZA (clemardesouza65@gmail.com) com 4 arquivos.
2025-07-14 17:12:47,167 - INFO - E-mail enviado com sucesso para CRISTIAN NATANAEL BICKEL SOARES (Cristiannatanaelbickel@gmail.com) com 4 arquivos.
2025-07-14 17:12:48,215 - INFO - E-mail enviado com sucesso para CRISTOVAO MORGAN CARVALHO SAMPAIO (cristovaomorgan4@gmail.com) com 4 arquivos.
2025-07-14 17:12:49,161 - INFO - E-mail enviado com sucesso para DAIANE ALVES LOURENCO (daianealveslourenco74@gmail.com) com 4 arquivos.
2025-07-14 17:12:50,315 - INFO - E-mail enviado com sucesso para DANIELA KARPSAK (danielabarthk@gmail.com) com 4 arquivos.
2025-07-14 17:12:51,329 - INFO - E-mail enviado com sucesso para DANILO CARVALHO PINTO (danyllo.carvalho2013@hotmail.com) com 4 arquivos.
2025-07-14 17:12:52,259 - INFO - E-mail enviado com sucesso para DAVI RODRIGUES DE MORAES (eaedavimoraes@gmail.com) com 4 arquivos.
2025-07-14 17:12:53,334 - INFO - E-mail enviado com sucesso para DAYANNY ANGELA TOMAZ DE OLIVEIRA (equipedayoliveira@gmail.com) com 4 arquivos.
2025-07-14 17:12:54,389 - INFO - E-mail enviado com sucesso para DEBORA DRECHSLER DA SILVA (deboradrechsler28@gmail.com) com 4 arquivos.
2025-07-14 17:12:55,311 - INFO - E-mail enviado com sucesso para DEBORA FERREIRA RODRIGUES (deborafr777@gmail.com) com 4 arquivos.
2025-07-14 17:12:56,373 - INFO - E-mail enviado com sucesso para DEIDRY HELLIN SEVERO DOS SANTOS (hellinseverosantos@gmail.com) com 4 arquivos.
2025-07-14 17:12:57,462 - INFO - E-mail enviado com sucesso para DENER ALVES FERREIRA (dennerferreiraconsultoria@gmail.com) com 4 arquivos.
2025-07-14 17:12:58,468 - INFO - E-mail enviado com sucesso para DENZEL HENRIQUE PEREIRA FERNANDES (denzelfernandes118@gmail.com) com 4 arquivos.
2025-07-14 17:12:59,910 - INFO - E-mail enviado com sucesso para DEYBSON MORAES DOS SANTOS (deyb.agp@gmail.com) com 4 arquivos.
2025-07-14 17:13:00,933 - INFO - E-mail enviado com sucesso para DIANA DE ALMEIDA SANTOS (dianadealmeidasantos4@gmail.com) com 4 arquivos.
2025-07-14 17:13:01,851 - INFO - E-mail enviado com sucesso para Diegles Henrique da Silva Santos (dieglis89@gmail.com) com 1 arquivos.
2025-07-14 17:13:02,962 - INFO - E-mail enviado com sucesso para DIEGO MARADONA COSTA (maradonacosta7@hotmail.com) com 4 arquivos.
2025-07-14 17:13:04,152 - INFO - E-mail enviado com sucesso para DIEGO RUCKHABER PLETSCH (Diego.pletsch12@gmail.com) com 4 arquivos.
2025-07-14 17:13:05,211 - INFO - E-mail enviado com sucesso para DIIH BEZERRA DA SILVA (diih.siilwa@gmail.com) com 4 arquivos.
2025-07-14 17:13:06,161 - INFO - E-mail enviado com sucesso para DINA OLIVEIRA DE SOUZA (dinahtinha@hotmail.com) com 4 arquivos.
2025-07-14 17:13:07,088 - INFO - E-mail enviado com sucesso para DIOGO LUCAS DA SILVA GODOI (lukasdiogo9@gmail.com) com 4 arquivos.
2025-07-14 17:13:08,001 - INFO - E-mail enviado com sucesso para DOUGLAS CORREIA AVILA (dougcavila@outlook.com) com 4 arquivos.
2025-07-14 17:13:08,972 - INFO - E-mail enviado com sucesso para Ederson Mateus de Souza Macedo (mateusmacedosouza1996@gmail.com) com 4 arquivos.
2025-07-14 17:13:09,912 - INFO - E-mail enviado com sucesso para Edilaine Cristina de Oliveira Lourenco (edilainelourenco2010@hotmail.com) com 4 arquivos.
2025-07-14 17:13:10,839 - INFO - E-mail enviado com sucesso para EDSON MEIRA DA SILVA (edsonmeiradasilva@gmail.com) com 4 arquivos.
2025-07-14 17:13:11,766 - INFO - E-mail enviado com sucesso para Eduarda Carvalho Bugmaer (cduda0352@gmail.com) com 4 arquivos.
2025-07-14 17:13:12,640 - INFO - E-mail enviado com sucesso para Eduarda Faes de Brito (eduarda.faes@gmail.com) com 4 arquivos.
2025-07-14 17:13:13,609 - INFO - E-mail enviado com sucesso para EDUARDO LUIZ NERES CONTI (eduardolconti.conti@gmail.com) com 4 arquivos.
2025-07-14 17:13:14,632 - INFO - E-mail enviado com sucesso para ELAINE DO MONTE BRASIL (elaine.br.corretora@gmail.com) com 4 arquivos.
2025-07-14 17:13:16,314 - INFO - E-mail enviado com sucesso para Elcio de Almeida Leite Junior (junior_brasil@hotmail.com) com 4 arquivos.
2025-07-14 17:13:17,254 - INFO - E-mail enviado com sucesso para ELIADY CAMPOS DE SOUZA (elicamposoficial@gmail.com) com 4 arquivos.
2025-07-14 17:13:18,233 - INFO - E-mail enviado com sucesso para ELICIANA CORDEIRO MAGAVE (e.c.magave@gmail.com) com 4 arquivos.
2025-07-14 17:13:19,238 - INFO - E-mail enviado com sucesso para Eluiza Drielle Borges da Silva (driellysilva366@gmail.com) com 4 arquivos.
2025-07-14 17:13:20,170 - INFO - E-mail enviado com sucesso para EMANUEL AUGUSTO SENA SEVALHO (Emanuelssevalho@gmail.com) com 4 arquivos.
2025-07-14 17:13:21,264 - INFO - E-mail enviado com sucesso para Emerson de Nardi (EMERSONDENARDI.EDN@GMAIL.COM) com 4 arquivos.
2025-07-14 17:13:26,776 - INFO - E-mail enviado com sucesso para EMERSON DO COUTO EVANGELISTA (emersoncoutoevangelista@gmail.com) com 4 arquivos.
2025-07-14 17:13:28,158 - INFO - E-mail enviado com sucesso para EMILLY DE ALMEIDA CRUZ (emyalmdc@gmail.com) com 4 arquivos.
2025-07-14 17:13:29,333 - INFO - E-mail enviado com sucesso para ENNY LORENA SILVA (enny.lorena@laghettogolden.com.br) com 4 arquivos.
2025-07-14 17:13:32,305 - INFO - E-mail enviado com sucesso para ESTEFANE GONCALVES PRADE (estefaneprade456@gmail.com) com 4 arquivos.
2025-07-14 17:13:33,542 - INFO - E-mail enviado com sucesso para ETIANDRE ESTEILAN DA SILVA DIAS (etiandre.sd@hotmail.com) com 4 arquivos.
2025-07-14 17:13:34,578 - INFO - E-mail enviado com sucesso para EVANDRO JOSE DE LUNA FELIX (evandrojosedelunafelix@gmail.com) com 4 arquivos.
2025-07-14 17:13:35,762 - INFO - E-mail enviado com sucesso para EVERTON CUSTODIO SILVEIRA (evertoncustodio06@gmail.com) com 4 arquivos.
2025-07-14 17:13:36,776 - INFO - E-mail enviado com sucesso para FABIO ALVES SOUSA (fbaconsultoriaimoveis@gmail.com) com 4 arquivos.
2025-07-14 17:13:37,818 - INFO - E-mail enviado com sucesso para FABIO BRANCALION DOS ANJOS (fbrancalion@hotmail.com) com 4 arquivos.
2025-07-14 17:13:38,830 - INFO - E-mail enviado com sucesso para FABIO BRANCALION DOS ANJOS LTDA (fbrancalion@hotmail.com) com 4 arquivos.
2025-07-14 17:13:39,767 - INFO - E-mail enviado com sucesso para Fabio Candido Cabreira (fabio-cabreira@hotmail.com) com 4 arquivos.
2025-07-14 17:13:40,703 - INFO - E-mail enviado com sucesso para FABIO HENRIQUE FERREIRA PINHEIRO (fabioclash35552@icloud.com) com 4 arquivos.
2025-07-14 17:13:41,668 - INFO - E-mail enviado com sucesso para FABIO HENRIQUE FRANCISCO DA SILVA (fabio807henrique@gmail.com) com 4 arquivos.
2025-07-14 17:13:42,686 - INFO - E-mail enviado com sucesso para FABIO NORIO KIMURA (fabionkimura@gmail.com) com 4 arquivos.
2025-07-14 17:13:43,542 - INFO - E-mail enviado com sucesso para FABRICIO NUNES HEIINECK (fabricionunesheineck@gmail.com) com 4 arquivos.
2025-07-14 17:13:44,429 - INFO - E-mail enviado com sucesso para FATIMA SILVANA DOS SANTOS (silvanalucassantos@gmail.com) com 4 arquivos.
2025-07-14 17:13:45,479 - INFO - E-mail enviado com sucesso para FELIPE ANDRE DA SILVA (felipeasilva26@gmail.com) com 4 arquivos.
2025-07-14 17:13:46,433 - INFO - E-mail enviado com sucesso para FELIPE JOSE DE MATTOS (felipe.mattos@laghettogolden.com.br) com 4 arquivos.
2025-07-14 17:13:47,389 - INFO - E-mail enviado com sucesso para FELIPE ROCHA GAMA SOBRAL (felipelaghetto@yahoo.com) com 4 arquivos.
2025-07-14 17:13:48,269 - INFO - E-mail enviado com sucesso para FERNANDA NAKAMURA BARROS (fernandanakamura@hotmail.com) com 4 arquivos.
2025-07-14 17:13:49,105 - INFO - E-mail enviado com sucesso para FLAVIA FERNANDA CLARA FERREIRA (confeitariaflaviafernanda@gmail.com) com 4 arquivos.
2025-07-14 17:13:49,995 - INFO - E-mail enviado com sucesso para FLAVIANE DOS SANTOS PEIXOTO (peixoto.1709@gmail.com) com 4 arquivos.
2025-07-14 17:13:51,034 - INFO - E-mail enviado com sucesso para FLAVIO CALDEIRA CANDIDO JUNIOR (flaviocaldeirajr@gmail.com) com 4 arquivos.
2025-07-14 17:13:51,890 - INFO - E-mail enviado com sucesso para Flavio Marques Aguiar Junior (eujunnior21@gmail.com) com 4 arquivos.
2025-07-14 17:13:52,937 - INFO - E-mail enviado com sucesso para FRANCIELLY DA SILVA MORAIS (francymoraiss28@gmail.com) com 4 arquivos.
2025-07-14 17:13:53,710 - INFO - E-mail enviado com sucesso para FRANCISCA JESSICA LUCAS DA SILVA (jessicasilvalucas30@gmail.com) com 1 arquivos.
2025-07-14 17:13:54,632 - INFO - E-mail enviado com sucesso para FRANCISCO HERMESON BATISTA DOS SANTOS (hermesonsantos00@gmail.com) com 4 arquivos.
2025-07-14 17:13:55,664 - INFO - E-mail enviado com sucesso para FRANCISCO YURE LOPES ALVES (franciscoyureee@gmail.com) com 4 arquivos.
2025-07-14 17:13:56,604 - INFO - E-mail enviado com sucesso para FRANK MEDEIROS RODRIGUES (frankrdrigues29@gmail.com) com 4 arquivos.
2025-07-14 17:13:57,669 - INFO - E-mail enviado com sucesso para GABRIEL CINTRA DE VASCONCELOS PEDROSA (gabrielcintrawam@gmail.com) com 4 arquivos.
2025-07-14 17:13:58,730 - INFO - E-mail enviado com sucesso para GABRIEL FONTES ARSAND (Gaabriel.foontes@gmail.com) com 4 arquivos.
2025-07-14 17:13:59,765 - INFO - E-mail enviado com sucesso para Gabriel Marlon de Souza Silva Oliveira (gabrielmarlon1987@hotmail.com) com 4 arquivos.
2025-07-14 17:14:00,867 - INFO - E-mail enviado com sucesso para Gabriel Peixoto de Souza (peixotogabriel686@gmail.com) com 4 arquivos.
2025-07-14 17:14:01,918 - INFO - E-mail enviado com sucesso para GABRIELA CANHADA MORE (suporte.gabrielamota@gmail.com) com 4 arquivos.
2025-07-14 17:14:02,945 - INFO - E-mail enviado com sucesso para GABRIELA SCHMITT SCHNORR (gabriela.sschnorr@gmail.com) com 4 arquivos.
2025-07-14 17:14:03,828 - INFO - E-mail enviado com sucesso para GABRIELA SILVA SANTOS (lande1404@gmail.com) com 4 arquivos.
2025-07-14 17:14:04,770 - INFO - E-mail enviado com sucesso para GEISA KESSLER FREITAS MARTINS (geisakessler@gmail.com) com 4 arquivos.
2025-07-14 17:14:05,709 - INFO - E-mail enviado com sucesso para GERMANO LOPES DA SILVA FILHO (germanolopes2701@gmail.com) com 4 arquivos.
2025-07-14 17:14:06,604 - INFO - E-mail enviado com sucesso para GERULINO FERREIRA LIMA (Gerulinolima@gmail.com) com 4 arquivos.
2025-07-14 17:14:07,435 - INFO - E-mail enviado com sucesso para GILMARA FABRICIA DA SILVA DIAS (gilmarafabriciaaa@icloud.com) com 4 arquivos.
2025-07-14 17:14:08,263 - INFO - E-mail enviado com sucesso para Guilherme dos Santos Amaral (guilherme26santos@hotmail.com) com 4 arquivos.
2025-07-14 17:14:09,199 - INFO - E-mail enviado com sucesso para GUILHERME FOGASSA DA SILVA (guilhermefogassa@live.com) com 4 arquivos.
2025-07-14 17:14:10,161 - INFO - E-mail enviado com sucesso para GUILHERME VIEIRA SANCHES (norton.guilhermesanches@gmail.com) com 4 arquivos.
2025-07-14 17:14:11,058 - INFO - E-mail enviado com sucesso para GUSTAVO HENRIQUE KLEIN PETERS (gustavohenriquepeters@gmail.com) com 4 arquivos.
2025-07-14 17:14:12,135 - INFO - E-mail enviado com sucesso para Gustavo Henrique Nery Ferreira (gustavoguilbert1996@icloud.com) com 4 arquivos.
2025-07-14 17:14:12,997 - INFO - E-mail enviado com sucesso para GUSTAVO RIBEIRO GOMES (gomes99gg@gmail.com) com 4 arquivos.
2025-07-14 17:14:14,137 - INFO - E-mail enviado com sucesso para HAEL BEVILAQUIA NOBRE (haelnobre@yahoo.com.br) com 4 arquivos.
2025-07-14 17:14:15,179 - INFO - E-mail enviado com sucesso para HEDIGRIFFITON RAMOS DA SILVA (Hedigriffitonramosdasilva@outlook.com) com 4 arquivos.
2025-07-14 17:14:16,202 - INFO - E-mail enviado com sucesso para HENRIQUE MARAFIGO PINTO (henriquemarafigopn@gmail.com) com 4 arquivos.
2025-07-14 17:14:17,184 - INFO - E-mail enviado com sucesso para HILSON CALDAS SILVA ALBUQUERQUE (Caldashilson@gmail.com) com 4 arquivos.
2025-07-14 17:14:18,197 - INFO - E-mail enviado com sucesso para HUGO MENEZES DOS SANTOS MADEIRA (hugo.msmadeira@gmail.com) com 4 arquivos.
2025-07-14 17:14:19,125 - INFO - E-mail enviado com sucesso para HUGO SOUZA FERRAO NETO (hugoferraoneto@gmail.com) com 4 arquivos.
2025-07-14 17:14:20,208 - INFO - E-mail enviado com sucesso para IARA HELOISA NASCIMENTO DE ARAUJO (Iaraheloisa196@gmail.com) com 4 arquivos.
2025-07-14 17:14:21,211 - INFO - E-mail enviado com sucesso para IGOR ANTUNES BORGES (igorantunes12@hotmail.com) com 4 arquivos.
2025-07-14 17:14:22,136 - INFO - E-mail enviado com sucesso para IGOR MARTINS (igorcosta1473@gmail.com) com 4 arquivos.
2025-07-14 17:14:23,077 - INFO - E-mail enviado com sucesso para ILANA SILVA DA SILVA (ilanasilvadasilva@hotmail.com) com 4 arquivos.
2025-07-14 17:14:24,108 - INFO - E-mail enviado com sucesso para ISABELA DA SILVA MENEZES (isabelamenezes14@outlook.com) com 4 arquivos.
2025-07-14 17:14:25,437 - INFO - E-mail enviado com sucesso para ISABELA OLIVEIRA CARDOSO (isabelaolicar@gmail.com) com 4 arquivos.
2025-07-14 17:14:26,613 - INFO - E-mail enviado com sucesso para Italo Miguel Remondi (italomiguelremondi@gmail.com) com 4 arquivos.
2025-07-14 17:14:27,788 - INFO - E-mail enviado com sucesso para ITALO PINHEIRO DIAS (euitaloitalo@gmail.com) com 4 arquivos.
2025-07-14 17:14:29,032 - INFO - E-mail enviado com sucesso para Iuri Nogueira de Sousa (iurinogueira2018@gmail.com) com 4 arquivos.
2025-07-14 17:14:30,032 - INFO - E-mail enviado com sucesso para IVANILDO DANTAS DE MELO (Dantasmelo2024@gmail.com) com 4 arquivos.
2025-07-14 17:14:31,270 - INFO - E-mail enviado com sucesso para JACKELINE ESTEFANY BARROS SANTIAGO (jackyestefany@hotmail.com) com 4 arquivos.
2025-07-14 17:14:32,384 - INFO - E-mail enviado com sucesso para JACQUELINE FERREIRA LACERDA (jacquelacerda247@gmail.com) com 4 arquivos.
2025-07-14 17:14:33,397 - INFO - E-mail enviado com sucesso para JAIR JUNIOR ZIMMER DE OLIVEIRA (Jairjunior639@gmail.com) com 4 arquivos.
2025-07-14 17:14:34,396 - INFO - E-mail enviado com sucesso para JAIRO CARDOSO RODRIGUES JUNIOR (jairoiphone39@gmail.com) com 4 arquivos.
2025-07-14 17:14:35,325 - INFO - E-mail enviado com sucesso para JAIRO FRAGA DE ASSIS NETO (fragajairo318@gmail.com) com 4 arquivos.
2025-07-14 17:14:36,404 - INFO - E-mail enviado com sucesso para JEFERSON FABIO DESSBESELL (Jefersondessbesell2016@gmail.com) com 4 arquivos.
2025-07-14 17:14:37,782 - INFO - E-mail enviado com sucesso para JEFERSON LUIS SILVA LINO (jeferson.iasd@gmail.com) com 4 arquivos.
2025-07-14 17:14:38,812 - INFO - E-mail enviado com sucesso para Jeferson Matheus da Rosa Moreira (jefmrmbrown@gmail.com) com 4 arquivos.
2025-07-14 17:14:39,734 - INFO - E-mail enviado com sucesso para JEFERSON VITOR ROSA (jeferson.rosa@laghettogolden.com.br) com 4 arquivos.
2025-07-14 17:14:40,664 - INFO - E-mail enviado com sucesso para Jessica de Lima Ribeiro (Jessylimar362@gmail.com) com 4 arquivos.
2025-07-14 17:14:41,589 - INFO - E-mail enviado com sucesso para JESSICA FERREIRA LACERDA (jessicalacer11@gmail.com) com 4 arquivos.
2025-07-14 17:14:42,519 - INFO - E-mail enviado com sucesso para JESSICA MARIA BARRETO (barreto26jessica@icloud.com) com 4 arquivos.
2025-07-14 17:14:43,563 - INFO - E-mail enviado com sucesso para Jessica Maria Eduelfa de Souza Martins (Eduelfa@hotmail.com) com 4 arquivos.
2025-07-14 17:14:44,516 - INFO - E-mail enviado com sucesso para JESSICA PEROTTO MACHADO (JEHPEROTTO@ICLOUD.COM) com 4 arquivos.
2025-07-14 17:14:45,485 - INFO - E-mail enviado com sucesso para JESSICA RIBEIRO LEAO (jessicarleao1@outlook.com) com 4 arquivos.
2025-07-14 17:14:46,427 - INFO - E-mail enviado com sucesso para JOANA DARC FERREIRA DA SILVA (johannadarctcc@gmail.com) com 4 arquivos.
2025-07-14 17:14:47,409 - INFO - E-mail enviado com sucesso para JOAO MARIO DIAS SILVA (wamjoao252020@gmail.com) com 4 arquivos.
2025-07-14 17:14:48,289 - INFO - E-mail enviado com sucesso para Joao Pedro Pertile (joaopedropertile5@gmail.com) com 4 arquivos.
2025-07-14 17:14:49,305 - INFO - E-mail enviado com sucesso para Joao Victor Rodrigues dos Santos (Jrodriguesdossantos593@gmail.com) com 4 arquivos.
2025-07-14 17:14:50,104 - INFO - E-mail enviado com sucesso para JOAO VITOR CHAGAS DE SOUZA (souzavitorjoao9955@gmail.com) com 1 arquivos.
2025-07-14 17:14:51,113 - INFO - E-mail enviado com sucesso para JOAQUIM WELDER GONCALVES JATAI (wolftuf@gmail.com) com 4 arquivos.
2025-07-14 17:14:51,986 - INFO - E-mail enviado com sucesso para Joatan Chaves Cantanhede (joatan.cantanhede@gmail.com) com 4 arquivos.
2025-07-14 17:14:52,956 - INFO - E-mail enviado com sucesso para JOCIEL GOMES DA SILVA (jocielcorretor@gmail.com) com 4 arquivos.
2025-07-14 17:14:53,813 - INFO - E-mail enviado com sucesso para JOEL DE SOUZA PONTE (Joel_Souzaippd@hotmail.com) com 4 arquivos.
2025-07-14 17:14:54,754 - INFO - E-mail enviado com sucesso para JOHNE DA CRUZ ALEXANDRE (johnecruz123@gmail.com) com 4 arquivos.
2025-07-14 17:14:55,604 - INFO - E-mail enviado com sucesso para JONATHAN DOS SANTOS PEREIRA (jonathanfxd@gmail.com) com 4 arquivos.
2025-07-14 17:14:56,582 - INFO - E-mail enviado com sucesso para JONILSON JESUS OLIVEIRA (jjofamilia@gmail.com) com 4 arquivos.
2025-07-14 17:14:57,589 - INFO - E-mail enviado com sucesso para JOSE HERALDO CONCEICAO BASTOS JUNIOR (juninhobmx50@gmail.com) com 4 arquivos.
2025-07-14 17:14:58,462 - INFO - E-mail enviado com sucesso para JOSE LUIS LOPES JUNIOR (juniorlups99@gmail.com) com 4 arquivos.
2025-07-14 17:14:59,447 - INFO - E-mail enviado com sucesso para JOSE MARTINS LEMES ALVES (juselemes@gmail.com) com 4 arquivos.
2025-07-14 17:15:00,962 - INFO - E-mail enviado com sucesso para JOSE VALDGLEI GALDINO DE SOUSA (valdglei.vs@gmail.com) com 4 arquivos.
2025-07-14 17:15:01,926 - INFO - E-mail enviado com sucesso para JOSE WELLINGTON PEREIRA DE LUCENA SANTOS (jose.wellington@laghettogolden.com.br) com 4 arquivos.
2025-07-14 17:15:02,794 - INFO - E-mail enviado com sucesso para Joseane Araujo Bras (mybrokerjoseanedean@gmail.com) com 4 arquivos.
2025-07-14 17:15:03,757 - INFO - E-mail enviado com sucesso para JOSIAS DA SILVA CLAUDINO (claudinojosias0@gmail.com) com 4 arquivos.
2025-07-14 17:15:04,688 - INFO - E-mail enviado com sucesso para JUBELINE FERNANDES DA SILVA (fjubeline@gmail.com) com 4 arquivos.
2025-07-14 17:15:05,778 - INFO - E-mail enviado com sucesso para JULIA BARBOSA BRAGANCA (juliabarbosab22@gmail.com) com 4 arquivos.
2025-07-14 17:15:06,879 - INFO - E-mail enviado com sucesso para JULIANA LUZ DA ROSA (juliana_sbjbento@hotmail.com) com 4 arquivos.
2025-07-14 17:15:07,944 - INFO - E-mail enviado com sucesso para JULIANA MATOS ALENCAR (julianaalencar2504@gmail.com) com 4 arquivos.
2025-07-14 17:15:09,018 - INFO - E-mail enviado com sucesso para JULIANO MANFRON ARAUJO (Sugestivaturismo@outlook.com) com 4 arquivos.
2025-07-14 17:15:09,953 - INFO - E-mail enviado com sucesso para JULIO CESAR EMANUEL DOS SANTOS FONSECA (julio.drum201515@gmail.com) com 4 arquivos.
2025-07-14 17:15:10,880 - INFO - E-mail enviado com sucesso para JUMA MONTEIRO NUNES (julianamonteiro262728@gmail.com) com 4 arquivos.
2025-07-14 17:15:11,758 - INFO - E-mail enviado com sucesso para Kaiane Broda Pereira (Kaianebroda@gmail.com) com 4 arquivos.
2025-07-14 17:15:12,591 - INFO - E-mail enviado com sucesso para KAREN MENDONCA OKUYAMA (Karen.okuyama@hotmail.com) com 4 arquivos.
2025-07-14 17:15:13,273 - INFO - E-mail enviado com sucesso para KAREN RODRIGUES DE SOUZA (karen.souza992@gmail.com) com 1 arquivos.
2025-07-14 17:15:14,093 - INFO - E-mail enviado com sucesso para KELLY SOUZA DE DEUS ANJOS (kellysouzadedeus@gmail.com) com 4 arquivos.
2025-07-14 17:15:15,069 - INFO - E-mail enviado com sucesso para Keoma Alan Broda Pereira (keomaalan28@gmail.com) com 4 arquivos.
2025-07-14 17:15:15,972 - INFO - E-mail enviado com sucesso para KEVIN MICHAEL SPIETH (KVNSPTADV@GMAIL.COM) com 4 arquivos.
2025-07-14 17:15:16,852 - INFO - E-mail enviado com sucesso para KIMBERLY CRISTINA TAVARES CORREA (kimcorrea9@gmail.com) com 4 arquivos.
2025-07-14 17:15:17,761 - INFO - E-mail enviado com sucesso para LAIS CRISTINA ALVES CAVALCANTE MILANEZ (LAISCAVALCANTE@HOTMAIL.COM) com 4 arquivos.
2025-07-14 17:15:18,631 - INFO - E-mail enviado com sucesso para LARISSA DE FREITAS NUNES (nunes.larissaf@gmail.com) com 4 arquivos.
2025-07-14 17:15:19,500 - INFO - E-mail enviado com sucesso para LARISSA DE SOUZA SILVA (Larymofi22@gmail.com) com 4 arquivos.
2025-07-14 17:15:20,337 - INFO - E-mail enviado com sucesso para LEANDRO SANTOS DA SILVA (silvaleandro250416@gmail.com) com 4 arquivos.
2025-07-14 17:15:21,294 - INFO - E-mail enviado com sucesso para LEONARDO ALVES IRBER (leonardonemetz@hotmail.com) com 4 arquivos.
2025-07-14 17:15:22,304 - INFO - E-mail enviado com sucesso para LEONARDO OLIVEIRA ALEJARRA (alejarraleonardo@gmail.com) com 4 arquivos.
2025-07-14 17:15:23,268 - INFO - E-mail enviado com sucesso para LEONARDO SOUZA DA SILVA (Leonardo_souza_gallagher@hotmail.com) com 4 arquivos.
2025-07-14 17:15:24,230 - INFO - E-mail enviado com sucesso para LETICIA BEZERRA FERREIRA (leticiaferreira13041998@gmail.com) com 4 arquivos.
2025-07-14 17:15:25,179 - INFO - E-mail enviado com sucesso para LETICIA DANIELI VILAS BOAS FERREIRA (Ferreiraleticia321@gmail.com) com 4 arquivos.
2025-07-14 17:15:26,098 - INFO - E-mail enviado com sucesso para LETICIA MARIA DE OLIVEIRA SILVA (leticiacallheiros@gmail.com) com 4 arquivos.
2025-07-14 17:15:27,120 - INFO - E-mail enviado com sucesso para LIDIA DE ARAUJO ROCHA (lidiarocha08@gmail.com) com 4 arquivos.
2025-07-14 17:15:27,892 - INFO - E-mail enviado com sucesso para LILIAN MICHELE ROSIN HAMMACHER (michelerosin@gmail.com) com 1 arquivos.
2025-07-14 17:15:28,925 - INFO - E-mail enviado com sucesso para LINDOMAR MOREIRA DA SILVA JUNIOR (lindomarjr16@gmail.com) com 4 arquivos.
2025-07-14 17:15:29,946 - INFO - E-mail enviado com sucesso para LINSMAR MACEDO DE JESUS (lismarcedocr7@gmail.com) com 4 arquivos.
2025-07-14 17:15:30,895 - INFO - E-mail enviado com sucesso para LORENZO SILVA RIBEIRO (comercial.lorenzoribeiro@gmail.com) com 4 arquivos.
2025-07-14 17:15:31,773 - INFO - E-mail enviado com sucesso para LORRANE GABRIELLE SILVA DA COSTA (lorrane.gabrielle23@icloud.com) com 4 arquivos.
2025-07-14 17:15:32,642 - INFO - E-mail enviado com sucesso para LUAN DOS SANTOS MENDES DE SOUZA (luanplayerr@gmail.com) com 4 arquivos.
2025-07-14 17:15:33,491 - INFO - E-mail enviado com sucesso para LUANA DE PAULO SILVA (analuholffer23@gmail.com) com 4 arquivos.
2025-07-14 17:15:34,400 - INFO - E-mail enviado com sucesso para LUCAS ALEXANDRE FERREIRA CORREA (lucasale2801@gmail.com) com 4 arquivos.
2025-07-14 17:15:35,264 - INFO - E-mail enviado com sucesso para LUCAS BARRETO VAZ (lbarretovaz@gmail.com) com 4 arquivos.
2025-07-14 17:15:36,211 - INFO - E-mail enviado com sucesso para LUCAS DAMASCENO BARROS (ldamascenobarros@gmail.com) com 4 arquivos.
2025-07-14 17:15:37,147 - INFO - E-mail enviado com sucesso para LUCAS MATEUS DORR WEYAND (weyandlucasmateus@gmail.com) com 4 arquivos.
2025-07-14 17:15:38,099 - INFO - E-mail enviado com sucesso para LUCAS PINTO SORIANO (Lucasoriano00989@gmail.com) com 4 arquivos.
2025-07-14 17:15:39,137 - INFO - E-mail enviado com sucesso para LUCAS SOUZA DOS SANTOS (olucassouzacorretor@gmail.com) com 4 arquivos.
2025-07-14 17:15:40,149 - INFO - E-mail enviado com sucesso para LUCIANA CRIVELARI (crivelaridemelo@gmail.com) com 4 arquivos.
2025-07-14 17:15:41,269 - INFO - E-mail enviado com sucesso para LUCIANA SANTOS CRUZ MOELLER (moellerluciana@gmail.com) com 4 arquivos.
2025-07-14 17:15:42,175 - INFO - E-mail enviado com sucesso para LUDMILLA ROSA MOREIRA DE SOUZA (ludmillamor@hotmail.com) com 4 arquivos.
2025-07-14 17:15:43,098 - INFO - E-mail enviado com sucesso para Luis Gustavo Ramos da Silva (zedorah01@gmail.com) com 4 arquivos.
2025-07-14 17:15:43,951 - INFO - E-mail enviado com sucesso para LUIZ FELIPE CARVALHO MARQUES (luizfelipec947@gmail.com) com 4 arquivos.
2025-07-14 17:15:44,869 - INFO - E-mail enviado com sucesso para LUIZ FELIPE DE SOUZA FERNANDES (luiz.fernandes@laghettogolden.com.br) com 4 arquivos.
2025-07-14 17:15:45,805 - INFO - E-mail enviado com sucesso para LUIZ FELIPE SANTOS DA SILVA (luiz.silva.silva9494@gmail.com) com 4 arquivos.
2025-07-14 17:15:46,803 - INFO - E-mail enviado com sucesso para LUIZ HENRIQUE FERREIRA ANDRADE (luiz.andrade3d@gmail.com) com 4 arquivos.
2025-07-14 17:15:47,796 - INFO - E-mail enviado com sucesso para LUIZA JACQUES DA SILVA (luizajacques17@icloud.com) com 4 arquivos.
2025-07-14 17:15:48,682 - INFO - E-mail enviado com sucesso para LUMARA DE PAULA SANTOS (lumarasantos636@gmail.com) com 4 arquivos.
2025-07-14 17:15:49,567 - INFO - E-mail enviado com sucesso para Maira Catarina Evangelista Nunes (mairacatarina0@gmail.com) com 4 arquivos.
2025-07-14 17:15:50,672 - INFO - E-mail enviado com sucesso para MARCELO DE FREITAS MATHEUS (marcelo.freitas787@gmail.com) com 4 arquivos.
2025-07-14 17:15:51,598 - INFO - E-mail enviado com sucesso para MARCELO MONTEIRO FORNASIER (MARCELO_FORNASIER@HOTMAIL.COM) com 4 arquivos.
2025-07-14 17:15:52,562 - INFO - E-mail enviado com sucesso para MARCOS ANTONIO DE MEIRA DOS SANTOS LUZ (marcosantonios21223@gmail.com) com 4 arquivos.
2025-07-14 17:15:53,582 - INFO - E-mail enviado com sucesso para MARCOS DANIEL DIAS LIRIA (model.gramado@gmail.com) com 4 arquivos.
2025-07-14 17:15:54,535 - INFO - E-mail enviado com sucesso para MARCOS FERNANDES DA SILVA JUNIOR (mfsj24@gmail.com) com 4 arquivos.
2025-07-14 17:15:55,458 - INFO - E-mail enviado com sucesso para MARIA EDUARDA CAMPOS MENDES (eduardainvestiment@gmail.com) com 4 arquivos.
2025-07-14 17:15:56,348 - INFO - E-mail enviado com sucesso para MARIANA DA ROSA MAGNUS (mariana_magnus@hotmail.com) com 4 arquivos.
2025-07-14 17:15:57,203 - INFO - E-mail enviado com sucesso para MARILIANA GONCALVES NEVES (mariliana.gneves@gmail.com) com 4 arquivos.
2025-07-14 17:15:58,092 - INFO - E-mail enviado com sucesso para MARIZA SOUZA DA SILVA (mariza.s.silva15@gmail.com) com 4 arquivos.
2025-07-14 17:15:59,094 - INFO - E-mail enviado com sucesso para Mateus coutinho Ferreira (mateuscoutinho505@gmail.com) com 4 arquivos.
2025-07-14 17:16:00,164 - INFO - E-mail enviado com sucesso para MATEUS SILVA DA COSTA (mateus13997270528@gmail.com) com 4 arquivos.
2025-07-14 17:16:01,085 - INFO - E-mail enviado com sucesso para MATHEUS HENRIQUE GOMES ZERLOTTINI (matheuszerlottini@outlook.com) com 4 arquivos.
2025-07-14 17:16:02,045 - INFO - E-mail enviado com sucesso para MATHEUS HENRIQUE PEREIRA FERNANDES (matheushenriquehpf@gmail.com) com 4 arquivos.
2025-07-14 17:16:02,927 - INFO - E-mail enviado com sucesso para MAURICIO DIECKMANN MOREIRA (mauriciodm.consultoria@gmail.com) com 4 arquivos.
2025-07-14 17:16:03,788 - INFO - E-mail enviado com sucesso para MAYARA DOS SANTOS FERREIRA (mayapedagogiaporamor@gmail.com) com 4 arquivos.
2025-07-14 17:16:04,662 - INFO - E-mail enviado com sucesso para MELISSA GROSS DE OLIVEIRA (18melissagross@gmail.com) com 4 arquivos.
2025-07-14 17:16:05,854 - INFO - E-mail enviado com sucesso para MELISSA SILVA MENDES (melissasilvamendes6@gmail.com) com 4 arquivos.
2025-07-14 17:16:06,752 - INFO - E-mail enviado com sucesso para MICAELLE RITALY SOUZA RAMOS (micaelleritaly1703@gmail.com) com 4 arquivos.
2025-07-14 17:16:07,671 - INFO - E-mail enviado com sucesso para MICHELE OLIVEIRA DA SILVEIRA (michelemulti9@gmail.com) com 4 arquivos.
2025-07-14 17:16:08,581 - INFO - E-mail enviado com sucesso para Michelle Thais de Jesus Menezes (michellemenzes@gmail.com) com 4 arquivos.
2025-07-14 17:16:09,471 - INFO - E-mail enviado com sucesso para MIKAEL CARDOSO DE MESQUITA (mikaeldocavaco@gmail.com) com 4 arquivos.
2025-07-14 17:16:10,358 - INFO - E-mail enviado com sucesso para MILENE SILVA DE PAULO (depaulomilenesilva@gmail.com) com 4 arquivos.
2025-07-14 17:16:11,156 - INFO - E-mail enviado com sucesso para MIRIELY SILVA SANTOS (Miriellysilva@hotmail.com) com 4 arquivos.
2025-07-14 17:16:12,005 - INFO - E-mail enviado com sucesso para MOISES DE MIRANDA LIMA (mirandalimafilho@gmail.com) com 4 arquivos.
2025-07-14 17:16:12,898 - INFO - E-mail enviado com sucesso para MONIQUE MARGARIDA FREITAS BENJAMIM (Moniquemargarida28@gmail.com) com 4 arquivos.
2025-07-14 17:16:13,905 - INFO - E-mail enviado com sucesso para MUNIELEN BARBOSA FERNANDES (munifernandes31@outlook.com) com 4 arquivos.
2025-07-14 17:16:14,917 - INFO - E-mail enviado com sucesso para MYRELA MAKELY SCHNEIDER (schneidermyrela@gmail.com) com 4 arquivos.
2025-07-14 17:16:15,806 - INFO - E-mail enviado com sucesso para NAELI REIS DO NASCIMENTO (naelireis515@gmail.com) com 4 arquivos.
2025-07-14 17:16:17,023 - INFO - E-mail enviado com sucesso para NAIARA GARCIA DOS SANTOS (NAIARA20GARCIAS@GMAIL.COM) com 4 arquivos.
2025-07-14 17:16:18,983 - INFO - E-mail enviado com sucesso para NATALIA FRANCISCA SANTOS ALVES (lilliedesfeldes@gmail.com) com 4 arquivos.
2025-07-14 17:16:20,319 - INFO - E-mail enviado com sucesso para NEDILSON LUIZ DOS SANTOS JUNIOR (nedilson.minhorezenha@gmail.com) com 4 arquivos.
2025-07-14 17:16:21,399 - INFO - E-mail enviado com sucesso para NEIMARY STEFANY AVILA PINTO (neyavilad0513@gmail.com) com 4 arquivos.
2025-07-14 17:16:22,484 - INFO - E-mail enviado com sucesso para NELSON LOURENCO DA SILVA JUNIOR (SKYLINELOUREN@OUTLOOK.COM) com 4 arquivos.
2025-07-14 17:16:23,634 - INFO - E-mail enviado com sucesso para NEUSELIA FERREIRA LIMA RIBEIRO (Neuselia.ferreira@hotmail.com) com 4 arquivos.
2025-07-14 17:16:24,518 - INFO - E-mail enviado com sucesso para NUBIA GONCALVES DE MELO (nubiamelogoncalves@gmail.com) com 4 arquivos.
2025-07-14 17:16:25,937 - INFO - E-mail enviado com sucesso para OBERDAN CARVALHO DE AZEVEDO (oberdancarvalhoazevedo@gmail.com) com 4 arquivos.
2025-07-14 17:16:26,867 - INFO - E-mail enviado com sucesso para PABLO MARINHO REIS (Pablochn@live.com) com 4 arquivos.
2025-07-14 17:16:27,792 - INFO - E-mail enviado com sucesso para PAMELA THAIS FONSECA MIRANDA (pamela1005@icloud.com) com 4 arquivos.
2025-07-14 17:16:28,598 - INFO - E-mail enviado com sucesso para PATRICIA LUCIANA DE ALMEIDA SANTOS (Isabellepaty07@gmail.com) com 4 arquivos.
2025-07-14 17:16:29,536 - INFO - E-mail enviado com sucesso para PATRICK NUNES (patrickwork01@hotmail.com) com 4 arquivos.
2025-07-14 17:16:30,429 - INFO - E-mail enviado com sucesso para PAULA NATIELE DE SOUZA DOS REIS (pnsr3107@hotmail.com) com 4 arquivos.
2025-07-14 17:16:31,284 - INFO - E-mail enviado com sucesso para PAULO CRISTIANO ALVES (paulo.cristianoalves@gmail.com) com 4 arquivos.
2025-07-14 17:16:32,153 - INFO - E-mail enviado com sucesso para PAULO EMANUEL DOS SANTOS BARNABE TEIXEIRA (paulo.emanuel.008@gmail.com) com 4 arquivos.
2025-07-14 17:16:33,123 - INFO - E-mail enviado com sucesso para Pedro Henrique Martins Tavares (pedrohmt.ph@gmail.com) com 4 arquivos.
2025-07-14 17:16:34,034 - INFO - E-mail enviado com sucesso para PEDRO IVO CARVALHO DOS SANTOS (IVOOFICIALL@GMAIL.COM) com 4 arquivos.
2025-07-14 17:16:34,976 - INFO - E-mail enviado com sucesso para PRISCILA DA ROSA NOBRE (nprisciladarosa@gmail.com) com 4 arquivos.
2025-07-14 17:16:36,054 - INFO - E-mail enviado com sucesso para RAABE DE ALMEIDA CRUZ (Raabe.almeidaacruz@gmail.com) com 4 arquivos.
2025-07-14 17:16:37,005 - INFO - E-mail enviado com sucesso para RAFAEL COLOMBO MENDES (rm.gramado@gmail.com) com 4 arquivos.
2025-07-14 17:16:38,032 - INFO - E-mail enviado com sucesso para RAFAELA KALIANDRA PILGER DA SILVEIRA (rafaksilveira04@gmail.com) com 4 arquivos.
2025-07-14 17:16:38,993 - INFO - E-mail enviado com sucesso para RAFAELA SOUZA CARLOS (rafaquieto@gmail.com) com 4 arquivos.
2025-07-14 17:16:39,967 - INFO - E-mail enviado com sucesso para RAILDA JOSEFA CHAVES SOUSA (raildachaves21@gmail.com) com 4 arquivos.
2025-07-14 17:16:41,024 - INFO - E-mail enviado com sucesso para RAYLENE MARIA RODRIGUES HONORIO (rraylene165@gmail.com) com 4 arquivos.
2025-07-14 17:16:42,023 - INFO - E-mail enviado com sucesso para Rebeka Cossito de Amorim Laport (rebeka.cossito_@hotmail.com) com 4 arquivos.
2025-07-14 17:16:42,996 - INFO - E-mail enviado com sucesso para RENATO DE SOUZA ROCHA (rsrconsultoriaevenda@gmail.com) com 4 arquivos.
2025-07-14 17:16:44,023 - INFO - E-mail enviado com sucesso para RENATO LIMA DOS SANTOS (renatolimasantos2017@gmail.com) com 4 arquivos.
2025-07-14 17:16:44,995 - INFO - E-mail enviado com sucesso para Richard Eduard de Souza Schell (richardespecialistaemimoveis@gmail.com) com 4 arquivos.
2025-07-14 17:16:46,030 - INFO - E-mail enviado com sucesso para ROBERTA TAINARA RIBEIRO DE SOUZA (comercialrobertaribeiro@gmail.com) com 4 arquivos.
2025-07-14 17:16:47,172 - INFO - E-mail enviado com sucesso para ROBSON MERODIO BONFIM (robsonmerodio@gmail.com) com 4 arquivos.
2025-07-14 17:16:48,187 - INFO - E-mail enviado com sucesso para Rodrigo Eduardo Pereira Junior (rodrigoeduardojr18@gmail.com) com 4 arquivos.
2025-07-14 17:16:49,129 - INFO - E-mail enviado com sucesso para Rodrigo Filter de Oliveira (rodrigomanofilter@outlook.com) com 4 arquivos.
2025-07-14 17:16:50,021 - INFO - E-mail enviado com sucesso para RODRIGO PIMEL (rodrigopimel83@gmail.com) com 4 arquivos.
2025-07-14 17:16:50,959 - INFO - E-mail enviado com sucesso para ROGER ANDRE VIGO ALVES (rogervigoconsultoria@gmail.com) com 4 arquivos.
2025-07-14 17:16:51,830 - INFO - E-mail enviado com sucesso para ROSALVA SILVA PATROCINIO (rosaspatrocinio@hotmail.com) com 4 arquivos.
2025-07-14 17:16:52,798 - INFO - E-mail enviado com sucesso para RUDINEI RODRIGUES DE OLIVEIRA (rudineirodrigues.o@gmail.com) com 4 arquivos.
2025-07-14 17:16:53,891 - INFO - E-mail enviado com sucesso para RUTEMBERG CORREIA MIRANDA NASCIMENTO (berg.turismo@outlook.com) com 4 arquivos.
2025-07-14 17:16:54,947 - INFO - E-mail enviado com sucesso para SAMUEL DE ALMEIDA (samuel1618almeida@gmail.com) com 4 arquivos.
2025-07-14 17:16:56,162 - INFO - E-mail enviado com sucesso para SAMY DOS SANTOS SILVA (braasil33@gmail.com) com 4 arquivos.
2025-07-14 17:16:57,121 - INFO - E-mail enviado com sucesso para SANABIO PEREIRA SCHUMACHER (sanabiodb@gmail.com) com 4 arquivos.
2025-07-14 17:16:58,123 - INFO - E-mail enviado com sucesso para SANDRO BRUNO COSTA GARCIA (bcmadara777@gmail.com) com 4 arquivos.
2025-07-14 17:16:59,129 - INFO - E-mail enviado com sucesso para SANGELA CRISTINA ARRUDA LIMA MORAIS (scalmimobiliario@gmail.com) com 4 arquivos.
2025-07-14 17:17:00,149 - INFO - E-mail enviado com sucesso para SARA SIMAO BARBOSA DA SILVA (sarasimao1994@gmail.com) com 4 arquivos.
2025-07-14 17:17:01,123 - INFO - E-mail enviado com sucesso para SHAISTER THAUANNE DOS SANTOS RIBAS DA SILVA (thauanneribas@gmail.com) com 4 arquivos.
2025-07-14 17:17:02,172 - INFO - E-mail enviado com sucesso para STEFANE ALVES CASTRO (stefanecasttro@gmail.com) com 4 arquivos.
2025-07-14 17:17:03,000 - INFO - E-mail enviado com sucesso para STEFANE COSTA DE OLIVEIRA (stefanecosta609@gmail.com) com 1 arquivos.
2025-07-14 17:17:04,022 - INFO - E-mail enviado com sucesso para STEFANI VITORIA FERREIRA (stefaniferreira.sf.sf@gmail.com) com 4 arquivos.
2025-07-14 17:17:04,873 - INFO - E-mail enviado com sucesso para SUELLEN DA SILVA RIBEIRO (sr.consultoria07@gmail.com) com 4 arquivos.
2025-07-14 17:17:05,772 - INFO - E-mail enviado com sucesso para SUYANNE CHRISTINNE MARQUES LIMA (sussumlima@gmail.com) com 4 arquivos.
2025-07-14 17:17:06,639 - INFO - E-mail enviado com sucesso para SUZILEIA LUCAS VIANA WATTAGE (suzileiaviana@gmail.com) com 4 arquivos.
2025-07-14 17:17:07,472 - INFO - E-mail enviado com sucesso para TAIS ZULMIRA HIPOLITO (zulmirahipolito@gmail.com) com 4 arquivos.
2025-07-14 17:17:08,370 - INFO - E-mail enviado com sucesso para TAMY AIRTON MUELLER (eusootamy@gmail.com) com 4 arquivos.
2025-07-14 17:17:09,333 - INFO - E-mail enviado com sucesso para TANNYA SELENE MIERES DOMINGUEZ (Tannya381@gmail.com) com 4 arquivos.
2025-07-14 17:17:10,315 - INFO - E-mail enviado com sucesso para Tatiane Braga Medeiros (tatibmedeiros@gmail.com) com 4 arquivos.
2025-07-14 17:17:11,204 - INFO - E-mail enviado com sucesso para Tauane Aparecida Postiglioni Flavio (tauanipostiglioni6@gmail.com) com 4 arquivos.
2025-07-14 17:17:12,288 - INFO - E-mail enviado com sucesso para TEILLOR DIOVANE DE JESUS BONN (teilor__bonn@hotmail.com) com 4 arquivos.
2025-07-14 17:17:13,146 - INFO - E-mail enviado com sucesso para THAIS GONCALVES DA SILVA (thais.gvess@gmail.com) com 4 arquivos.
2025-07-14 17:17:14,159 - INFO - E-mail enviado com sucesso para THAIS KAPPAUN THEOBALD SERRA (thais.kappaun@hotmail.com) com 4 arquivos.
2025-07-14 17:17:15,117 - INFO - E-mail enviado com sucesso para THALLYS JEFFERSON DE PAIVA OLIVEIRA (thallyspaiva22@gmail.com) com 4 arquivos.
2025-07-14 17:17:16,324 - INFO - E-mail enviado com sucesso para THAYS CHRISTINNE TAVARES DE BRITO (thachris27@gmail.com) com 4 arquivos.
2025-07-14 17:17:17,223 - INFO - E-mail enviado com sucesso para THIAGO FERREIRA DA SILVA (18ferreirathiago12@gmail.com) com 4 arquivos.
2025-07-14 17:17:18,151 - INFO - E-mail enviado com sucesso para THIAGO OLIVEIRA DOS SANTOS (oliveirathiago351@gmail.com) com 4 arquivos.
2025-07-14 17:17:19,107 - INFO - E-mail enviado com sucesso para THIAGO ROGEL COSTA SOUZA (thiago_costa1992@yahoo.com) com 4 arquivos.
2025-07-14 17:17:20,129 - INFO - E-mail enviado com sucesso para THIAGO TADEU PACHECO JUNQUEIRA (thiagotadeu071287@yahoo.com) com 4 arquivos.
2025-07-14 17:17:21,103 - INFO - E-mail enviado com sucesso para TOVAR ALFF DOS SANTOS (alffsantos7@gmail.com) com 4 arquivos.
2025-07-14 17:17:22,019 - INFO - E-mail enviado com sucesso para VANESSA DEON FERREIRA (vanessadeon.corretora@gmail.com) com 4 arquivos.
2025-07-14 17:17:22,900 - INFO - E-mail enviado com sucesso para VANESSA GRACYELLY MENDES DE SOUZA GODOY (nessagsouza@gmail.com) com 4 arquivos.
2025-07-14 17:17:23,819 - INFO - E-mail enviado com sucesso para VANKLEY SALES DE MOURA (vankleysalles@gmail.com) com 4 arquivos.
2025-07-14 17:17:24,816 - INFO - E-mail enviado com sucesso para VICTOR MENEZES DOS SANTOS SILVA (victormenezes.w1@gmail.com) com 4 arquivos.
2025-07-14 17:17:25,794 - INFO - E-mail enviado com sucesso para VICTOR OTAVIO GUERREIRO BRUNELLI (victor.brunelli30@gmail.com) com 4 arquivos.
2025-07-14 17:17:26,661 - INFO - E-mail enviado com sucesso para Victoria Regina Silva de Moura (victoriamouraa@icloud.com) com 4 arquivos.
2025-07-14 17:17:27,488 - INFO - E-mail enviado com sucesso para VINICIUS LIPPO SILIPRANDI (viniciuslippo@gmail.com) com 4 arquivos.
2025-07-14 17:17:28,582 - INFO - E-mail enviado com sucesso para WEBERTH DE MEDEIROS NASCENTE (Weberthcaete15@gmail.com) com 4 arquivos.
2025-07-14 17:17:29,448 - INFO - E-mail enviado com sucesso para WELLITON CARLOS LOEBLEIN (cwelliton25@gmail.com) com 4 arquivos.
2025-07-14 17:17:30,309 - INFO - E-mail enviado com sucesso para WERBEM JARDIM MENESES (werbem.40@gmail.com) com 4 arquivos.
2025-07-14 17:17:31,341 - INFO - E-mail enviado com sucesso para WESLEY ASSIS DOS SANTOS (wesleyassis320@gmail.com) com 4 arquivos.
2025-07-14 17:17:32,348 - INFO - E-mail enviado com sucesso para WESLEY MAIA CARDOSO (wesleymaiacardoso@gmail.com) com 4 arquivos.
2025-07-14 17:17:33,236 - INFO - E-mail enviado com sucesso para YARA APARECIDA BURIN EMERICH (yaraemerich1@gmail.com) com 4 arquivos.
2025-07-14 17:17:34,131 - INFO - E-mail enviado com sucesso para LEONARDO VICTOR  MACHADO DE MEDEIROS (leonardovictor765@gmail.com) com 4 arquivos.
2025-07-14 17:17:35,057 - INFO - E-mail enviado com sucesso para LUCAS DOS SANTOS SOUSA (lucas.sousa310800@hotmail.com) com 4 arquivos.
2025-07-14 17:17:35,967 - INFO - E-mail enviado com sucesso para ZILDA ALEXSANDRA SEVERINO MARQUES (alexsandra.marquex@gmail.com) com 4 arquivos.
2025-07-14 17:17:36,909 - INFO - E-mail enviado com sucesso para JOAO BATISTA MENDES JUNIOR (juniorverdao95@gmail.com) com 4 arquivos.
2025-07-14 17:17:37,753 - INFO - E-mail enviado com sucesso para RAFAEL MARIO FELICIO (rafaelmariofelicio@gmail.com.br) com 1 arquivos.
2025-07-14 17:17:38,695 - INFO - E-mail enviado com sucesso para JADIELSON JOSE DA SILVA FERRAZ (jadielsonadm@live.com) com 4 arquivos.
2025-07-14 17:17:38,706 - ERROR - Pasta não encontrada para MARIA JOAQUINA ASSUNÇÃO FERREIRA.
2025-07-14 17:17:39,621 - INFO - E-mail enviado com sucesso para WALECE DE CASTRO LEITE (waleceikegame22@gmail.com) com 4 arquivos.
2025-07-14 17:17:40,617 - INFO - E-mail enviado com sucesso para AMANDA CORREA CAVALHEIRO (amandacavalheirocorrea@gmail.com) com 4 arquivos.
2025-07-14 17:17:41,467 - INFO - E-mail enviado com sucesso para JADSON VIEIRA DE MELO (jadinho.gdt@gmail.com) com 4 arquivos.
2025-07-14 17:17:42,529 - INFO - E-mail enviado com sucesso para THIAGO PIRES BIAVATTI (thiagobiavatti0909@gmail.com) com 4 arquivos.
2025-07-14 17:17:43,396 - INFO - E-mail enviado com sucesso para LAURA PINTO FONTES (dressit22@gmail.com) com 4 arquivos.
2025-07-14 17:17:44,277 - INFO - E-mail enviado com sucesso para GABRIELA PEIXOTO MARTINS (gaby_pm15@hotmail.com) com 4 arquivos.
2025-07-14 17:17:45,069 - INFO - E-mail enviado com sucesso para MATHEUS FELIPE FERREIRA PIMENTA (matheusffpimenta@gmail.com) com 4 arquivos.
2025-07-14 17:17:45,957 - INFO - E-mail enviado com sucesso para WILLIAN DOS SANTOS (stwillian@hotmail.com) com 4 arquivos.
2025-07-14 17:17:46,844 - INFO - E-mail enviado com sucesso para EDMARCOS SOUSA DUTRA (edmarcos.vendas@gmail.com) com 4 arquivos.
2025-07-14 17:17:47,694 - INFO - E-mail enviado com sucesso para Deise Alice de Brito de Oliveira (deisealice2207@gmail.com) com 4 arquivos.
2025-07-14 17:17:48,619 - INFO - E-mail enviado com sucesso para GABRIEL FERNANDO ALMEIDA (gabrielbarrofaldi@gmail.com) com 4 arquivos.
2025-07-14 17:17:49,576 - INFO - E-mail enviado com sucesso para RAUL CARLOS HENRIQUE FERREIRA KRIGER AMORIM ANTONY (henrique07antony@gmail.com) com 4 arquivos.
2025-07-14 17:17:50,509 - INFO - E-mail enviado com sucesso para MAURO FILLIPE MOTA (mauro.fillipe@gmail.com) com 4 arquivos.
2025-07-14 17:17:51,303 - INFO - E-mail enviado com sucesso para FABIO JOSIAS SPINDOLA (fspindola78@gmail.com) com 1 arquivos.
2025-07-14 17:17:52,122 - INFO - E-mail enviado com sucesso para FABRICIO PEREIRA PINHEIRO (fabricioxodo@hotmail.com) com 1 arquivos.
2025-07-14 17:17:52,856 - INFO - E-mail enviado com sucesso para FRANCIELLY DA SILVA MORAES (francymoraiss28@gmail.com) com 1 arquivos.
2025-07-14 17:17:53,701 - INFO - E-mail enviado com sucesso para LUCAS FAGUNDES OLIVIERA VIANA (fagundesoliveira10@gmail.com) com 1 arquivos.
2025-07-14 18:52:12,091 - INFO - E-mail enviado com sucesso para HUGO SOUZA FERRAO NETO (ti2@laghettomultipropriedade.com.br) com 4 arquivos.
2025-07-14 18:55:13,863 - INFO - E-mail enviado com sucesso para HUGO SOUZA FERRAO NETO (hugoferraoneto@gmail.com) com 4 arquivos.
2025-07-15 01:48:27,485 - INFO - E-mail enviado com sucesso para ALLAN KARDEC DA SILVA SIMAO (allankardecs74@gmail.com) com 4 arquivos.
2025-07-15 01:48:28,641 - INFO - E-mail enviado com sucesso para ALYSON HENRRIQUE SILVA SIMAO (alysonceara2019@gmail.com) com 4 arquivos.
2025-07-15 01:48:29,522 - INFO - E-mail enviado com sucesso para DAIANE ALVES LOURENCO (daianealveslourenco74@gmail.com) com 4 arquivos.
2025-07-15 01:48:30,315 - INFO - E-mail enviado com sucesso para EDILAINE CRISTINA DE OLIVEIRA LOURENCO (edilainelourenco2010@hotmail.com) com 4 arquivos.
2025-07-15 01:48:31,082 - INFO - E-mail enviado com sucesso para ESTEFANE GONCALVES PRADE (estefaneprade456@gmail.com) com 4 arquivos.
2025-07-15 01:48:31,830 - INFO - E-mail enviado com sucesso para FABRICIO NUNES HEIINECK (fabricionunesheineck@gmail.com) com 4 arquivos.
2025-07-15 01:48:32,647 - INFO - E-mail enviado com sucesso para FLAVIO MARQUES AGUIAR JUNIOR (eujunnior21@gmail.com) com 4 arquivos.
2025-07-15 01:48:33,404 - INFO - E-mail enviado com sucesso para NELSON LOURENCO DA SILVA JUNIOR (skylinelouren@outlook.com) com 4 arquivos.
2025-07-15 01:48:34,155 - INFO - E-mail enviado com sucesso para ROSALVA SILVA PATROCINIO (rosaspatrocinio@hotmail.com) com 4 arquivos.
2025-08-12 00:10:53,318 - INFO - [MÍNIMO] Extração por título foi bem-sucedida.
2025-08-12 00:10:53,319 - WARNING - [MÍNIMO] Falha na extração por título: Coluna semelhante a "credor" não encontrada.
2025-08-12 00:10:53,319 - INFO - [MÍNIMO] Tentando extração por posição fixa.
2025-08-12 00:52:13,014 - INFO - E-mail enviado com sucesso para JOAO BATISTA MENDES JUNIOR (ti2@laghettomultipropriedade.com.br) com 4 arquivos.
2025-08-12 00:55:37,800 - INFO - E-mail enviado com sucesso para JOAO BATISTA MENDES JUNIOR (ti2@laghettomultipropriedade.com.br) com 4 arquivos.
2025-08-12 01:16:16,603 - INFO - [MÍNIMO] Extração por título foi bem-sucedida.
2025-08-12 01:16:16,604 - WARNING - [MÍNIMO] Falha na extração por título: Coluna semelhante a "credor" não encontrada.
2025-08-12 01:16:16,604 - INFO - [MÍNIMO] Tentando extração por posição fixa.
2025-08-12 01:52:10,392 - INFO - E-mail enviado com sucesso para JOAO BATISTA MENDES JUNIOR (ti2@laghettomultipropriedade.com.br) com 4 arquivos.
2025-10-14 02:15:50,898 - INFO - [MÍNIMO] Extração por título foi bem-sucedida.
2025-10-14 02:15:50,899 - WARNING - [MÍNIMO] Falha na extração por título: Coluna semelhante a "credor" não encontrada.
2025-10-14 02:15:50,899 - INFO - [MÍNIMO] Tentando extração por posição fixa.
2025-10-14 07:44:36,916 - INFO - [MÍNIMO] Extração por título foi bem-sucedida.
2025-10-14 07:44:36,916 - WARNING - [MÍNIMO] Falha na extração por título: Coluna semelhante a "credor" não encontrada.
2025-10-14 07:44:36,917 - INFO - [MÍNIMO] Tentando extração por posição fixa.
2025-10-14 08:39:34,851 - INFO - [MÍNIMO] Extração por título foi bem-sucedida.
2025-10-14 08:39:34,851 - WARNING - [MÍNIMO] Falha na extração por título: Coluna semelhante a "credor" não encontrada.
2025-10-14 08:39:34,852 - INFO - [MÍNIMO] Tentando extração por posição fixa.
2025-12-09 00:02:44,517 - INFO - [MÍNIMO] Extração por título foi bem-sucedida.
2025-12-09 00:02:44,519 - WARNING - [MÍNIMO] Falha na extração por título: Coluna semelhante a "credor" não encontrada.
2025-12-09 00:02:44,519 - INFO - [MÍNIMO] Tentando extração por posição fixa.
2025-12-09 00:11:39,589 - ERROR - [MÍNIMO] Falha também na extração por posição fixa: Nenhuma linha válida encontrada na aba de mínimos.
2025-12-09 00:24:38,653 - INFO - [MÍNIMO] Extração por título foi bem-sucedida.
2025-12-09 00:24:38,654 - WARNING - [MÍNIMO] Falha na extração por título: Coluna semelhante a "credor" não encontrada.
2025-12-09 00:24:38,654 - INFO - [MÍNIMO] Tentando extração por posição fixa.
2025-12-10 16:47:06,959 - INFO - [MÍNIMO] Extração por título foi bem-sucedida.
2025-12-10 16:47:06,970 - WARNING - [MÍNIMO] Falha na extração por título: Coluna semelhante a "credor" não encontrada.
2025-12-10 16:47:06,970 - INFO - [MÍNIMO] Tentando extração por posição fixa.
2025-12-10 17:03:00,517 - INFO - [EXTRATO] Planilha EXTRATO.xlsx gerada com sucesso em PGC/33/
2025-12-10 17:30:56,309 - INFO - [MÍNIMO] Extração por título foi bem-sucedida.
2025-12-10 17:30:56,309 - WARNING - [MÍNIMO] Falha na extração por título: Coluna semelhante a "credor" não encontrada.
2025-12-10 17:30:56,309 - INFO - [MÍNIMO] Tentando extração por posição fixa.
2025-12-10 17:47:00,989 - INFO - [EXTRATO] Planilha EXTRATO.xlsx gerada com sucesso em PGC/33/
2026-01-11 10:01:14,565 - INFO - [MÍNIMO] Extração por título foi bem-sucedida.
2026-01-11 10:01:14,566 - WARNING - [MÍNIMO] Falha na extração por título: Coluna semelhante a "credor" não encontrada.
2026-01-11 10:01:14,566 - INFO - [MÍNIMO] Tentando extração por posição fixa.
2026-01-11 10:28:37,538 - INFO - [MÍNIMO] Extração por título foi bem-sucedida.
2026-01-11 10:28:37,539 - WARNING - [MÍNIMO] Falha na extração por título: Coluna semelhante a "credor" não encontrada.
2026-01-11 10:28:37,539 - INFO - [MÍNIMO] Tentando extração por posição fixa.
2026-01-12 07:47:10,931 - INFO - [MÍNIMO] Extração por título foi bem-sucedida.
2026-01-12 07:47:10,932 - WARNING - [MÍNIMO] Falha na extração por título: Coluna semelhante a "credor" não encontrada.
2026-01-12 07:47:10,932 - INFO - [MÍNIMO] Tentando extração por posição fixa.
2026-01-12 08:48:03,564 - INFO - [MÍNIMO] Extração por título foi bem-sucedida.
2026-01-12 08:48:03,565 - WARNING - [MÍNIMO] Falha na extração por título: Coluna semelhante a "credor" não encontrada.
2026-01-12 08:48:03,565 - INFO - [MÍNIMO] Tentando extração por posição fixa.
2026-01-12 09:39:57,739 - INFO - [MÍNIMO] Extração por título foi bem-sucedida.
2026-01-12 09:39:57,739 - WARNING - [MÍNIMO] Falha na extração por título: Coluna semelhante a "credor" não encontrada.
2026-01-12 09:39:57,740 - INFO - [MÍNIMO] Tentando extração por posição fixa.
2026-01-12 10:32:35,369 - INFO - [MÍNIMO] Extração por título foi bem-sucedida.
2026-01-12 10:32:35,370 - WARNING - [MÍNIMO] Falha na extração por título: Coluna semelhante a "credor" não encontrada.
2026-01-12 10:32:35,370 - INFO - [MÍNIMO] Tentando extração por posição fixa.
2026-01-14 05:29:14,465 - INFO - [MINIMO] Caminho mínimo: C:\PGC\envio_rendimentos\arquivos_gerados\PGC\34\MINIMO.xlsx
2026-01-14 05:29:14,465 - INFO - [MINIMO] Arquivo existe? False
2026-01-14 05:29:14,465 - WARNING - [MÍNIMO] mínimo.xlsx não encontrado: C:\PGC\envio_rendimentos\arquivos_gerados\PGC\34\MINIMO.xlsx
2026-01-14 05:32:19,297 - INFO - [MINIMO] Caminho mínimo: C:\PGC\envio_rendimentos\arquivos_gerados\PGC\34\MINIMO.xlsx
2026-01-14 05:32:19,297 - INFO - [MINIMO] Arquivo existe? True
2026-01-14 05:32:19,326 - ERROR - [MÍNIMO] Erro ao ler mínimo.xlsx: 'empresa'
2026-01-14 05:32:44,329 - INFO - [MINIMO] Caminho mínimo: C:\PGC\envio_rendimentos\arquivos_gerados\PGC\34\MINIMO.xlsx
2026-01-14 05:32:44,330 - INFO - [MINIMO] Arquivo existe? True
2026-01-14 05:32:44,353 - ERROR - [MÍNIMO] Erro ao ler mínimo.xlsx: 'empresa'
2026-01-14 05:36:45,346 - INFO - [MINIMO] Caminho mínimo: C:\PGC\envio_rendimentos\arquivos_gerados\PGC\34\MINIMO.xlsx
2026-01-14 05:36:45,347 - INFO - [MINIMO] Arquivo existe? True
2026-01-14 05:36:45,375 - ERROR - [MÍNIMO] Erro ao ler mínimo.xlsx: 'empresa'
2026-01-14 05:39:42,629 - INFO - [MINIMO] Caminho mínimo: C:\PGC\envio_rendimentos\arquivos_gerados\PGC\34\MINIMO.xlsx
2026-01-14 05:39:42,630 - INFO - [MINIMO] Arquivo existe? True
2026-01-14 05:39:42,655 - ERROR - [MÍNIMO] Erro ao ler mínimo.xlsx: 'empresa'
2026-01-14 05:51:29,511 - INFO - [MINIMO] Caminho mínimo: C:\PGC\envio_rendimentos\arquivos_gerados\PGC\34\MINIMO.xlsx
2026-01-14 05:51:29,511 - INFO - [MINIMO] Arquivo existe? True
2026-01-14 05:55:04,894 - INFO - [MINIMO] Caminho mínimo: C:\PGC\envio_rendimentos\arquivos_gerados\PGC\34\MINIMO.xlsx
2026-01-14 05:55:04,894 - INFO - [MINIMO] Arquivo existe? True
2026-01-14 06:16:19,578 - INFO - [MINIMO] Caminho mínimo: C:\PGC\envio_rendimentos\arquivos_gerados\PGC\34\MINIMO.xlsx
2026-01-14 06:16:19,580 - INFO - [MINIMO] Arquivo existe? True
2026-01-14 06:22:12,422 - INFO - [MINIMO] Caminho mínimo: C:\PGC\envio_rendimentos\arquivos_gerados\PGC\34\MINIMO.xlsx
2026-01-14 06:22:12,422 - INFO - [MINIMO] Arquivo existe? True
2026-01-14 06:48:29,275 - INFO - [MINIMO] Caminho mínimo: C:\PGC\envio_rendimentos\arquivos_gerados\PGC\34\MINIMO.xlsx
2026-01-14 06:48:29,276 - INFO - [MINIMO] Arquivo existe? True
2026-01-14 07:04:00,838 - INFO - [MINIMO] Caminho mínimo: C:\PGC\envio_rendimentos\arquivos_gerados\PGC\34\MINIMO.xlsx
2026-01-14 07:04:00,839 - INFO - [MINIMO] Arquivo existe? True
2026-01-14 07:04:00,877 - INFO - [MINIMO] Caminho mínimo: C:\PGC\envio_rendimentos\arquivos_gerados\PGC\34\MINIMO.xlsx
2026-01-14 07:04:00,877 - INFO - [MINIMO] Arquivo existe? True
2026-01-14 07:04:04,307 - INFO - [MINIMO] Caminho mínimo: C:\PGC\envio_rendimentos\arquivos_gerados\PGC\34\MINIMO.xlsx
2026-01-14 07:04:04,307 - INFO - [MINIMO] Arquivo existe? True
2026-01-14 07:04:05,122 - INFO - [MINIMO] Caminho mínimo: C:\PGC\envio_rendimentos\arquivos_gerados\PGC\34\MINIMO.xlsx
2026-01-14 07:04:05,122 - INFO - [MINIMO] Arquivo existe? True
2026-01-14 07:04:05,211 - INFO - [MINIMO] Caminho mínimo: C:\PGC\envio_rendimentos\arquivos_gerados\PGC\34\MINIMO.xlsx
2026-01-14 07:04:05,211 - INFO - [MINIMO] Arquivo existe? True
2026-01-14 07:04:06,556 - INFO - [MINIMO] Caminho mínimo: C:\PGC\envio_rendimentos\arquivos_gerados\PGC\34\MINIMO.xlsx
2026-01-14 07:04:06,556 - INFO - [MINIMO] Arquivo existe? True
2026-01-14 07:04:06,587 - INFO - [MINIMO] Caminho mínimo: C:\PGC\envio_rendimentos\arquivos_gerados\PGC\34\MINIMO.xlsx
2026-01-14 07:04:06,588 - INFO - [MINIMO] Arquivo existe? True
2026-01-14 07:04:07,538 - INFO - [MINIMO] Caminho mínimo: C:\PGC\envio_rendimentos\arquivos_gerados\PGC\34\MINIMO.xlsx
2026-01-14 07:04:07,538 - INFO - [MINIMO] Arquivo existe? True
2026-01-14 07:04:08,576 - INFO - [MINIMO] Caminho mínimo: C:\PGC\envio_rendimentos\arquivos_gerados\PGC\34\MINIMO.xlsx
2026-01-14 07:04:08,576 - INFO - [MINIMO] Arquivo existe? True
2026-01-14 07:04:10,032 - INFO - [MINIMO] Caminho mínimo: C:\PGC\envio_rendimentos\arquivos_gerados\PGC\34\MINIMO.xlsx
2026-01-14 07:04:10,033 - INFO - [MINIMO] Arquivo existe? True
2026-01-14 07:04:10,988 - INFO - [MINIMO] Caminho mínimo: C:\PGC\envio_rendimentos\arquivos_gerados\PGC\34\MINIMO.xlsx
2026-01-14 07:04:10,988 - INFO - [MINIMO] Arquivo existe? True
2026-01-14 07:04:12,095 - INFO - [MINIMO] Caminho mínimo: C:\PGC\envio_rendimentos\arquivos_gerados\PGC\34\MINIMO.xlsx
2026-01-14 07:04:12,095 - INFO - [MINIMO] Arquivo existe? True
2026-01-14 07:04:13,217 - INFO - [MINIMO] Caminho mínimo: C:\PGC\envio_rendimentos\arquivos_gerados\PGC\34\MINIMO.xlsx
2026-01-14 07:04:13,217 - INFO - [MINIMO] Arquivo existe? True
2026-01-14 07:04:14,543 - INFO - [MINIMO] Caminho mínimo: C:\PGC\envio_rendimentos\arquivos_gerados\PGC\34\MINIMO.xlsx
2026-01-14 07:04:14,543 - INFO - [MINIMO] Arquivo existe? True
2026-01-14 07:04:15,522 - INFO - [MINIMO] Caminho mínimo: C:\PGC\envio_rendimentos\arquivos_gerados\PGC\34\MINIMO.xlsx
2026-01-14 07:04:15,522 - INFO - [MINIMO] Arquivo existe? True
2026-01-14 07:04:16,959 - INFO - [MINIMO] Caminho mínimo: C:\PGC\envio_rendimentos\arquivos_gerados\PGC\34\MINIMO.xlsx
2026-01-14 07:04:16,960 - INFO - [MINIMO] Arquivo existe? True
2026-01-14 07:04:17,911 - INFO - [MINIMO] Caminho mínimo: C:\PGC\envio_rendimentos\arquivos_gerados\PGC\34\MINIMO.xlsx
2026-01-14 07:04:17,911 - INFO - [MINIMO] Arquivo existe? True
2026-01-14 07:04:18,713 - INFO - [MINIMO] Caminho mínimo: C:\PGC\envio_rendimentos\arquivos_gerados\PGC\34\MINIMO.xlsx
2026-01-14 07:04:18,713 - INFO - [MINIMO] Arquivo existe? True
2026-01-14 07:04:19,547 - INFO - [MINIMO] Caminho mínimo: C:\PGC\envio_rendimentos\arquivos_gerados\PGC\34\MINIMO.xlsx
2026-01-14 07:04:19,547 - INFO - [MINIMO] Arquivo existe? True
2026-01-14 07:04:20,426 - INFO - [MINIMO] Caminho mínimo: C:\PGC\envio_rendimentos\arquivos_gerados\PGC\34\MINIMO.xlsx
2026-01-14 07:04:20,426 - INFO - [MINIMO] Arquivo existe? True
2026-01-14 07:04:21,267 - INFO - [MINIMO] Caminho mínimo: C:\PGC\envio_rendimentos\arquivos_gerados\PGC\34\MINIMO.xlsx
2026-01-14 07:04:21,267 - INFO - [MINIMO] Arquivo existe? True
2026-01-14 07:04:22,478 - INFO - [MINIMO] Caminho mínimo: C:\PGC\envio_rendimentos\arquivos_gerados\PGC\34\MINIMO.xlsx
2026-01-14 07:04:22,478 - INFO - [MINIMO] Arquivo existe? True
2026-01-14 07:04:23,546 - INFO - [MINIMO] Caminho mínimo: C:\PGC\envio_rendimentos\arquivos_gerados\PGC\34\MINIMO.xlsx
2026-01-14 07:04:23,547 - INFO - [MINIMO] Arquivo existe? True
2026-01-14 07:04:23,568 - INFO - [MINIMO] Caminho mínimo: C:\PGC\envio_rendimentos\arquivos_gerados\PGC\34\MINIMO.xlsx
2026-01-14 07:04:23,568 - INFO - [MINIMO] Arquivo existe? True
2026-01-14 07:04:24,623 - INFO - [MINIMO] Caminho mínimo: C:\PGC\envio_rendimentos\arquivos_gerados\PGC\34\MINIMO.xlsx
2026-01-14 07:04:24,623 - INFO - [MINIMO] Arquivo existe? True
2026-01-14 07:04:25,562 - INFO - [MINIMO] Caminho mínimo: C:\PGC\envio_rendimentos\arquivos_gerados\PGC\34\MINIMO.xlsx
2026-01-14 07:04:25,562 - INFO - [MINIMO] Arquivo existe? True
2026-01-14 07:04:26,318 - INFO - [MINIMO] Caminho mínimo: C:\PGC\envio_rendimentos\arquivos_gerados\PGC\34\MINIMO.xlsx
2026-01-14 07:04:26,318 - INFO - [MINIMO] Arquivo existe? True
2026-01-14 07:04:27,086 - INFO - [MINIMO] Caminho mínimo: C:\PGC\envio_rendimentos\arquivos_gerados\PGC\34\MINIMO.xlsx
2026-01-14 07:04:27,086 - INFO - [MINIMO] Arquivo existe? True
2026-01-14 07:04:28,099 - INFO - [MINIMO] Caminho mínimo: C:\PGC\envio_rendimentos\arquivos_gerados\PGC\34\MINIMO.xlsx
2026-01-14 07:04:28,100 - INFO - [MINIMO] Arquivo existe? True
2026-01-14 07:04:29,256 - INFO - [MINIMO] Caminho mínimo: C:\PGC\envio_rendimentos\arquivos_gerados\PGC\34\MINIMO.xlsx
2026-01-14 07:04:29,257 - INFO - [MINIMO] Arquivo existe? True
2026-01-14 07:04:30,086 - INFO - [MINIMO] Caminho mínimo: C:\PGC\envio_rendimentos\arquivos_gerados\PGC\34\MINIMO.xlsx
2026-01-14 07:04:30,087 - INFO - [MINIMO] Arquivo existe? True
2026-01-14 07:04:30,924 - INFO - [MINIMO] Caminho mínimo: C:\PGC\envio_rendimentos\arquivos_gerados\PGC\34\MINIMO.xlsx
2026-01-14 07:04:30,924 - INFO - [MINIMO] Arquivo existe? True
2026-01-14 07:04:31,690 - INFO - [MINIMO] Caminho mínimo: C:\PGC\envio_rendimentos\arquivos_gerados\PGC\34\MINIMO.xlsx
2026-01-14 07:04:31,690 - INFO - [MINIMO] Arquivo existe? True
2026-01-14 07:04:32,498 - INFO - [MINIMO] Caminho mínimo: C:\PGC\envio_rendimentos\arquivos_gerados\PGC\34\MINIMO.xlsx
2026-01-14 07:04:32,498 - INFO - [MINIMO] Arquivo existe? True
2026-01-14 07:04:33,287 - INFO - [MINIMO] Caminho mínimo: C:\PGC\envio_rendimentos\arquivos_gerados\PGC\34\MINIMO.xlsx
2026-01-14 07:04:33,287 - INFO - [MINIMO] Arquivo existe? True
2026-01-14 07:04:33,354 - INFO - [MINIMO] Caminho mínimo: C:\PGC\envio_rendimentos\arquivos_gerados\PGC\34\MINIMO.xlsx
2026-01-14 07:04:33,355 - INFO - [MINIMO] Arquivo existe? True
2026-01-14 07:04:34,272 - INFO - [MINIMO] Caminho mínimo: C:\PGC\envio_rendimentos\arquivos_gerados\PGC\34\MINIMO.xlsx
2026-01-14 07:04:34,272 - INFO - [MINIMO] Arquivo existe? True
2026-01-14 07:04:35,356 - INFO - [MINIMO] Caminho mínimo: C:\PGC\envio_rendimentos\arquivos_gerados\PGC\34\MINIMO.xlsx
2026-01-14 07:04:35,356 - INFO - [MINIMO] Arquivo existe? True
2026-01-14 07:08:17,737 - INFO - [MINIMO] Caminho mínimo: C:\PGC\envio_rendimentos\arquivos_gerados\PGC\34\MINIMO.xlsx
2026-01-14 07:08:17,738 - INFO - [MINIMO] Arquivo existe? True
2026-01-14 07:08:17,776 - INFO - [MINIMO] Caminho mínimo: C:\PGC\envio_rendimentos\arquivos_gerados\PGC\34\MINIMO.xlsx
2026-01-14 07:08:17,777 - INFO - [MINIMO] Arquivo existe? True
2026-01-14 07:08:17,820 - INFO - [MINIMO] Caminho mínimo: C:\PGC\envio_rendimentos\arquivos_gerados\PGC\34\MINIMO.xlsx
2026-01-14 07:08:17,820 - INFO - [MINIMO] Arquivo existe? True
2026-01-14 07:08:17,863 - INFO - [MINIMO] Caminho mínimo: C:\PGC\envio_rendimentos\arquivos_gerados\PGC\34\MINIMO.xlsx
2026-01-14 07:08:17,863 - INFO - [MINIMO] Arquivo existe? True
2026-01-14 07:08:17,897 - INFO - [MINIMO] Caminho mínimo: C:\PGC\envio_rendimentos\arquivos_gerados\PGC\34\MINIMO.xlsx
2026-01-14 07:08:17,897 - INFO - [MINIMO] Arquivo existe? True
2026-01-14 07:08:17,930 - INFO - [MINIMO] Caminho mínimo: C:\PGC\envio_rendimentos\arquivos_gerados\PGC\34\MINIMO.xlsx
2026-01-14 07:08:17,931 - INFO - [MINIMO] Arquivo existe? True
2026-01-14 07:08:19,204 - INFO - [MINIMO] Caminho mínimo: C:\PGC\envio_rendimentos\arquivos_gerados\PGC\34\MINIMO.xlsx
2026-01-14 07:08:19,205 - INFO - [MINIMO] Arquivo existe? True
2026-01-14 07:08:20,078 - INFO - [MINIMO] Caminho mínimo: C:\PGC\envio_rendimentos\arquivos_gerados\PGC\34\MINIMO.xlsx
2026-01-14 07:08:20,079 - INFO - [MINIMO] Arquivo existe? True
2026-01-14 07:08:21,098 - INFO - [MINIMO] Caminho mínimo: C:\PGC\envio_rendimentos\arquivos_gerados\PGC\34\MINIMO.xlsx
2026-01-14 07:08:21,098 - INFO - [MINIMO] Arquivo existe? True
2026-01-14 07:08:22,173 - INFO - [MINIMO] Caminho mínimo: C:\PGC\envio_rendimentos\arquivos_gerados\PGC\34\MINIMO.xlsx
2026-01-14 07:08:22,173 - INFO - [MINIMO] Arquivo existe? True
2026-01-14 07:08:22,232 - INFO - [MINIMO] Caminho mínimo: C:\PGC\envio_rendimentos\arquivos_gerados\PGC\34\MINIMO.xlsx
2026-01-14 07:08:22,232 - INFO - [MINIMO] Arquivo existe? True
2026-01-14 07:08:23,133 - INFO - [MINIMO] Caminho mínimo: C:\PGC\envio_rendimentos\arquivos_gerados\PGC\34\MINIMO.xlsx
2026-01-14 07:08:23,133 - INFO - [MINIMO] Arquivo existe? True
2026-01-14 07:08:24,869 - INFO - [MINIMO] Caminho mínimo: C:\PGC\envio_rendimentos\arquivos_gerados\PGC\34\MINIMO.xlsx
2026-01-14 07:08:24,870 - INFO - [MINIMO] Arquivo existe? True
2026-01-14 07:08:25,691 - INFO - [MINIMO] Caminho mínimo: C:\PGC\envio_rendimentos\arquivos_gerados\PGC\34\MINIMO.xlsx
2026-01-14 07:08:25,691 - INFO - [MINIMO] Arquivo existe? True
2026-01-14 07:08:26,589 - INFO - [MINIMO] Caminho mínimo: C:\PGC\envio_rendimentos\arquivos_gerados\PGC\34\MINIMO.xlsx
2026-01-14 07:08:26,589 - INFO - [MINIMO] Arquivo existe? True
2026-01-14 07:08:27,445 - INFO - [MINIMO] Caminho mínimo: C:\PGC\envio_rendimentos\arquivos_gerados\PGC\34\MINIMO.xlsx
2026-01-14 07:08:27,445 - INFO - [MINIMO] Arquivo existe? True
2026-01-14 07:08:28,303 - INFO - [MINIMO] Caminho mínimo: C:\PGC\envio_rendimentos\arquivos_gerados\PGC\34\MINIMO.xlsx
2026-01-14 07:08:28,303 - INFO - [MINIMO] Arquivo existe? True
2026-01-14 07:08:29,149 - INFO - [MINIMO] Caminho mínimo: C:\PGC\envio_rendimentos\arquivos_gerados\PGC\34\MINIMO.xlsx
2026-01-14 07:08:29,150 - INFO - [MINIMO] Arquivo existe? True
2026-01-14 07:08:30,211 - INFO - [MINIMO] Caminho mínimo: C:\PGC\envio_rendimentos\arquivos_gerados\PGC\34\MINIMO.xlsx
2026-01-14 07:08:30,212 - INFO - [MINIMO] Arquivo existe? True
2026-01-14 07:08:31,171 - INFO - [MINIMO] Caminho mínimo: C:\PGC\envio_rendimentos\arquivos_gerados\PGC\34\MINIMO.xlsx
2026-01-14 07:08:31,171 - INFO - [MINIMO] Arquivo existe? True
2026-01-14 07:08:32,033 - INFO - [MINIMO] Caminho mínimo: C:\PGC\envio_rendimentos\arquivos_gerados\PGC\34\MINIMO.xlsx
2026-01-14 07:08:32,033 - INFO - [MINIMO] Arquivo existe? True
2026-01-14 07:08:32,935 - INFO - [MINIMO] Caminho mínimo: C:\PGC\envio_rendimentos\arquivos_gerados\PGC\34\MINIMO.xlsx
2026-01-14 07:08:32,936 - INFO - [MINIMO] Arquivo existe? True
2026-01-14 07:08:33,913 - INFO - [MINIMO] Caminho mínimo: C:\PGC\envio_rendimentos\arquivos_gerados\PGC\34\MINIMO.xlsx
2026-01-14 07:08:33,913 - INFO - [MINIMO] Arquivo existe? True
2026-01-14 07:08:34,800 - INFO - [MINIMO] Caminho mínimo: C:\PGC\envio_rendimentos\arquivos_gerados\PGC\34\MINIMO.xlsx
2026-01-14 07:08:34,800 - INFO - [MINIMO] Arquivo existe? True
2026-01-14 07:08:35,617 - INFO - [MINIMO] Caminho mínimo: C:\PGC\envio_rendimentos\arquivos_gerados\PGC\34\MINIMO.xlsx
2026-01-14 07:08:35,618 - INFO - [MINIMO] Arquivo existe? True
2026-01-14 07:08:36,465 - INFO - [MINIMO] Caminho mínimo: C:\PGC\envio_rendimentos\arquivos_gerados\PGC\34\MINIMO.xlsx
2026-01-14 07:08:36,466 - INFO - [MINIMO] Arquivo existe? True
2026-01-14 07:08:37,266 - INFO - [MINIMO] Caminho mínimo: C:\PGC\envio_rendimentos\arquivos_gerados\PGC\34\MINIMO.xlsx
2026-01-14 07:08:37,266 - INFO - [MINIMO] Arquivo existe? True
2026-01-14 07:08:38,060 - INFO - [MINIMO] Caminho mínimo: C:\PGC\envio_rendimentos\arquivos_gerados\PGC\34\MINIMO.xlsx
2026-01-14 07:08:38,060 - INFO - [MINIMO] Arquivo existe? True
2026-01-14 07:08:38,844 - INFO - [MINIMO] Caminho mínimo: C:\PGC\envio_rendimentos\arquivos_gerados\PGC\34\MINIMO.xlsx
2026-01-14 07:08:38,845 - INFO - [MINIMO] Arquivo existe? True
2026-01-14 07:08:39,663 - INFO - [MINIMO] Caminho mínimo: C:\PGC\envio_rendimentos\arquivos_gerados\PGC\34\MINIMO.xlsx
2026-01-14 07:08:39,664 - INFO - [MINIMO] Arquivo existe? True
2026-01-14 07:08:40,466 - INFO - [MINIMO] Caminho mínimo: C:\PGC\envio_rendimentos\arquivos_gerados\PGC\34\MINIMO.xlsx
2026-01-14 07:08:40,467 - INFO - [MINIMO] Arquivo existe? True
2026-01-14 07:08:41,251 - INFO - [MINIMO] Caminho mínimo: C:\PGC\envio_rendimentos\arquivos_gerados\PGC\34\MINIMO.xlsx
2026-01-14 07:08:41,251 - INFO - [MINIMO] Arquivo existe? True
2026-01-14 07:08:42,067 - INFO - [MINIMO] Caminho mínimo: C:\PGC\envio_rendimentos\arquivos_gerados\PGC\34\MINIMO.xlsx
2026-01-14 07:08:42,067 - INFO - [MINIMO] Arquivo existe? True
2026-01-14 07:08:42,885 - INFO - [MINIMO] Caminho mínimo: C:\PGC\envio_rendimentos\arquivos_gerados\PGC\34\MINIMO.xlsx
2026-01-14 07:08:42,886 - INFO - [MINIMO] Arquivo existe? True
2026-01-14 07:08:43,682 - INFO - [MINIMO] Caminho mínimo: C:\PGC\envio_rendimentos\arquivos_gerados\PGC\34\MINIMO.xlsx
2026-01-14 07:08:43,682 - INFO - [MINIMO] Arquivo existe? True
2026-01-14 07:08:44,539 - INFO - [MINIMO] Caminho mínimo: C:\PGC\envio_rendimentos\arquivos_gerados\PGC\34\MINIMO.xlsx
2026-01-14 07:08:44,539 - INFO - [MINIMO] Arquivo existe? True
2026-01-14 07:08:44,569 - INFO - [MINIMO] Caminho mínimo: C:\PGC\envio_rendimentos\arquivos_gerados\PGC\34\MINIMO.xlsx
2026-01-14 07:08:44,570 - INFO - [MINIMO] Arquivo existe? True
2026-01-14 07:08:45,371 - INFO - [MINIMO] Caminho mínimo: C:\PGC\envio_rendimentos\arquivos_gerados\PGC\34\MINIMO.xlsx
2026-01-14 07:08:45,371 - INFO - [MINIMO] Arquivo existe? True
2026-01-14 07:08:46,116 - INFO - [MINIMO] Caminho mínimo: C:\PGC\envio_rendimentos\arquivos_gerados\PGC\34\MINIMO.xlsx
2026-01-14 07:08:46,116 - INFO - [MINIMO] Arquivo existe? True
2026-01-14 07:08:47,217 - INFO - [MINIMO] Caminho mínimo: C:\PGC\envio_rendimentos\arquivos_gerados\PGC\34\MINIMO.xlsx
2026-01-14 07:08:47,218 - INFO - [MINIMO] Arquivo existe? True
2026-01-14 07:08:47,956 - INFO - [MINIMO] Caminho mínimo: C:\PGC\envio_rendimentos\arquivos_gerados\PGC\34\MINIMO.xlsx
2026-01-14 07:08:47,957 - INFO - [MINIMO] Arquivo existe? True
2026-01-14 07:08:48,853 - INFO - [MINIMO] Caminho mínimo: C:\PGC\envio_rendimentos\arquivos_gerados\PGC\34\MINIMO.xlsx
2026-01-14 07:08:48,853 - INFO - [MINIMO] Arquivo existe? True
2026-01-14 07:08:49,716 - INFO - [MINIMO] Caminho mínimo: C:\PGC\envio_rendimentos\arquivos_gerados\PGC\34\MINIMO.xlsx
2026-01-14 07:08:49,716 - INFO - [MINIMO] Arquivo existe? True
2026-01-14 07:08:50,498 - INFO - [MINIMO] Caminho mínimo: C:\PGC\envio_rendimentos\arquivos_gerados\PGC\34\MINIMO.xlsx
2026-01-14 07:08:50,498 - INFO - [MINIMO] Arquivo existe? True
2026-01-14 07:08:51,262 - INFO - [MINIMO] Caminho mínimo: C:\PGC\envio_rendimentos\arquivos_gerados\PGC\34\MINIMO.xlsx
2026-01-14 07:08:51,262 - INFO - [MINIMO] Arquivo existe? True
2026-01-14 07:08:52,017 - INFO - [MINIMO] Caminho mínimo: C:\PGC\envio_rendimentos\arquivos_gerados\PGC\34\MINIMO.xlsx
2026-01-14 07:08:52,017 - INFO - [MINIMO] Arquivo existe? True
2026-01-14 07:08:52,820 - INFO - [MINIMO] Caminho mínimo: C:\PGC\envio_rendimentos\arquivos_gerados\PGC\34\MINIMO.xlsx
2026-01-14 07:08:52,821 - INFO - [MINIMO] Arquivo existe? True
2026-01-14 07:08:53,527 - INFO - [MINIMO] Caminho mínimo: C:\PGC\envio_rendimentos\arquivos_gerados\PGC\34\MINIMO.xlsx
2026-01-14 07:08:53,527 - INFO - [MINIMO] Arquivo existe? True
2026-01-14 07:08:54,292 - INFO - [MINIMO] Caminho mínimo: C:\PGC\envio_rendimentos\arquivos_gerados\PGC\34\MINIMO.xlsx
2026-01-14 07:08:54,292 - INFO - [MINIMO] Arquivo existe? True
2026-01-14 07:08:55,023 - INFO - [MINIMO] Caminho mínimo: C:\PGC\envio_rendimentos\arquivos_gerados\PGC\34\MINIMO.xlsx
2026-01-14 07:08:55,023 - INFO - [MINIMO] Arquivo existe? True
2026-01-14 07:08:55,764 - INFO - [MINIMO] Caminho mínimo: C:\PGC\envio_rendimentos\arquivos_gerados\PGC\34\MINIMO.xlsx
2026-01-14 07:08:55,764 - INFO - [MINIMO] Arquivo existe? True
2026-01-14 07:08:56,566 - INFO - [MINIMO] Caminho mínimo: C:\PGC\envio_rendimentos\arquivos_gerados\PGC\34\MINIMO.xlsx
2026-01-14 07:08:56,567 - INFO - [MINIMO] Arquivo existe? True
2026-01-14 07:08:57,385 - INFO - [MINIMO] Caminho mínimo: C:\PGC\envio_rendimentos\arquivos_gerados\PGC\34\MINIMO.xlsx
2026-01-14 07:08:57,386 - INFO - [MINIMO] Arquivo existe? True
2026-01-14 07:08:58,168 - INFO - [MINIMO] Caminho mínimo: C:\PGC\envio_rendimentos\arquivos_gerados\PGC\34\MINIMO.xlsx
2026-01-14 07:08:58,168 - INFO - [MINIMO] Arquivo existe? True
2026-01-14 07:09:00,243 - INFO - [MINIMO] Caminho mínimo: C:\PGC\envio_rendimentos\arquivos_gerados\PGC\34\MINIMO.xlsx
2026-01-14 07:09:00,244 - INFO - [MINIMO] Arquivo existe? True
2026-01-14 07:09:01,820 - INFO - [MINIMO] Caminho mínimo: C:\PGC\envio_rendimentos\arquivos_gerados\PGC\34\MINIMO.xlsx
2026-01-14 07:09:01,820 - INFO - [MINIMO] Arquivo existe? True
2026-01-14 07:09:03,032 - INFO - [MINIMO] Caminho mínimo: C:\PGC\envio_rendimentos\arquivos_gerados\PGC\34\MINIMO.xlsx
2026-01-14 07:09:03,032 - INFO - [MINIMO] Arquivo existe? True
2026-01-14 07:09:03,896 - INFO - [MINIMO] Caminho mínimo: C:\PGC\envio_rendimentos\arquivos_gerados\PGC\34\MINIMO.xlsx
2026-01-14 07:09:03,897 - INFO - [MINIMO] Arquivo existe? True
2026-01-14 07:09:04,763 - INFO - [MINIMO] Caminho mínimo: C:\PGC\envio_rendimentos\arquivos_gerados\PGC\34\MINIMO.xlsx
2026-01-14 07:09:04,763 - INFO - [MINIMO] Arquivo existe? True
2026-01-14 07:09:05,597 - INFO - [MINIMO] Caminho mínimo: C:\PGC\envio_rendimentos\arquivos_gerados\PGC\34\MINIMO.xlsx
2026-01-14 07:09:05,597 - INFO - [MINIMO] Arquivo existe? True
2026-01-14 07:09:06,456 - INFO - [MINIMO] Caminho mínimo: C:\PGC\envio_rendimentos\arquivos_gerados\PGC\34\MINIMO.xlsx
2026-01-14 07:09:06,456 - INFO - [MINIMO] Arquivo existe? True
2026-01-14 07:09:06,484 - INFO - [MINIMO] Caminho mínimo: C:\PGC\envio_rendimentos\arquivos_gerados\PGC\34\MINIMO.xlsx
2026-01-14 07:09:06,484 - INFO - [MINIMO] Arquivo existe? True
2026-01-14 07:09:07,295 - INFO - [MINIMO] Caminho mínimo: C:\PGC\envio_rendimentos\arquivos_gerados\PGC\34\MINIMO.xlsx
2026-01-14 07:09:07,295 - INFO - [MINIMO] Arquivo existe? True
2026-01-14 07:09:08,055 - INFO - [MINIMO] Caminho mínimo: C:\PGC\envio_rendimentos\arquivos_gerados\PGC\34\MINIMO.xlsx
2026-01-14 07:09:08,055 - INFO - [MINIMO] Arquivo existe? True
2026-01-14 07:09:08,969 - INFO - [MINIMO] Caminho mínimo: C:\PGC\envio_rendimentos\arquivos_gerados\PGC\34\MINIMO.xlsx
2026-01-14 07:09:08,969 - INFO - [MINIMO] Arquivo existe? True
2026-01-14 07:09:09,845 - INFO - [MINIMO] Caminho mínimo: C:\PGC\envio_rendimentos\arquivos_gerados\PGC\34\MINIMO.xlsx
2026-01-14 07:09:09,845 - INFO - [MINIMO] Arquivo existe? True
2026-01-14 07:09:10,655 - INFO - [MINIMO] Caminho mínimo: C:\PGC\envio_rendimentos\arquivos_gerados\PGC\34\MINIMO.xlsx
2026-01-14 07:09:10,655 - INFO - [MINIMO] Arquivo existe? True
2026-01-14 07:09:11,462 - INFO - [MINIMO] Caminho mínimo: C:\PGC\envio_rendimentos\arquivos_gerados\PGC\34\MINIMO.xlsx
2026-01-14 07:09:11,462 - INFO - [MINIMO] Arquivo existe? True
2026-01-14 07:09:12,204 - INFO - [MINIMO] Caminho mínimo: C:\PGC\envio_rendimentos\arquivos_gerados\PGC\34\MINIMO.xlsx
2026-01-14 07:09:12,205 - INFO - [MINIMO] Arquivo existe? True
2026-01-14 07:09:13,057 - INFO - [MINIMO] Caminho mínimo: C:\PGC\envio_rendimentos\arquivos_gerados\PGC\34\MINIMO.xlsx
2026-01-14 07:09:13,057 - INFO - [MINIMO] Arquivo existe? True
2026-01-14 07:09:13,884 - INFO - [MINIMO] Caminho mínimo: C:\PGC\envio_rendimentos\arquivos_gerados\PGC\34\MINIMO.xlsx
2026-01-14 07:09:13,884 - INFO - [MINIMO] Arquivo existe? True
2026-01-14 07:09:14,961 - INFO - [MINIMO] Caminho mínimo: C:\PGC\envio_rendimentos\arquivos_gerados\PGC\34\MINIMO.xlsx
2026-01-14 07:09:14,961 - INFO - [MINIMO] Arquivo existe? True
2026-01-14 07:09:15,889 - INFO - [MINIMO] Caminho mínimo: C:\PGC\envio_rendimentos\arquivos_gerados\PGC\34\MINIMO.xlsx
2026-01-14 07:09:15,889 - INFO - [MINIMO] Arquivo existe? True
2026-01-14 07:09:15,923 - INFO - [MINIMO] Caminho mínimo: C:\PGC\envio_rendimentos\arquivos_gerados\PGC\34\MINIMO.xlsx
2026-01-14 07:09:15,923 - INFO - [MINIMO] Arquivo existe? True
2026-01-14 07:09:16,743 - INFO - [MINIMO] Caminho mínimo: C:\PGC\envio_rendimentos\arquivos_gerados\PGC\34\MINIMO.xlsx
2026-01-14 07:09:16,743 - INFO - [MINIMO] Arquivo existe? True
2026-01-14 07:09:17,927 - INFO - [MINIMO] Caminho mínimo: C:\PGC\envio_rendimentos\arquivos_gerados\PGC\34\MINIMO.xlsx
2026-01-14 07:09:17,927 - INFO - [MINIMO] Arquivo existe? True
2026-01-14 07:09:19,092 - INFO - [MINIMO] Caminho mínimo: C:\PGC\envio_rendimentos\arquivos_gerados\PGC\34\MINIMO.xlsx
2026-01-14 07:09:19,092 - INFO - [MINIMO] Arquivo existe? True
2026-01-14 07:09:19,124 - INFO - [MINIMO] Caminho mínimo: C:\PGC\envio_rendimentos\arquivos_gerados\PGC\34\MINIMO.xlsx
2026-01-14 07:09:19,124 - INFO - [MINIMO] Arquivo existe? True
2026-01-14 07:09:19,919 - INFO - [MINIMO] Caminho mínimo: C:\PGC\envio_rendimentos\arquivos_gerados\PGC\34\MINIMO.xlsx
2026-01-14 07:09:19,919 - INFO - [MINIMO] Arquivo existe? True
2026-01-14 07:09:20,776 - INFO - [MINIMO] Caminho mínimo: C:\PGC\envio_rendimentos\arquivos_gerados\PGC\34\MINIMO.xlsx
2026-01-14 07:09:20,777 - INFO - [MINIMO] Arquivo existe? True
2026-01-14 07:09:21,561 - INFO - [MINIMO] Caminho mínimo: C:\PGC\envio_rendimentos\arquivos_gerados\PGC\34\MINIMO.xlsx
2026-01-14 07:09:21,561 - INFO - [MINIMO] Arquivo existe? True
2026-01-14 07:09:22,473 - INFO - [MINIMO] Caminho mínimo: C:\PGC\envio_rendimentos\arquivos_gerados\PGC\34\MINIMO.xlsx
2026-01-14 07:09:22,474 - INFO - [MINIMO] Arquivo existe? True
2026-01-14 07:09:23,266 - INFO - [MINIMO] Caminho mínimo: C:\PGC\envio_rendimentos\arquivos_gerados\PGC\34\MINIMO.xlsx
2026-01-14 07:09:23,266 - INFO - [MINIMO] Arquivo existe? True
2026-01-14 07:09:24,233 - INFO - [MINIMO] Caminho mínimo: C:\PGC\envio_rendimentos\arquivos_gerados\PGC\34\MINIMO.xlsx
2026-01-14 07:09:24,234 - INFO - [MINIMO] Arquivo existe? True
2026-01-14 07:09:25,116 - INFO - [MINIMO] Caminho mínimo: C:\PGC\envio_rendimentos\arquivos_gerados\PGC\34\MINIMO.xlsx
2026-01-14 07:09:25,116 - INFO - [MINIMO] Arquivo existe? True
2026-01-14 07:09:26,026 - INFO - [MINIMO] Caminho mínimo: C:\PGC\envio_rendimentos\arquivos_gerados\PGC\34\MINIMO.xlsx
2026-01-14 07:09:26,026 - INFO - [MINIMO] Arquivo existe? True
2026-01-14 07:09:26,853 - INFO - [MINIMO] Caminho mínimo: C:\PGC\envio_rendimentos\arquivos_gerados\PGC\34\MINIMO.xlsx
2026-01-14 07:09:26,853 - INFO - [MINIMO] Arquivo existe? True
2026-01-14 07:09:28,036 - INFO - [MINIMO] Caminho mínimo: C:\PGC\envio_rendimentos\arquivos_gerados\PGC\34\MINIMO.xlsx
2026-01-14 07:09:28,037 - INFO - [MINIMO] Arquivo existe? True
2026-01-14 07:09:28,968 - INFO - [MINIMO] Caminho mínimo: C:\PGC\envio_rendimentos\arquivos_gerados\PGC\34\MINIMO.xlsx
2026-01-14 07:09:28,968 - INFO - [MINIMO] Arquivo existe? True
2026-01-14 07:09:29,735 - INFO - [MINIMO] Caminho mínimo: C:\PGC\envio_rendimentos\arquivos_gerados\PGC\34\MINIMO.xlsx
2026-01-14 07:09:29,735 - INFO - [MINIMO] Arquivo existe? True
2026-01-14 07:09:30,526 - INFO - [MINIMO] Caminho mínimo: C:\PGC\envio_rendimentos\arquivos_gerados\PGC\34\MINIMO.xlsx
2026-01-14 07:09:30,526 - INFO - [MINIMO] Arquivo existe? True
2026-01-14 07:09:31,337 - INFO - [MINIMO] Caminho mínimo: C:\PGC\envio_rendimentos\arquivos_gerados\PGC\34\MINIMO.xlsx
2026-01-14 07:09:31,337 - INFO - [MINIMO] Arquivo existe? True
2026-01-14 07:09:32,295 - INFO - [MINIMO] Caminho mínimo: C:\PGC\envio_rendimentos\arquivos_gerados\PGC\34\MINIMO.xlsx
2026-01-14 07:09:32,295 - INFO - [MINIMO] Arquivo existe? True
2026-01-14 07:09:33,170 - INFO - [MINIMO] Caminho mínimo: C:\PGC\envio_rendimentos\arquivos_gerados\PGC\34\MINIMO.xlsx
2026-01-14 07:09:33,170 - INFO - [MINIMO] Arquivo existe? True
2026-01-14 07:09:34,111 - INFO - [MINIMO] Caminho mínimo: C:\PGC\envio_rendimentos\arquivos_gerados\PGC\34\MINIMO.xlsx
2026-01-14 07:09:34,111 - INFO - [MINIMO] Arquivo existe? True
2026-01-14 07:09:35,094 - INFO - [MINIMO] Caminho mínimo: C:\PGC\envio_rendimentos\arquivos_gerados\PGC\34\MINIMO.xlsx
2026-01-14 07:09:35,094 - INFO - [MINIMO] Arquivo existe? True
2026-01-14 07:09:35,970 - INFO - [MINIMO] Caminho mínimo: C:\PGC\envio_rendimentos\arquivos_gerados\PGC\34\MINIMO.xlsx
2026-01-14 07:09:35,970 - INFO - [MINIMO] Arquivo existe? True
2026-01-14 07:09:36,846 - INFO - [MINIMO] Caminho mínimo: C:\PGC\envio_rendimentos\arquivos_gerados\PGC\34\MINIMO.xlsx
2026-01-14 07:09:36,846 - INFO - [MINIMO] Arquivo existe? True
2026-01-14 07:09:37,650 - INFO - [MINIMO] Caminho mínimo: C:\PGC\envio_rendimentos\arquivos_gerados\PGC\34\MINIMO.xlsx
2026-01-14 07:09:37,650 - INFO - [MINIMO] Arquivo existe? True
2026-01-14 07:09:38,448 - INFO - [MINIMO] Caminho mínimo: C:\PGC\envio_rendimentos\arquivos_gerados\PGC\34\MINIMO.xlsx
2026-01-14 07:09:38,448 - INFO - [MINIMO] Arquivo existe? True
2026-01-14 07:09:39,291 - INFO - [MINIMO] Caminho mínimo: C:\PGC\envio_rendimentos\arquivos_gerados\PGC\34\MINIMO.xlsx
2026-01-14 07:09:39,291 - INFO - [MINIMO] Arquivo existe? True
2026-01-14 07:09:39,340 - INFO - [MINIMO] Caminho mínimo: C:\PGC\envio_rendimentos\arquivos_gerados\PGC\34\MINIMO.xlsx
2026-01-14 07:09:39,341 - INFO - [MINIMO] Arquivo existe? True
2026-01-14 07:09:40,315 - INFO - [MINIMO] Caminho mínimo: C:\PGC\envio_rendimentos\arquivos_gerados\PGC\34\MINIMO.xlsx
2026-01-14 07:09:40,315 - INFO - [MINIMO] Arquivo existe? True
2026-01-14 07:09:41,124 - INFO - [MINIMO] Caminho mínimo: C:\PGC\envio_rendimentos\arquivos_gerados\PGC\34\MINIMO.xlsx
2026-01-14 07:09:41,124 - INFO - [MINIMO] Arquivo existe? True
2026-01-14 07:09:41,928 - INFO - [MINIMO] Caminho mínimo: C:\PGC\envio_rendimentos\arquivos_gerados\PGC\34\MINIMO.xlsx
2026-01-14 07:09:41,929 - INFO - [MINIMO] Arquivo existe? True
2026-01-14 07:09:43,025 - INFO - [MINIMO] Caminho mínimo: C:\PGC\envio_rendimentos\arquivos_gerados\PGC\34\MINIMO.xlsx
2026-01-14 07:09:43,025 - INFO - [MINIMO] Arquivo existe? True
2026-01-14 07:09:43,811 - INFO - [MINIMO] Caminho mínimo: C:\PGC\envio_rendimentos\arquivos_gerados\PGC\34\MINIMO.xlsx
2026-01-14 07:09:43,811 - INFO - [MINIMO] Arquivo existe? True
2026-01-14 07:09:44,641 - INFO - [MINIMO] Caminho mínimo: C:\PGC\envio_rendimentos\arquivos_gerados\PGC\34\MINIMO.xlsx
2026-01-14 07:09:44,641 - INFO - [MINIMO] Arquivo existe? True
2026-01-14 07:09:45,540 - INFO - [MINIMO] Caminho mínimo: C:\PGC\envio_rendimentos\arquivos_gerados\PGC\34\MINIMO.xlsx
2026-01-14 07:09:45,540 - INFO - [MINIMO] Arquivo existe? True
2026-01-14 07:09:46,369 - INFO - [MINIMO] Caminho mínimo: C:\PGC\envio_rendimentos\arquivos_gerados\PGC\34\MINIMO.xlsx
2026-01-14 07:09:46,369 - INFO - [MINIMO] Arquivo existe? True
2026-01-14 07:09:47,081 - INFO - [MINIMO] Caminho mínimo: C:\PGC\envio_rendimentos\arquivos_gerados\PGC\34\MINIMO.xlsx
2026-01-14 07:09:47,081 - INFO - [MINIMO] Arquivo existe? True
2026-01-14 07:09:49,005 - INFO - [MINIMO] Caminho mínimo: C:\PGC\envio_rendimentos\arquivos_gerados\PGC\34\MINIMO.xlsx
2026-01-14 07:09:49,005 - INFO - [MINIMO] Arquivo existe? True
2026-01-14 07:09:49,968 - INFO - [MINIMO] Caminho mínimo: C:\PGC\envio_rendimentos\arquivos_gerados\PGC\34\MINIMO.xlsx
2026-01-14 07:09:49,969 - INFO - [MINIMO] Arquivo existe? True
2026-01-14 07:09:50,840 - INFO - [MINIMO] Caminho mínimo: C:\PGC\envio_rendimentos\arquivos_gerados\PGC\34\MINIMO.xlsx
2026-01-14 07:09:50,840 - INFO - [MINIMO] Arquivo existe? True
2026-01-14 07:09:51,936 - INFO - [MINIMO] Caminho mínimo: C:\PGC\envio_rendimentos\arquivos_gerados\PGC\34\MINIMO.xlsx
2026-01-14 07:09:51,937 - INFO - [MINIMO] Arquivo existe? True
2026-01-14 07:09:52,748 - INFO - [MINIMO] Caminho mínimo: C:\PGC\envio_rendimentos\arquivos_gerados\PGC\34\MINIMO.xlsx
2026-01-14 07:09:52,748 - INFO - [MINIMO] Arquivo existe? True
2026-01-14 07:09:53,669 - INFO - [MINIMO] Caminho mínimo: C:\PGC\envio_rendimentos\arquivos_gerados\PGC\34\MINIMO.xlsx
2026-01-14 07:09:53,669 - INFO - [MINIMO] Arquivo existe? True
2026-01-14 07:09:54,543 - INFO - [MINIMO] Caminho mínimo: C:\PGC\envio_rendimentos\arquivos_gerados\PGC\34\MINIMO.xlsx
2026-01-14 07:09:54,543 - INFO - [MINIMO] Arquivo existe? True
2026-01-14 07:09:55,384 - INFO - [MINIMO] Caminho mínimo: C:\PGC\envio_rendimentos\arquivos_gerados\PGC\34\MINIMO.xlsx
2026-01-14 07:09:55,384 - INFO - [MINIMO] Arquivo existe? True
2026-01-14 07:09:56,325 - INFO - [MINIMO] Caminho mínimo: C:\PGC\envio_rendimentos\arquivos_gerados\PGC\34\MINIMO.xlsx
2026-01-14 07:09:56,325 - INFO - [MINIMO] Arquivo existe? True
2026-01-14 07:09:57,200 - INFO - [MINIMO] Caminho mínimo: C:\PGC\envio_rendimentos\arquivos_gerados\PGC\34\MINIMO.xlsx
2026-01-14 07:09:57,200 - INFO - [MINIMO] Arquivo existe? True
2026-01-14 07:09:58,146 - INFO - [MINIMO] Caminho mínimo: C:\PGC\envio_rendimentos\arquivos_gerados\PGC\34\MINIMO.xlsx
2026-01-14 07:09:58,146 - INFO - [MINIMO] Arquivo existe? True
2026-01-14 07:09:59,054 - INFO - [MINIMO] Caminho mínimo: C:\PGC\envio_rendimentos\arquivos_gerados\PGC\34\MINIMO.xlsx
2026-01-14 07:09:59,054 - INFO - [MINIMO] Arquivo existe? True
2026-01-14 07:09:59,972 - INFO - [MINIMO] Caminho mínimo: C:\PGC\envio_rendimentos\arquivos_gerados\PGC\34\MINIMO.xlsx
2026-01-14 07:09:59,972 - INFO - [MINIMO] Arquivo existe? True
2026-01-14 07:10:00,845 - INFO - [MINIMO] Caminho mínimo: C:\PGC\envio_rendimentos\arquivos_gerados\PGC\34\MINIMO.xlsx
2026-01-14 07:10:00,845 - INFO - [MINIMO] Arquivo existe? True
2026-01-14 07:10:02,162 - INFO - [MINIMO] Caminho mínimo: C:\PGC\envio_rendimentos\arquivos_gerados\PGC\34\MINIMO.xlsx
2026-01-14 07:10:02,162 - INFO - [MINIMO] Arquivo existe? True
2026-01-14 07:10:03,034 - INFO - [MINIMO] Caminho mínimo: C:\PGC\envio_rendimentos\arquivos_gerados\PGC\34\MINIMO.xlsx
2026-01-14 07:10:03,035 - INFO - [MINIMO] Arquivo existe? True
2026-01-14 07:10:04,334 - INFO - [MINIMO] Caminho mínimo: C:\PGC\envio_rendimentos\arquivos_gerados\PGC\34\MINIMO.xlsx
2026-01-14 07:10:04,334 - INFO - [MINIMO] Arquivo existe? True
2026-01-14 07:10:05,096 - INFO - [MINIMO] Caminho mínimo: C:\PGC\envio_rendimentos\arquivos_gerados\PGC\34\MINIMO.xlsx
2026-01-14 07:10:05,096 - INFO - [MINIMO] Arquivo existe? True
2026-01-14 07:10:05,859 - INFO - [MINIMO] Caminho mínimo: C:\PGC\envio_rendimentos\arquivos_gerados\PGC\34\MINIMO.xlsx
2026-01-14 07:10:05,859 - INFO - [MINIMO] Arquivo existe? True
2026-01-14 07:10:06,631 - INFO - [MINIMO] Caminho mínimo: C:\PGC\envio_rendimentos\arquivos_gerados\PGC\34\MINIMO.xlsx
2026-01-14 07:10:06,631 - INFO - [MINIMO] Arquivo existe? True
2026-01-14 07:10:07,491 - INFO - [MINIMO] Caminho mínimo: C:\PGC\envio_rendimentos\arquivos_gerados\PGC\34\MINIMO.xlsx
2026-01-14 07:10:07,492 - INFO - [MINIMO] Arquivo existe? True
2026-01-14 07:10:08,330 - INFO - [MINIMO] Caminho mínimo: C:\PGC\envio_rendimentos\arquivos_gerados\PGC\34\MINIMO.xlsx
2026-01-14 07:10:08,330 - INFO - [MINIMO] Arquivo existe? True
2026-01-14 07:10:09,195 - INFO - [MINIMO] Caminho mínimo: C:\PGC\envio_rendimentos\arquivos_gerados\PGC\34\MINIMO.xlsx
2026-01-14 07:10:09,195 - INFO - [MINIMO] Arquivo existe? True
2026-01-14 07:10:10,070 - INFO - [MINIMO] Caminho mínimo: C:\PGC\envio_rendimentos\arquivos_gerados\PGC\34\MINIMO.xlsx
2026-01-14 07:10:10,070 - INFO - [MINIMO] Arquivo existe? True
2026-01-14 07:10:10,991 - INFO - [MINIMO] Caminho mínimo: C:\PGC\envio_rendimentos\arquivos_gerados\PGC\34\MINIMO.xlsx
2026-01-14 07:10:10,991 - INFO - [MINIMO] Arquivo existe? True
2026-01-14 07:10:11,923 - INFO - [MINIMO] Caminho mínimo: C:\PGC\envio_rendimentos\arquivos_gerados\PGC\34\MINIMO.xlsx
2026-01-14 07:10:11,924 - INFO - [MINIMO] Arquivo existe? True
2026-01-14 07:10:12,816 - INFO - [MINIMO] Caminho mínimo: C:\PGC\envio_rendimentos\arquivos_gerados\PGC\34\MINIMO.xlsx
2026-01-14 07:10:12,816 - INFO - [MINIMO] Arquivo existe? True
2026-01-14 07:10:13,582 - INFO - [MINIMO] Caminho mínimo: C:\PGC\envio_rendimentos\arquivos_gerados\PGC\34\MINIMO.xlsx
2026-01-14 07:10:13,582 - INFO - [MINIMO] Arquivo existe? True
2026-01-14 07:10:14,366 - INFO - [MINIMO] Caminho mínimo: C:\PGC\envio_rendimentos\arquivos_gerados\PGC\34\MINIMO.xlsx
2026-01-14 07:10:14,366 - INFO - [MINIMO] Arquivo existe? True
2026-01-14 07:10:15,236 - INFO - [MINIMO] Caminho mínimo: C:\PGC\envio_rendimentos\arquivos_gerados\PGC\34\MINIMO.xlsx
2026-01-14 07:10:15,236 - INFO - [MINIMO] Arquivo existe? True
2026-01-14 07:10:16,102 - INFO - [MINIMO] Caminho mínimo: C:\PGC\envio_rendimentos\arquivos_gerados\PGC\34\MINIMO.xlsx
2026-01-14 07:10:16,102 - INFO - [MINIMO] Arquivo existe? True
2026-01-14 07:10:17,032 - INFO - [MINIMO] Caminho mínimo: C:\PGC\envio_rendimentos\arquivos_gerados\PGC\34\MINIMO.xlsx
2026-01-14 07:10:17,032 - INFO - [MINIMO] Arquivo existe? True
2026-01-14 07:10:17,928 - INFO - [MINIMO] Caminho mínimo: C:\PGC\envio_rendimentos\arquivos_gerados\PGC\34\MINIMO.xlsx
2026-01-14 07:10:17,928 - INFO - [MINIMO] Arquivo existe? True
2026-01-14 07:10:17,960 - INFO - [MINIMO] Caminho mínimo: C:\PGC\envio_rendimentos\arquivos_gerados\PGC\34\MINIMO.xlsx
2026-01-14 07:10:17,960 - INFO - [MINIMO] Arquivo existe? True
2026-01-14 07:10:18,909 - INFO - [MINIMO] Caminho mínimo: C:\PGC\envio_rendimentos\arquivos_gerados\PGC\34\MINIMO.xlsx
2026-01-14 07:10:18,910 - INFO - [MINIMO] Arquivo existe? True
2026-01-14 07:10:19,752 - INFO - [MINIMO] Caminho mínimo: C:\PGC\envio_rendimentos\arquivos_gerados\PGC\34\MINIMO.xlsx
2026-01-14 07:10:19,752 - INFO - [MINIMO] Arquivo existe? True
2026-01-14 07:10:20,576 - INFO - [MINIMO] Caminho mínimo: C:\PGC\envio_rendimentos\arquivos_gerados\PGC\34\MINIMO.xlsx
2026-01-14 07:10:20,576 - INFO - [MINIMO] Arquivo existe? True
2026-01-14 07:10:21,384 - INFO - [MINIMO] Caminho mínimo: C:\PGC\envio_rendimentos\arquivos_gerados\PGC\34\MINIMO.xlsx
2026-01-14 07:10:21,384 - INFO - [MINIMO] Arquivo existe? True
2026-01-14 07:10:22,128 - INFO - [MINIMO] Caminho mínimo: C:\PGC\envio_rendimentos\arquivos_gerados\PGC\34\MINIMO.xlsx
2026-01-14 07:10:22,128 - INFO - [MINIMO] Arquivo existe? True
2026-01-14 07:10:22,897 - INFO - [MINIMO] Caminho mínimo: C:\PGC\envio_rendimentos\arquivos_gerados\PGC\34\MINIMO.xlsx
2026-01-14 07:10:22,897 - INFO - [MINIMO] Arquivo existe? True
2026-01-14 07:10:23,712 - INFO - [MINIMO] Caminho mínimo: C:\PGC\envio_rendimentos\arquivos_gerados\PGC\34\MINIMO.xlsx
2026-01-14 07:10:23,712 - INFO - [MINIMO] Arquivo existe? True
2026-01-14 07:10:24,570 - INFO - [MINIMO] Caminho mínimo: C:\PGC\envio_rendimentos\arquivos_gerados\PGC\34\MINIMO.xlsx
2026-01-14 07:10:24,570 - INFO - [MINIMO] Arquivo existe? True
2026-01-14 07:10:25,542 - INFO - [MINIMO] Caminho mínimo: C:\PGC\envio_rendimentos\arquivos_gerados\PGC\34\MINIMO.xlsx
2026-01-14 07:10:25,543 - INFO - [MINIMO] Arquivo existe? True
2026-01-14 07:10:26,302 - INFO - [MINIMO] Caminho mínimo: C:\PGC\envio_rendimentos\arquivos_gerados\PGC\34\MINIMO.xlsx
2026-01-14 07:10:26,302 - INFO - [MINIMO] Arquivo existe? True
2026-01-14 07:10:27,513 - INFO - [MINIMO] Caminho mínimo: C:\PGC\envio_rendimentos\arquivos_gerados\PGC\34\MINIMO.xlsx
2026-01-14 07:10:27,513 - INFO - [MINIMO] Arquivo existe? True
2026-01-14 07:10:28,436 - INFO - [MINIMO] Caminho mínimo: C:\PGC\envio_rendimentos\arquivos_gerados\PGC\34\MINIMO.xlsx
2026-01-14 07:10:28,436 - INFO - [MINIMO] Arquivo existe? True
2026-01-14 07:10:29,292 - INFO - [MINIMO] Caminho mínimo: C:\PGC\envio_rendimentos\arquivos_gerados\PGC\34\MINIMO.xlsx
2026-01-14 07:10:29,292 - INFO - [MINIMO] Arquivo existe? True
2026-01-14 07:10:30,216 - INFO - [MINIMO] Caminho mínimo: C:\PGC\envio_rendimentos\arquivos_gerados\PGC\34\MINIMO.xlsx
2026-01-14 07:10:30,216 - INFO - [MINIMO] Arquivo existe? True
2026-01-14 07:10:31,025 - INFO - [MINIMO] Caminho mínimo: C:\PGC\envio_rendimentos\arquivos_gerados\PGC\34\MINIMO.xlsx
2026-01-14 07:10:31,025 - INFO - [MINIMO] Arquivo existe? True
2026-01-14 07:10:32,005 - INFO - [MINIMO] Caminho mínimo: C:\PGC\envio_rendimentos\arquivos_gerados\PGC\34\MINIMO.xlsx
2026-01-14 07:10:32,005 - INFO - [MINIMO] Arquivo existe? True
2026-01-14 07:10:33,223 - INFO - [MINIMO] Caminho mínimo: C:\PGC\envio_rendimentos\arquivos_gerados\PGC\34\MINIMO.xlsx
2026-01-14 07:10:33,223 - INFO - [MINIMO] Arquivo existe? True
2026-01-14 07:10:33,980 - INFO - [MINIMO] Caminho mínimo: C:\PGC\envio_rendimentos\arquivos_gerados\PGC\34\MINIMO.xlsx
2026-01-14 07:10:33,980 - INFO - [MINIMO] Arquivo existe? True
2026-01-14 07:10:34,836 - INFO - [MINIMO] Caminho mínimo: C:\PGC\envio_rendimentos\arquivos_gerados\PGC\34\MINIMO.xlsx
2026-01-14 07:10:34,837 - INFO - [MINIMO] Arquivo existe? True
2026-01-14 07:10:35,669 - INFO - [MINIMO] Caminho mínimo: C:\PGC\envio_rendimentos\arquivos_gerados\PGC\34\MINIMO.xlsx
2026-01-14 07:10:35,669 - INFO - [MINIMO] Arquivo existe? True
2026-01-14 07:10:35,704 - INFO - [MINIMO] Caminho mínimo: C:\PGC\envio_rendimentos\arquivos_gerados\PGC\34\MINIMO.xlsx
2026-01-14 07:10:35,705 - INFO - [MINIMO] Arquivo existe? True
2026-01-14 07:10:36,579 - INFO - [MINIMO] Caminho mínimo: C:\PGC\envio_rendimentos\arquivos_gerados\PGC\34\MINIMO.xlsx
2026-01-14 07:10:36,579 - INFO - [MINIMO] Arquivo existe? True
2026-01-14 07:10:37,343 - INFO - [MINIMO] Caminho mínimo: C:\PGC\envio_rendimentos\arquivos_gerados\PGC\34\MINIMO.xlsx
2026-01-14 07:10:37,343 - INFO - [MINIMO] Arquivo existe? True
2026-01-14 07:10:38,126 - INFO - [MINIMO] Caminho mínimo: C:\PGC\envio_rendimentos\arquivos_gerados\PGC\34\MINIMO.xlsx
2026-01-14 07:10:38,126 - INFO - [MINIMO] Arquivo existe? True
2026-01-14 07:10:38,925 - INFO - [MINIMO] Caminho mínimo: C:\PGC\envio_rendimentos\arquivos_gerados\PGC\34\MINIMO.xlsx
2026-01-14 07:10:38,926 - INFO - [MINIMO] Arquivo existe? True
2026-01-14 07:10:39,743 - INFO - [MINIMO] Caminho mínimo: C:\PGC\envio_rendimentos\arquivos_gerados\PGC\34\MINIMO.xlsx
2026-01-14 07:10:39,743 - INFO - [MINIMO] Arquivo existe? True
2026-01-14 07:10:40,522 - INFO - [MINIMO] Caminho mínimo: C:\PGC\envio_rendimentos\arquivos_gerados\PGC\34\MINIMO.xlsx
2026-01-14 07:10:40,522 - INFO - [MINIMO] Arquivo existe? True
2026-01-14 07:10:41,289 - INFO - [MINIMO] Caminho mínimo: C:\PGC\envio_rendimentos\arquivos_gerados\PGC\34\MINIMO.xlsx
2026-01-14 07:10:41,289 - INFO - [MINIMO] Arquivo existe? True
2026-01-14 07:10:42,167 - INFO - [MINIMO] Caminho mínimo: C:\PGC\envio_rendimentos\arquivos_gerados\PGC\34\MINIMO.xlsx
2026-01-14 07:10:42,167 - INFO - [MINIMO] Arquivo existe? True
2026-01-14 07:10:42,889 - INFO - [MINIMO] Caminho mínimo: C:\PGC\envio_rendimentos\arquivos_gerados\PGC\34\MINIMO.xlsx
2026-01-14 07:10:42,889 - INFO - [MINIMO] Arquivo existe? True
2026-01-14 07:10:43,647 - INFO - [MINIMO] Caminho mínimo: C:\PGC\envio_rendimentos\arquivos_gerados\PGC\34\MINIMO.xlsx
2026-01-14 07:10:43,647 - INFO - [MINIMO] Arquivo existe? True
2026-01-14 07:10:44,534 - INFO - [MINIMO] Caminho mínimo: C:\PGC\envio_rendimentos\arquivos_gerados\PGC\34\MINIMO.xlsx
2026-01-14 07:10:44,534 - INFO - [MINIMO] Arquivo existe? True
2026-01-14 07:10:45,359 - INFO - [MINIMO] Caminho mínimo: C:\PGC\envio_rendimentos\arquivos_gerados\PGC\34\MINIMO.xlsx
2026-01-14 07:10:45,360 - INFO - [MINIMO] Arquivo existe? True
2026-01-14 07:10:46,235 - INFO - [MINIMO] Caminho mínimo: C:\PGC\envio_rendimentos\arquivos_gerados\PGC\34\MINIMO.xlsx
2026-01-14 07:10:46,235 - INFO - [MINIMO] Arquivo existe? True
2026-01-14 07:10:46,268 - INFO - [MINIMO] Caminho mínimo: C:\PGC\envio_rendimentos\arquivos_gerados\PGC\34\MINIMO.xlsx
2026-01-14 07:10:46,268 - INFO - [MINIMO] Arquivo existe? True
2026-01-14 07:10:47,201 - INFO - [MINIMO] Caminho mínimo: C:\PGC\envio_rendimentos\arquivos_gerados\PGC\34\MINIMO.xlsx
2026-01-14 07:10:47,201 - INFO - [MINIMO] Arquivo existe? True
2026-01-14 07:10:47,995 - INFO - [MINIMO] Caminho mínimo: C:\PGC\envio_rendimentos\arquivos_gerados\PGC\34\MINIMO.xlsx
2026-01-14 07:10:47,995 - INFO - [MINIMO] Arquivo existe? True
2026-01-14 07:10:48,709 - INFO - [MINIMO] Caminho mínimo: C:\PGC\envio_rendimentos\arquivos_gerados\PGC\34\MINIMO.xlsx
2026-01-14 07:10:48,709 - INFO - [MINIMO] Arquivo existe? True
2026-01-14 07:10:48,735 - INFO - [MINIMO] Caminho mínimo: C:\PGC\envio_rendimentos\arquivos_gerados\PGC\34\MINIMO.xlsx
2026-01-14 07:10:48,735 - INFO - [MINIMO] Arquivo existe? True
2026-01-14 07:10:49,493 - INFO - [MINIMO] Caminho mínimo: C:\PGC\envio_rendimentos\arquivos_gerados\PGC\34\MINIMO.xlsx
2026-01-14 07:10:49,493 - INFO - [MINIMO] Arquivo existe? True
2026-01-14 07:10:50,236 - INFO - [MINIMO] Caminho mínimo: C:\PGC\envio_rendimentos\arquivos_gerados\PGC\34\MINIMO.xlsx
2026-01-14 07:10:50,236 - INFO - [MINIMO] Arquivo existe? True
2026-01-14 07:10:51,033 - INFO - [MINIMO] Caminho mínimo: C:\PGC\envio_rendimentos\arquivos_gerados\PGC\34\MINIMO.xlsx
2026-01-14 07:10:51,033 - INFO - [MINIMO] Arquivo existe? True
2026-01-14 07:10:51,790 - INFO - [MINIMO] Caminho mínimo: C:\PGC\envio_rendimentos\arquivos_gerados\PGC\34\MINIMO.xlsx
2026-01-14 07:10:51,791 - INFO - [MINIMO] Arquivo existe? True
2026-01-14 07:10:52,522 - INFO - [MINIMO] Caminho mínimo: C:\PGC\envio_rendimentos\arquivos_gerados\PGC\34\MINIMO.xlsx
2026-01-14 07:10:52,523 - INFO - [MINIMO] Arquivo existe? True
2026-01-14 07:10:53,293 - INFO - [MINIMO] Caminho mínimo: C:\PGC\envio_rendimentos\arquivos_gerados\PGC\34\MINIMO.xlsx
2026-01-14 07:10:53,293 - INFO - [MINIMO] Arquivo existe? True
2026-01-14 07:10:54,052 - INFO - [MINIMO] Caminho mínimo: C:\PGC\envio_rendimentos\arquivos_gerados\PGC\34\MINIMO.xlsx
2026-01-14 07:10:54,052 - INFO - [MINIMO] Arquivo existe? True
2026-01-14 07:10:55,205 - INFO - [MINIMO] Caminho mínimo: C:\PGC\envio_rendimentos\arquivos_gerados\PGC\34\MINIMO.xlsx
2026-01-14 07:10:55,206 - INFO - [MINIMO] Arquivo existe? True
2026-01-14 07:37:57,555 - INFO - [MINIMO] Caminho mínimo: C:\PGC\envio_rendimentos\arquivos_gerados\PGC\34\MINIMO.xlsx
2026-01-14 07:37:57,555 - INFO - [MINIMO] Arquivo existe? True
2026-01-14 07:39:29,723 - INFO - [MINIMO] Caminho mínimo: C:\PGC\envio_rendimentos\arquivos_gerados\PGC\34\MINIMO.xlsx
2026-01-14 07:39:29,724 - INFO - [MINIMO] Arquivo existe? True
2026-01-14 07:41:04,654 - INFO - [MINIMO] Caminho mínimo: C:\PGC\envio_rendimentos\arquivos_gerados\PGC\34\MINIMO.xlsx
2026-01-14 07:41:04,654 - INFO - [MINIMO] Arquivo existe? True
2026-01-14 07:43:48,472 - INFO - [MINIMO] Caminho mínimo: C:\PGC\envio_rendimentos\arquivos_gerados\PGC\34\MINIMO.xlsx
2026-01-14 07:43:48,473 - INFO - [MINIMO] Arquivo existe? True
2026-01-14 07:45:12,773 - INFO - [MINIMO] Caminho mínimo: C:\PGC\envio_rendimentos\arquivos_gerados\PGC\34\MINIMO.xlsx
2026-01-14 07:45:12,773 - INFO - [MINIMO] Arquivo existe? True
2026-01-14 07:46:33,221 - INFO - [MINIMO] Caminho mínimo: C:\PGC\envio_rendimentos\arquivos_gerados\PGC\34\MINIMO.xlsx
2026-01-14 07:46:33,222 - INFO - [MINIMO] Arquivo existe? True
2026-01-14 07:47:06,522 - INFO - [MINIMO] Caminho mínimo: C:\PGC\envio_rendimentos\arquivos_gerados\PGC\34\MINIMO.xlsx
2026-01-14 07:47:06,522 - INFO - [MINIMO] Arquivo existe? True
2026-01-14 07:48:36,356 - INFO - [MINIMO] Caminho mínimo: C:\PGC\envio_rendimentos\arquivos_gerados\PGC\34\MINIMO.xlsx
2026-01-14 07:48:36,356 - INFO - [MINIMO] Arquivo existe? True
2026-01-14 07:49:27,469 - INFO - [MINIMO] Caminho mínimo: C:\PGC\envio_rendimentos\arquivos_gerados\PGC\34\MINIMO.xlsx
2026-01-14 07:49:27,469 - INFO - [MINIMO] Arquivo existe? True
2026-01-14 07:50:00,771 - INFO - [MINIMO] Caminho mínimo: C:\PGC\envio_rendimentos\arquivos_gerados\PGC\34\MINIMO.xlsx
2026-01-14 07:50:00,771 - INFO - [MINIMO] Arquivo existe? True
2026-01-14 07:51:04,921 - INFO - [MINIMO] Caminho mínimo: C:\PGC\envio_rendimentos\arquivos_gerados\PGC\34\MINIMO.xlsx
2026-01-14 07:51:04,921 - INFO - [MINIMO] Arquivo existe? True
2026-01-14 07:52:04,856 - INFO - [MINIMO] Caminho mínimo: C:\PGC\envio_rendimentos\arquivos_gerados\PGC\34\MINIMO.xlsx
2026-01-14 07:52:04,856 - INFO - [MINIMO] Arquivo existe? True
2026-01-14 07:53:14,554 - INFO - [MINIMO] Caminho mínimo: C:\PGC\envio_rendimentos\arquivos_gerados\PGC\34\MINIMO.xlsx
2026-01-14 07:53:14,554 - INFO - [MINIMO] Arquivo existe? True
2026-01-14 07:54:20,573 - INFO - [MINIMO] Caminho mínimo: C:\PGC\envio_rendimentos\arquivos_gerados\PGC\34\MINIMO.xlsx
2026-01-14 07:54:20,573 - INFO - [MINIMO] Arquivo existe? True
2026-01-14 07:54:50,020 - INFO - [MINIMO] Caminho mínimo: C:\PGC\envio_rendimentos\arquivos_gerados\PGC\34\MINIMO.xlsx
2026-01-14 07:54:50,020 - INFO - [MINIMO] Arquivo existe? True
2026-01-14 07:55:19,691 - INFO - [MINIMO] Caminho mínimo: C:\PGC\envio_rendimentos\arquivos_gerados\PGC\34\MINIMO.xlsx
2026-01-14 07:55:19,691 - INFO - [MINIMO] Arquivo existe? True
2026-01-14 07:55:51,797 - INFO - [MINIMO] Caminho mínimo: C:\PGC\envio_rendimentos\arquivos_gerados\PGC\34\MINIMO.xlsx
2026-01-14 07:55:51,797 - INFO - [MINIMO] Arquivo existe? True
2026-01-14 09:48:28,128 - ERROR - Pasta não encontrada para Alexandra Vieira da Silva de Almeida.
2026-01-14 09:48:28,131 - ERROR - Pasta não encontrada para Cibele Aparecida Freitas.
2026-01-14 09:48:28,134 - ERROR - Pasta não encontrada para Claudia Bittencourt levy.
2026-01-14 09:48:28,136 - ERROR - Pasta não encontrada para Elcio de Almeida Leite Junior.
2026-01-14 09:48:28,138 - ERROR - Pasta não encontrada para Emerson de Nardi.
2026-01-14 09:48:28,141 - ERROR - Pasta não encontrada para Fabio Candido Cabreira.
2026-01-14 09:48:28,144 - ERROR - Pasta não encontrada para Gabriel Marlon de Souza Silva Oliveira.
2026-01-14 09:48:28,147 - ERROR - Pasta não encontrada para Gabriel Peixoto de Souza.
2026-01-14 09:48:28,149 - ERROR - Pasta não encontrada para Guilherme dos Santos Amaral.
2026-01-14 09:48:28,150 - ERROR - Pasta não encontrada para Italo Miguel Remondi.
2026-01-14 09:48:28,152 - ERROR - Pasta não encontrada para Jessica Maria Eduelfa de Souza Martins.
2026-01-14 09:48:28,154 - ERROR - Pasta não encontrada para Joao Pedro Pertile.
2026-01-14 09:48:28,156 - ERROR - Pasta não encontrada para Joao Victor Rodrigues dos Santos.
2026-01-14 09:48:28,161 - ERROR - Pasta não encontrada para Joseane Araujo Bras.
2026-01-14 09:48:28,163 - ERROR - Pasta não encontrada para Kaiane Broda Pereira.
2026-01-14 09:48:28,165 - ERROR - Pasta não encontrada para Keoma Alan Broda Pereira.
2026-01-14 09:48:28,167 - ERROR - Pasta não encontrada para Luis Gustavo Ramos da Silva.
2026-01-14 09:48:28,169 - ERROR - Pasta não encontrada para Maira Catarina Evangelista Nunes.
2026-01-14 09:48:28,171 - ERROR - Pasta não encontrada para Rebeka Cossito de Amorim Laport.
2026-01-14 09:48:28,173 - ERROR - Pasta não encontrada para Richard Eduard de Souza Schell.
2026-01-14 09:48:28,176 - ERROR - Pasta não encontrada para Rodrigo Eduardo Pereira Junior.
2026-01-14 09:48:28,178 - ERROR - Pasta não encontrada para Rodrigo Filter de Oliveira.
2026-01-14 09:48:28,180 - ERROR - Pasta não encontrada para Rutieli dos Santos Gomes.
2026-01-14 10:00:43,854 - ERROR - Pasta não encontrada para Alexandra Vieira da Silva de Almeida. Base: C:\PGC\envio_rendimentos\arquivos_gerados\PGC\034
2026-01-14 10:00:43,857 - ERROR - Pasta não encontrada para Cibele Aparecida Freitas. Base: C:\PGC\envio_rendimentos\arquivos_gerados\PGC\034
2026-01-14 10:00:43,860 - ERROR - Pasta não encontrada para Claudia Bittencourt levy. Base: C:\PGC\envio_rendimentos\arquivos_gerados\PGC\034
2026-01-14 10:00:43,861 - ERROR - Pasta não encontrada para Elcio de Almeida Leite Junior. Base: C:\PGC\envio_rendimentos\arquivos_gerados\PGC\034
2026-01-14 10:00:43,863 - ERROR - Pasta não encontrada para Emerson de Nardi. Base: C:\PGC\envio_rendimentos\arquivos_gerados\PGC\034
2026-01-14 10:00:43,865 - ERROR - Pasta não encontrada para Fabio Candido Cabreira. Base: C:\PGC\envio_rendimentos\arquivos_gerados\PGC\034
2026-01-14 10:00:43,868 - ERROR - Pasta não encontrada para Gabriel Marlon de Souza Silva Oliveira. Base: C:\PGC\envio_rendimentos\arquivos_gerados\PGC\034
2026-01-14 10:00:43,871 - ERROR - Pasta não encontrada para Gabriel Peixoto de Souza. Base: C:\PGC\envio_rendimentos\arquivos_gerados\PGC\034
2026-01-14 10:00:43,873 - ERROR - Pasta não encontrada para Guilherme dos Santos Amaral. Base: C:\PGC\envio_rendimentos\arquivos_gerados\PGC\034
2026-01-14 10:00:43,875 - ERROR - Pasta não encontrada para Italo Miguel Remondi. Base: C:\PGC\envio_rendimentos\arquivos_gerados\PGC\034
2026-01-14 10:00:43,877 - ERROR - Pasta não encontrada para Jessica Maria Eduelfa de Souza Martins. Base: C:\PGC\envio_rendimentos\arquivos_gerados\PGC\034
2026-01-14 10:00:43,879 - ERROR - Pasta não encontrada para Joao Pedro Pertile. Base: C:\PGC\envio_rendimentos\arquivos_gerados\PGC\034
2026-01-14 10:00:43,881 - ERROR - Pasta não encontrada para Joao Victor Rodrigues dos Santos. Base: C:\PGC\envio_rendimentos\arquivos_gerados\PGC\034
2026-01-14 10:00:43,883 - ERROR - Pasta não encontrada para Joseane Araujo Bras. Base: C:\PGC\envio_rendimentos\arquivos_gerados\PGC\034
2026-01-14 10:00:43,887 - ERROR - Pasta não encontrada para Kaiane Broda Pereira. Base: C:\PGC\envio_rendimentos\arquivos_gerados\PGC\034
2026-01-14 10:00:43,889 - ERROR - Pasta não encontrada para Keoma Alan Broda Pereira. Base: C:\PGC\envio_rendimentos\arquivos_gerados\PGC\034
2026-01-14 10:00:43,891 - ERROR - Pasta não encontrada para Luis Gustavo Ramos da Silva. Base: C:\PGC\envio_rendimentos\arquivos_gerados\PGC\034
2026-01-14 10:00:43,893 - ERROR - Pasta não encontrada para Maira Catarina Evangelista Nunes. Base: C:\PGC\envio_rendimentos\arquivos_gerados\PGC\034
2026-01-14 10:00:43,895 - ERROR - Pasta não encontrada para Rebeka Cossito de Amorim Laport. Base: C:\PGC\envio_rendimentos\arquivos_gerados\PGC\034
2026-01-14 10:00:43,896 - ERROR - Pasta não encontrada para Richard Eduard de Souza Schell. Base: C:\PGC\envio_rendimentos\arquivos_gerados\PGC\034
2026-01-14 10:00:43,898 - ERROR - Pasta não encontrada para Rodrigo Eduardo Pereira Junior. Base: C:\PGC\envio_rendimentos\arquivos_gerados\PGC\034
2026-01-14 10:00:43,900 - ERROR - Pasta não encontrada para Rodrigo Filter de Oliveira. Base: C:\PGC\envio_rendimentos\arquivos_gerados\PGC\034
2026-01-14 10:00:43,904 - ERROR - Pasta não encontrada para Rutieli dos Santos Gomes. Base: C:\PGC\envio_rendimentos\arquivos_gerados\PGC\034
2026-01-14 10:15:59,658 - ERROR - [PASTA] Base do PGC não existe: C:\PGC\envio_rendimentos\arquivos_gerados\PGC\034
2026-01-14 10:15:59,658 - ERROR - Pasta não encontrada para Alexandra Vieira da Silva de Almeida. Base: C:\PGC\envio_rendimentos\arquivos_gerados\PGC\034
2026-01-14 10:15:59,661 - ERROR - [PASTA] Base do PGC não existe: C:\PGC\envio_rendimentos\arquivos_gerados\PGC\034
2026-01-14 10:15:59,661 - ERROR - Pasta não encontrada para Cibele Aparecida Freitas. Base: C:\PGC\envio_rendimentos\arquivos_gerados\PGC\034
2026-01-14 10:15:59,664 - ERROR - [PASTA] Base do PGC não existe: C:\PGC\envio_rendimentos\arquivos_gerados\PGC\034
2026-01-14 10:15:59,664 - ERROR - Pasta não encontrada para Claudia Bittencourt levy. Base: C:\PGC\envio_rendimentos\arquivos_gerados\PGC\034
2026-01-14 10:15:59,666 - ERROR - [PASTA] Base do PGC não existe: C:\PGC\envio_rendimentos\arquivos_gerados\PGC\034
2026-01-14 10:15:59,666 - ERROR - Pasta não encontrada para Elcio de Almeida Leite Junior. Base: C:\PGC\envio_rendimentos\arquivos_gerados\PGC\034
2026-01-14 10:15:59,668 - ERROR - [PASTA] Base do PGC não existe: C:\PGC\envio_rendimentos\arquivos_gerados\PGC\034
2026-01-14 10:15:59,668 - ERROR - Pasta não encontrada para Emerson de Nardi. Base: C:\PGC\envio_rendimentos\arquivos_gerados\PGC\034
2026-01-14 10:15:59,670 - ERROR - [PASTA] Base do PGC não existe: C:\PGC\envio_rendimentos\arquivos_gerados\PGC\034
2026-01-14 10:15:59,670 - ERROR - Pasta não encontrada para Fabio Candido Cabreira. Base: C:\PGC\envio_rendimentos\arquivos_gerados\PGC\034
2026-01-14 10:15:59,672 - ERROR - [PASTA] Base do PGC não existe: C:\PGC\envio_rendimentos\arquivos_gerados\PGC\034
2026-01-14 10:15:59,672 - ERROR - Pasta não encontrada para Gabriel Marlon de Souza Silva Oliveira. Base: C:\PGC\envio_rendimentos\arquivos_gerados\PGC\034
2026-01-14 10:15:59,675 - ERROR - [PASTA] Base do PGC não existe: C:\PGC\envio_rendimentos\arquivos_gerados\PGC\034
2026-01-14 10:15:59,675 - ERROR - Pasta não encontrada para Gabriel Peixoto de Souza. Base: C:\PGC\envio_rendimentos\arquivos_gerados\PGC\034
2026-01-14 10:15:59,677 - ERROR - [PASTA] Base do PGC não existe: C:\PGC\envio_rendimentos\arquivos_gerados\PGC\034
2026-01-14 10:15:59,678 - ERROR - Pasta não encontrada para Guilherme dos Santos Amaral. Base: C:\PGC\envio_rendimentos\arquivos_gerados\PGC\034
2026-01-14 10:15:59,680 - ERROR - [PASTA] Base do PGC não existe: C:\PGC\envio_rendimentos\arquivos_gerados\PGC\034
2026-01-14 10:15:59,680 - ERROR - Pasta não encontrada para Italo Miguel Remondi. Base: C:\PGC\envio_rendimentos\arquivos_gerados\PGC\034
2026-01-14 10:15:59,682 - ERROR - [PASTA] Base do PGC não existe: C:\PGC\envio_rendimentos\arquivos_gerados\PGC\034
2026-01-14 10:15:59,682 - ERROR - Pasta não encontrada para Jessica Maria Eduelfa de Souza Martins. Base: C:\PGC\envio_rendimentos\arquivos_gerados\PGC\034
2026-01-14 10:15:59,684 - ERROR - [PASTA] Base do PGC não existe: C:\PGC\envio_rendimentos\arquivos_gerados\PGC\034
2026-01-14 10:15:59,684 - ERROR - Pasta não encontrada para Joao Pedro Pertile. Base: C:\PGC\envio_rendimentos\arquivos_gerados\PGC\034
2026-01-14 10:15:59,686 - ERROR - [PASTA] Base do PGC não existe: C:\PGC\envio_rendimentos\arquivos_gerados\PGC\034
2026-01-14 10:15:59,686 - ERROR - Pasta não encontrada para Joao Victor Rodrigues dos Santos. Base: C:\PGC\envio_rendimentos\arquivos_gerados\PGC\034
2026-01-14 10:15:59,689 - ERROR - [PASTA] Base do PGC não existe: C:\PGC\envio_rendimentos\arquivos_gerados\PGC\034
2026-01-14 10:15:59,689 - ERROR - Pasta não encontrada para Joseane Araujo Bras. Base: C:\PGC\envio_rendimentos\arquivos_gerados\PGC\034
2026-01-14 10:15:59,691 - ERROR - [PASTA] Base do PGC não existe: C:\PGC\envio_rendimentos\arquivos_gerados\PGC\034
2026-01-14 10:15:59,691 - ERROR - Pasta não encontrada para Kaiane Broda Pereira. Base: C:\PGC\envio_rendimentos\arquivos_gerados\PGC\034
2026-01-14 10:15:59,694 - ERROR - [PASTA] Base do PGC não existe: C:\PGC\envio_rendimentos\arquivos_gerados\PGC\034
2026-01-14 10:15:59,694 - ERROR - Pasta não encontrada para Keoma Alan Broda Pereira. Base: C:\PGC\envio_rendimentos\arquivos_gerados\PGC\034
2026-01-14 10:15:59,697 - ERROR - [PASTA] Base do PGC não existe: C:\PGC\envio_rendimentos\arquivos_gerados\PGC\034
2026-01-14 10:15:59,697 - ERROR - Pasta não encontrada para Luis Gustavo Ramos da Silva. Base: C:\PGC\envio_rendimentos\arquivos_gerados\PGC\034
2026-01-14 10:15:59,700 - ERROR - [PASTA] Base do PGC não existe: C:\PGC\envio_rendimentos\arquivos_gerados\PGC\034
2026-01-14 10:15:59,700 - ERROR - Pasta não encontrada para Maira Catarina Evangelista Nunes. Base: C:\PGC\envio_rendimentos\arquivos_gerados\PGC\034
2026-01-14 10:15:59,702 - ERROR - [PASTA] Base do PGC não existe: C:\PGC\envio_rendimentos\arquivos_gerados\PGC\034
2026-01-14 10:15:59,702 - ERROR - Pasta não encontrada para Rebeka Cossito de Amorim Laport. Base: C:\PGC\envio_rendimentos\arquivos_gerados\PGC\034
2026-01-14 10:15:59,704 - ERROR - [PASTA] Base do PGC não existe: C:\PGC\envio_rendimentos\arquivos_gerados\PGC\034
2026-01-14 10:15:59,704 - ERROR - Pasta não encontrada para Richard Eduard de Souza Schell. Base: C:\PGC\envio_rendimentos\arquivos_gerados\PGC\034
2026-01-14 10:15:59,706 - ERROR - [PASTA] Base do PGC não existe: C:\PGC\envio_rendimentos\arquivos_gerados\PGC\034
2026-01-14 10:15:59,706 - ERROR - Pasta não encontrada para Rodrigo Eduardo Pereira Junior. Base: C:\PGC\envio_rendimentos\arquivos_gerados\PGC\034
2026-01-14 10:15:59,708 - ERROR - [PASTA] Base do PGC não existe: C:\PGC\envio_rendimentos\arquivos_gerados\PGC\034
2026-01-14 10:15:59,708 - ERROR - Pasta não encontrada para Rodrigo Filter de Oliveira. Base: C:\PGC\envio_rendimentos\arquivos_gerados\PGC\034
2026-01-14 10:15:59,711 - ERROR - [PASTA] Base do PGC não existe: C:\PGC\envio_rendimentos\arquivos_gerados\PGC\034
2026-01-14 10:15:59,712 - ERROR - Pasta não encontrada para Rutieli dos Santos Gomes. Base: C:\PGC\envio_rendimentos\arquivos_gerados\PGC\034
2026-01-14 10:17:00,193 - INFO - [PASTA] Match encontrado: Alexandra Vieira da Silva de Almeida
2026-01-14 10:17:00,207 - INFO - [MINIMO] Colunas da planilha: ['credor', 'minimo', 'empresa_emissao', 'cnpj']
2026-01-14 10:17:00,207 - INFO - [MINIMO] Total de linhas: 7
2026-01-14 10:17:00,207 - INFO - [MINIMO] Comparando planilha='SUZILEIA LUCAS VIANA WATTAGE' com credor='ALEXANDRA VIEIRA DA SILVA DE ALMEIDA'
2026-01-14 10:17:00,208 - INFO - [MINIMO] Comparando planilha='SARA JENNIFER ALVES BARBOSA' com credor='ALEXANDRA VIEIRA DA SILVA DE ALMEIDA'
2026-01-14 10:17:00,208 - INFO - [MINIMO] Comparando planilha='LARA VITORIA DE CARVALHO CORRENTE' com credor='ALEXANDRA VIEIRA DA SILVA DE ALMEIDA'
2026-01-14 10:17:00,208 - INFO - [MINIMO] Comparando planilha='YASMIN DIAS BRUCE' com credor='ALEXANDRA VIEIRA DA SILVA DE ALMEIDA'
2026-01-14 10:17:00,208 - INFO - [MINIMO] Comparando planilha='SERGIO WILLIAM DA SILVA DOS SANTOS' com credor='ALEXANDRA VIEIRA DA SILVA DE ALMEIDA'
2026-01-14 10:17:00,209 - INFO - [MINIMO] Comparando planilha='MARIA EDUARDA SCHUTZ BOCH' com credor='ALEXANDRA VIEIRA DA SILVA DE ALMEIDA'
2026-01-14 10:17:00,209 - INFO - [MINIMO] Comparando planilha='NEYMARY STEFANY AVILA PINTO' com credor='ALEXANDRA VIEIRA DA SILVA DE ALMEIDA'
2026-01-14 10:17:02,704 - INFO - E-mail enviado com sucesso para Alexandra Vieira da Silva de Almeida (ale.nicolly@hotmail.com) com 4 arquivos.
2026-01-14 10:17:02,717 - INFO - [PASTA] Match encontrado: Cibele Aparecida Freitas
2026-01-14 10:17:02,725 - INFO - [MINIMO] Colunas da planilha: ['credor', 'minimo', 'empresa_emissao', 'cnpj']
2026-01-14 10:17:02,725 - INFO - [MINIMO] Total de linhas: 7
2026-01-14 10:17:02,725 - INFO - [MINIMO] Comparando planilha='SUZILEIA LUCAS VIANA WATTAGE' com credor='CIBELE APARECIDA FREITAS'
2026-01-14 10:17:02,726 - INFO - [MINIMO] Comparando planilha='SARA JENNIFER ALVES BARBOSA' com credor='CIBELE APARECIDA FREITAS'
2026-01-14 10:17:02,726 - INFO - [MINIMO] Comparando planilha='LARA VITORIA DE CARVALHO CORRENTE' com credor='CIBELE APARECIDA FREITAS'
2026-01-14 10:17:02,726 - INFO - [MINIMO] Comparando planilha='YASMIN DIAS BRUCE' com credor='CIBELE APARECIDA FREITAS'
2026-01-14 10:17:02,726 - INFO - [MINIMO] Comparando planilha='SERGIO WILLIAM DA SILVA DOS SANTOS' com credor='CIBELE APARECIDA FREITAS'
2026-01-14 10:17:02,726 - INFO - [MINIMO] Comparando planilha='MARIA EDUARDA SCHUTZ BOCH' com credor='CIBELE APARECIDA FREITAS'
2026-01-14 10:17:02,726 - INFO - [MINIMO] Comparando planilha='NEYMARY STEFANY AVILA PINTO' com credor='CIBELE APARECIDA FREITAS'
2026-01-14 10:17:03,427 - INFO - E-mail enviado com sucesso para Cibele Aparecida Freitas (cibeleapfreitas@gmail.com) com 4 arquivos.
2026-01-14 10:17:03,438 - INFO - [PASTA] Match encontrado: Claudia Bittencourt levy
2026-01-14 10:17:03,447 - INFO - [MINIMO] Colunas da planilha: ['credor', 'minimo', 'empresa_emissao', 'cnpj']
2026-01-14 10:17:03,447 - INFO - [MINIMO] Total de linhas: 7
2026-01-14 10:17:03,447 - INFO - [MINIMO] Comparando planilha='SUZILEIA LUCAS VIANA WATTAGE' com credor='CLAUDIA BITTENCOURT LEVY'
2026-01-14 10:17:03,447 - INFO - [MINIMO] Comparando planilha='SARA JENNIFER ALVES BARBOSA' com credor='CLAUDIA BITTENCOURT LEVY'
2026-01-14 10:17:03,447 - INFO - [MINIMO] Comparando planilha='LARA VITORIA DE CARVALHO CORRENTE' com credor='CLAUDIA BITTENCOURT LEVY'
2026-01-14 10:17:03,448 - INFO - [MINIMO] Comparando planilha='YASMIN DIAS BRUCE' com credor='CLAUDIA BITTENCOURT LEVY'
2026-01-14 10:17:03,448 - INFO - [MINIMO] Comparando planilha='SERGIO WILLIAM DA SILVA DOS SANTOS' com credor='CLAUDIA BITTENCOURT LEVY'
2026-01-14 10:17:03,448 - INFO - [MINIMO] Comparando planilha='MARIA EDUARDA SCHUTZ BOCH' com credor='CLAUDIA BITTENCOURT LEVY'
2026-01-14 10:17:03,448 - INFO - [MINIMO] Comparando planilha='NEYMARY STEFANY AVILA PINTO' com credor='CLAUDIA BITTENCOURT LEVY'
2026-01-14 10:17:04,253 - INFO - E-mail enviado com sucesso para Claudia Bittencourt levy (CLAUDIABIELY2017@GMAIL.COM) com 4 arquivos.
2026-01-14 10:17:04,266 - INFO - [PASTA] Match encontrado: Elcio de Almeida Leite Junior
2026-01-14 10:17:04,273 - INFO - [MINIMO] Colunas da planilha: ['credor', 'minimo', 'empresa_emissao', 'cnpj']
2026-01-14 10:17:04,274 - INFO - [MINIMO] Total de linhas: 7
2026-01-14 10:17:04,274 - INFO - [MINIMO] Comparando planilha='SUZILEIA LUCAS VIANA WATTAGE' com credor='ELCIO DE ALMEIDA LEITE JUNIOR'
2026-01-14 10:17:04,274 - INFO - [MINIMO] Comparando planilha='SARA JENNIFER ALVES BARBOSA' com credor='ELCIO DE ALMEIDA LEITE JUNIOR'
2026-01-14 10:17:04,274 - INFO - [MINIMO] Comparando planilha='LARA VITORIA DE CARVALHO CORRENTE' com credor='ELCIO DE ALMEIDA LEITE JUNIOR'
2026-01-14 10:17:04,274 - INFO - [MINIMO] Comparando planilha='YASMIN DIAS BRUCE' com credor='ELCIO DE ALMEIDA LEITE JUNIOR'
2026-01-14 10:17:04,274 - INFO - [MINIMO] Comparando planilha='SERGIO WILLIAM DA SILVA DOS SANTOS' com credor='ELCIO DE ALMEIDA LEITE JUNIOR'
2026-01-14 10:17:04,275 - INFO - [MINIMO] Comparando planilha='MARIA EDUARDA SCHUTZ BOCH' com credor='ELCIO DE ALMEIDA LEITE JUNIOR'
2026-01-14 10:17:04,275 - INFO - [MINIMO] Comparando planilha='NEYMARY STEFANY AVILA PINTO' com credor='ELCIO DE ALMEIDA LEITE JUNIOR'
2026-01-14 10:17:05,009 - INFO - E-mail enviado com sucesso para Elcio de Almeida Leite Junior (junior_brasill@hotmail.com) com 4 arquivos.
2026-01-14 10:17:05,030 - INFO - [PASTA] Match encontrado: Emerson de Nardi
2026-01-14 10:17:05,045 - INFO - [MINIMO] Colunas da planilha: ['credor', 'minimo', 'empresa_emissao', 'cnpj']
2026-01-14 10:17:05,045 - INFO - [MINIMO] Total de linhas: 7
2026-01-14 10:17:05,046 - INFO - [MINIMO] Comparando planilha='SUZILEIA LUCAS VIANA WATTAGE' com credor='EMERSON DE NARDI'
2026-01-14 10:17:05,046 - INFO - [MINIMO] Comparando planilha='SARA JENNIFER ALVES BARBOSA' com credor='EMERSON DE NARDI'
2026-01-14 10:17:05,047 - INFO - [MINIMO] Comparando planilha='LARA VITORIA DE CARVALHO CORRENTE' com credor='EMERSON DE NARDI'
2026-01-14 10:17:05,047 - INFO - [MINIMO] Comparando planilha='YASMIN DIAS BRUCE' com credor='EMERSON DE NARDI'
2026-01-14 10:17:05,047 - INFO - [MINIMO] Comparando planilha='SERGIO WILLIAM DA SILVA DOS SANTOS' com credor='EMERSON DE NARDI'
2026-01-14 10:17:05,047 - INFO - [MINIMO] Comparando planilha='MARIA EDUARDA SCHUTZ BOCH' com credor='EMERSON DE NARDI'
2026-01-14 10:17:05,048 - INFO - [MINIMO] Comparando planilha='NEYMARY STEFANY AVILA PINTO' com credor='EMERSON DE NARDI'
2026-01-14 10:17:05,870 - INFO - E-mail enviado com sucesso para Emerson de Nardi (EMERSONDENARDI.EDN@GMAIL.COM) com 4 arquivos.
2026-01-14 10:17:05,883 - INFO - [PASTA] Match encontrado: Fabio Candido Cabreira
2026-01-14 10:17:05,891 - INFO - [MINIMO] Colunas da planilha: ['credor', 'minimo', 'empresa_emissao', 'cnpj']
2026-01-14 10:17:05,891 - INFO - [MINIMO] Total de linhas: 7
2026-01-14 10:17:05,892 - INFO - [MINIMO] Comparando planilha='SUZILEIA LUCAS VIANA WATTAGE' com credor='FABIO CANDIDO CABREIRA'
2026-01-14 10:17:05,892 - INFO - [MINIMO] Comparando planilha='SARA JENNIFER ALVES BARBOSA' com credor='FABIO CANDIDO CABREIRA'
2026-01-14 10:17:05,892 - INFO - [MINIMO] Comparando planilha='LARA VITORIA DE CARVALHO CORRENTE' com credor='FABIO CANDIDO CABREIRA'
2026-01-14 10:17:05,892 - INFO - [MINIMO] Comparando planilha='YASMIN DIAS BRUCE' com credor='FABIO CANDIDO CABREIRA'
2026-01-14 10:17:05,892 - INFO - [MINIMO] Comparando planilha='SERGIO WILLIAM DA SILVA DOS SANTOS' com credor='FABIO CANDIDO CABREIRA'
2026-01-14 10:17:05,893 - INFO - [MINIMO] Comparando planilha='MARIA EDUARDA SCHUTZ BOCH' com credor='FABIO CANDIDO CABREIRA'
2026-01-14 10:17:05,893 - INFO - [MINIMO] Comparando planilha='NEYMARY STEFANY AVILA PINTO' com credor='FABIO CANDIDO CABREIRA'
2026-01-14 10:17:06,766 - INFO - E-mail enviado com sucesso para Fabio Candido Cabreira (fabio-cabreira@hotmail.com) com 4 arquivos.
2026-01-14 10:17:06,791 - INFO - [PASTA] Match encontrado: Gabriel Marlon de Souza Silva Oliveira
2026-01-14 10:17:06,801 - INFO - [MINIMO] Colunas da planilha: ['credor', 'minimo', 'empresa_emissao', 'cnpj']
2026-01-14 10:17:06,801 - INFO - [MINIMO] Total de linhas: 7
2026-01-14 10:17:06,801 - INFO - [MINIMO] Comparando planilha='SUZILEIA LUCAS VIANA WATTAGE' com credor='GABRIEL MARLON DE SOUZA SILVA OLIVEIRA'
2026-01-14 10:17:06,801 - INFO - [MINIMO] Comparando planilha='SARA JENNIFER ALVES BARBOSA' com credor='GABRIEL MARLON DE SOUZA SILVA OLIVEIRA'
2026-01-14 10:17:06,801 - INFO - [MINIMO] Comparando planilha='LARA VITORIA DE CARVALHO CORRENTE' com credor='GABRIEL MARLON DE SOUZA SILVA OLIVEIRA'
2026-01-14 10:17:06,802 - INFO - [MINIMO] Comparando planilha='YASMIN DIAS BRUCE' com credor='GABRIEL MARLON DE SOUZA SILVA OLIVEIRA'
2026-01-14 10:17:06,802 - INFO - [MINIMO] Comparando planilha='SERGIO WILLIAM DA SILVA DOS SANTOS' com credor='GABRIEL MARLON DE SOUZA SILVA OLIVEIRA'
2026-01-14 10:17:06,802 - INFO - [MINIMO] Comparando planilha='MARIA EDUARDA SCHUTZ BOCH' com credor='GABRIEL MARLON DE SOUZA SILVA OLIVEIRA'
2026-01-14 10:17:06,802 - INFO - [MINIMO] Comparando planilha='NEYMARY STEFANY AVILA PINTO' com credor='GABRIEL MARLON DE SOUZA SILVA OLIVEIRA'
2026-01-14 10:17:07,543 - INFO - E-mail enviado com sucesso para Gabriel Marlon de Souza Silva Oliveira (gabrielmarlon1987@hotmail.com) com 4 arquivos.
2026-01-14 10:17:07,566 - INFO - [PASTA] Match encontrado: Gabriel Peixoto de Souza
2026-01-14 10:17:07,578 - INFO - [MINIMO] Colunas da planilha: ['credor', 'minimo', 'empresa_emissao', 'cnpj']
2026-01-14 10:17:07,578 - INFO - [MINIMO] Total de linhas: 7
2026-01-14 10:17:07,578 - INFO - [MINIMO] Comparando planilha='SUZILEIA LUCAS VIANA WATTAGE' com credor='GABRIEL PEIXOTO DE SOUZA'
2026-01-14 10:17:07,578 - INFO - [MINIMO] Comparando planilha='SARA JENNIFER ALVES BARBOSA' com credor='GABRIEL PEIXOTO DE SOUZA'
2026-01-14 10:17:07,578 - INFO - [MINIMO] Comparando planilha='LARA VITORIA DE CARVALHO CORRENTE' com credor='GABRIEL PEIXOTO DE SOUZA'
2026-01-14 10:17:07,579 - INFO - [MINIMO] Comparando planilha='YASMIN DIAS BRUCE' com credor='GABRIEL PEIXOTO DE SOUZA'
2026-01-14 10:17:07,579 - INFO - [MINIMO] Comparando planilha='SERGIO WILLIAM DA SILVA DOS SANTOS' com credor='GABRIEL PEIXOTO DE SOUZA'
2026-01-14 10:17:07,579 - INFO - [MINIMO] Comparando planilha='MARIA EDUARDA SCHUTZ BOCH' com credor='GABRIEL PEIXOTO DE SOUZA'
2026-01-14 10:17:07,579 - INFO - [MINIMO] Comparando planilha='NEYMARY STEFANY AVILA PINTO' com credor='GABRIEL PEIXOTO DE SOUZA'
2026-01-14 10:17:08,295 - INFO - E-mail enviado com sucesso para Gabriel Peixoto de Souza (peixotogabriel686@gmail.com) com 4 arquivos.
2026-01-14 10:17:08,311 - INFO - [PASTA] Match encontrado: Guilherme dos Santos Amaral
2026-01-14 10:17:08,319 - INFO - [MINIMO] Colunas da planilha: ['credor', 'minimo', 'empresa_emissao', 'cnpj']
2026-01-14 10:17:08,319 - INFO - [MINIMO] Total de linhas: 7
2026-01-14 10:17:08,320 - INFO - [MINIMO] Comparando planilha='SUZILEIA LUCAS VIANA WATTAGE' com credor='GUILHERME DOS SANTOS AMARAL'
2026-01-14 10:17:08,320 - INFO - [MINIMO] Comparando planilha='SARA JENNIFER ALVES BARBOSA' com credor='GUILHERME DOS SANTOS AMARAL'
2026-01-14 10:17:08,320 - INFO - [MINIMO] Comparando planilha='LARA VITORIA DE CARVALHO CORRENTE' com credor='GUILHERME DOS SANTOS AMARAL'
2026-01-14 10:17:08,320 - INFO - [MINIMO] Comparando planilha='YASMIN DIAS BRUCE' com credor='GUILHERME DOS SANTOS AMARAL'
2026-01-14 10:17:08,320 - INFO - [MINIMO] Comparando planilha='SERGIO WILLIAM DA SILVA DOS SANTOS' com credor='GUILHERME DOS SANTOS AMARAL'
2026-01-14 10:17:08,320 - INFO - [MINIMO] Comparando planilha='MARIA EDUARDA SCHUTZ BOCH' com credor='GUILHERME DOS SANTOS AMARAL'
2026-01-14 10:17:08,321 - INFO - [MINIMO] Comparando planilha='NEYMARY STEFANY AVILA PINTO' com credor='GUILHERME DOS SANTOS AMARAL'
2026-01-14 10:17:09,121 - INFO - E-mail enviado com sucesso para Guilherme dos Santos Amaral (guilherme26santos@hotmail.com) com 4 arquivos.
2026-01-14 10:17:09,136 - INFO - [PASTA] Match encontrado: Italo Miguel Remondi
2026-01-14 10:17:09,145 - INFO - [MINIMO] Colunas da planilha: ['credor', 'minimo', 'empresa_emissao', 'cnpj']
2026-01-14 10:17:09,145 - INFO - [MINIMO] Total de linhas: 7
2026-01-14 10:17:09,145 - INFO - [MINIMO] Comparando planilha='SUZILEIA LUCAS VIANA WATTAGE' com credor='ITALO MIGUEL REMONDI'
2026-01-14 10:17:09,145 - INFO - [MINIMO] Comparando planilha='SARA JENNIFER ALVES BARBOSA' com credor='ITALO MIGUEL REMONDI'
2026-01-14 10:17:09,146 - INFO - [MINIMO] Comparando planilha='LARA VITORIA DE CARVALHO CORRENTE' com credor='ITALO MIGUEL REMONDI'
2026-01-14 10:17:09,146 - INFO - [MINIMO] Comparando planilha='YASMIN DIAS BRUCE' com credor='ITALO MIGUEL REMONDI'
2026-01-14 10:17:09,146 - INFO - [MINIMO] Comparando planilha='SERGIO WILLIAM DA SILVA DOS SANTOS' com credor='ITALO MIGUEL REMONDI'
2026-01-14 10:17:09,146 - INFO - [MINIMO] Comparando planilha='MARIA EDUARDA SCHUTZ BOCH' com credor='ITALO MIGUEL REMONDI'
2026-01-14 10:17:09,146 - INFO - [MINIMO] Comparando planilha='NEYMARY STEFANY AVILA PINTO' com credor='ITALO MIGUEL REMONDI'
2026-01-14 10:17:09,895 - INFO - E-mail enviado com sucesso para Italo Miguel Remondi (italomiguelremondi@gmail.com) com 4 arquivos.
2026-01-14 10:17:09,910 - INFO - [PASTA] Match encontrado: Jessica Maria Eduelfa de Souza Martins
2026-01-14 10:17:09,918 - INFO - [MINIMO] Colunas da planilha: ['credor', 'minimo', 'empresa_emissao', 'cnpj']
2026-01-14 10:17:09,918 - INFO - [MINIMO] Total de linhas: 7
2026-01-14 10:17:09,919 - INFO - [MINIMO] Comparando planilha='SUZILEIA LUCAS VIANA WATTAGE' com credor='JESSICA MARIA EDUELFA DE SOUZA MARTINS'
2026-01-14 10:17:09,919 - INFO - [MINIMO] Comparando planilha='SARA JENNIFER ALVES BARBOSA' com credor='JESSICA MARIA EDUELFA DE SOUZA MARTINS'
2026-01-14 10:17:09,919 - INFO - [MINIMO] Comparando planilha='LARA VITORIA DE CARVALHO CORRENTE' com credor='JESSICA MARIA EDUELFA DE SOUZA MARTINS'
2026-01-14 10:17:09,919 - INFO - [MINIMO] Comparando planilha='YASMIN DIAS BRUCE' com credor='JESSICA MARIA EDUELFA DE SOUZA MARTINS'
2026-01-14 10:17:09,919 - INFO - [MINIMO] Comparando planilha='SERGIO WILLIAM DA SILVA DOS SANTOS' com credor='JESSICA MARIA EDUELFA DE SOUZA MARTINS'
2026-01-14 10:17:09,920 - INFO - [MINIMO] Comparando planilha='MARIA EDUARDA SCHUTZ BOCH' com credor='JESSICA MARIA EDUELFA DE SOUZA MARTINS'
2026-01-14 10:17:09,920 - INFO - [MINIMO] Comparando planilha='NEYMARY STEFANY AVILA PINTO' com credor='JESSICA MARIA EDUELFA DE SOUZA MARTINS'
2026-01-14 10:17:10,744 - INFO - E-mail enviado com sucesso para Jessica Maria Eduelfa de Souza Martins (drajessicaeduelfa@hotmail.com) com 4 arquivos.
2026-01-14 10:17:10,759 - INFO - [PASTA] Match encontrado: Joao Pedro Pertile
2026-01-14 10:17:10,767 - INFO - [MINIMO] Colunas da planilha: ['credor', 'minimo', 'empresa_emissao', 'cnpj']
2026-01-14 10:17:10,767 - INFO - [MINIMO] Total de linhas: 7
2026-01-14 10:17:10,767 - INFO - [MINIMO] Comparando planilha='SUZILEIA LUCAS VIANA WATTAGE' com credor='JOAO PEDRO PERTILE'
2026-01-14 10:17:10,768 - INFO - [MINIMO] Comparando planilha='SARA JENNIFER ALVES BARBOSA' com credor='JOAO PEDRO PERTILE'
2026-01-14 10:17:10,768 - INFO - [MINIMO] Comparando planilha='LARA VITORIA DE CARVALHO CORRENTE' com credor='JOAO PEDRO PERTILE'
2026-01-14 10:17:10,768 - INFO - [MINIMO] Comparando planilha='YASMIN DIAS BRUCE' com credor='JOAO PEDRO PERTILE'
2026-01-14 10:17:10,768 - INFO - [MINIMO] Comparando planilha='SERGIO WILLIAM DA SILVA DOS SANTOS' com credor='JOAO PEDRO PERTILE'
2026-01-14 10:17:10,768 - INFO - [MINIMO] Comparando planilha='MARIA EDUARDA SCHUTZ BOCH' com credor='JOAO PEDRO PERTILE'
2026-01-14 10:17:10,769 - INFO - [MINIMO] Comparando planilha='NEYMARY STEFANY AVILA PINTO' com credor='JOAO PEDRO PERTILE'
2026-01-14 10:17:11,632 - INFO - E-mail enviado com sucesso para Joao Pedro Pertile (joaopedropertile5@gmail.com) com 4 arquivos.
2026-01-14 10:17:11,647 - INFO - [PASTA] Match encontrado: Joao Victor Rodrigues Dos Santos
2026-01-14 10:17:11,655 - INFO - [MINIMO] Colunas da planilha: ['credor', 'minimo', 'empresa_emissao', 'cnpj']
2026-01-14 10:17:11,655 - INFO - [MINIMO] Total de linhas: 7
2026-01-14 10:17:11,655 - INFO - [MINIMO] Comparando planilha='SUZILEIA LUCAS VIANA WATTAGE' com credor='JOAO VICTOR RODRIGUES DOS SANTOS'
2026-01-14 10:17:11,656 - INFO - [MINIMO] Comparando planilha='SARA JENNIFER ALVES BARBOSA' com credor='JOAO VICTOR RODRIGUES DOS SANTOS'
2026-01-14 10:17:11,656 - INFO - [MINIMO] Comparando planilha='LARA VITORIA DE CARVALHO CORRENTE' com credor='JOAO VICTOR RODRIGUES DOS SANTOS'
2026-01-14 10:17:11,656 - INFO - [MINIMO] Comparando planilha='YASMIN DIAS BRUCE' com credor='JOAO VICTOR RODRIGUES DOS SANTOS'
2026-01-14 10:17:11,656 - INFO - [MINIMO] Comparando planilha='SERGIO WILLIAM DA SILVA DOS SANTOS' com credor='JOAO VICTOR RODRIGUES DOS SANTOS'
2026-01-14 10:17:11,656 - INFO - [MINIMO] Comparando planilha='MARIA EDUARDA SCHUTZ BOCH' com credor='JOAO VICTOR RODRIGUES DOS SANTOS'
2026-01-14 10:17:11,656 - INFO - [MINIMO] Comparando planilha='NEYMARY STEFANY AVILA PINTO' com credor='JOAO VICTOR RODRIGUES DOS SANTOS'
2026-01-14 10:17:12,492 - INFO - E-mail enviado com sucesso para Joao Victor Rodrigues dos Santos (Jrodriguesdossantos593@gmail.com) com 4 arquivos.
2026-01-14 10:17:12,511 - INFO - [PASTA] Match encontrado: Joseane Araujo Bras
2026-01-14 10:17:12,519 - INFO - [MINIMO] Colunas da planilha: ['credor', 'minimo', 'empresa_emissao', 'cnpj']
2026-01-14 10:17:12,519 - INFO - [MINIMO] Total de linhas: 7
2026-01-14 10:17:12,520 - INFO - [MINIMO] Comparando planilha='SUZILEIA LUCAS VIANA WATTAGE' com credor='JOSEANE ARAUJO BRAS'
2026-01-14 10:17:12,520 - INFO - [MINIMO] Comparando planilha='SARA JENNIFER ALVES BARBOSA' com credor='JOSEANE ARAUJO BRAS'
2026-01-14 10:17:12,520 - INFO - [MINIMO] Comparando planilha='LARA VITORIA DE CARVALHO CORRENTE' com credor='JOSEANE ARAUJO BRAS'
2026-01-14 10:17:12,520 - INFO - [MINIMO] Comparando planilha='YASMIN DIAS BRUCE' com credor='JOSEANE ARAUJO BRAS'
2026-01-14 10:17:12,520 - INFO - [MINIMO] Comparando planilha='SERGIO WILLIAM DA SILVA DOS SANTOS' com credor='JOSEANE ARAUJO BRAS'
2026-01-14 10:17:12,520 - INFO - [MINIMO] Comparando planilha='MARIA EDUARDA SCHUTZ BOCH' com credor='JOSEANE ARAUJO BRAS'
2026-01-14 10:17:12,521 - INFO - [MINIMO] Comparando planilha='NEYMARY STEFANY AVILA PINTO' com credor='JOSEANE ARAUJO BRAS'
2026-01-14 10:17:13,471 - INFO - E-mail enviado com sucesso para Joseane Araujo Bras (mybrokerjoseanedean@gmail.com) com 4 arquivos.
2026-01-14 10:17:13,487 - INFO - [PASTA] Match encontrado: Kaiane Broda Pereira
2026-01-14 10:17:13,497 - INFO - [MINIMO] Colunas da planilha: ['credor', 'minimo', 'empresa_emissao', 'cnpj']
2026-01-14 10:17:13,497 - INFO - [MINIMO] Total de linhas: 7
2026-01-14 10:17:13,497 - INFO - [MINIMO] Comparando planilha='SUZILEIA LUCAS VIANA WATTAGE' com credor='KAIANE BRODA PEREIRA'
2026-01-14 10:17:13,497 - INFO - [MINIMO] Comparando planilha='SARA JENNIFER ALVES BARBOSA' com credor='KAIANE BRODA PEREIRA'
2026-01-14 10:17:13,497 - INFO - [MINIMO] Comparando planilha='LARA VITORIA DE CARVALHO CORRENTE' com credor='KAIANE BRODA PEREIRA'
2026-01-14 10:17:13,498 - INFO - [MINIMO] Comparando planilha='YASMIN DIAS BRUCE' com credor='KAIANE BRODA PEREIRA'
2026-01-14 10:17:13,498 - INFO - [MINIMO] Comparando planilha='SERGIO WILLIAM DA SILVA DOS SANTOS' com credor='KAIANE BRODA PEREIRA'
2026-01-14 10:17:13,498 - INFO - [MINIMO] Comparando planilha='MARIA EDUARDA SCHUTZ BOCH' com credor='KAIANE BRODA PEREIRA'
2026-01-14 10:17:13,498 - INFO - [MINIMO] Comparando planilha='NEYMARY STEFANY AVILA PINTO' com credor='KAIANE BRODA PEREIRA'
2026-01-14 10:17:14,625 - INFO - E-mail enviado com sucesso para Kaiane Broda Pereira (Kaianebroda@gmail.com) com 4 arquivos.
2026-01-14 10:17:14,658 - INFO - [PASTA] Match encontrado: Keoma Alan Broda Pereira
2026-01-14 10:17:14,719 - INFO - [MINIMO] Colunas da planilha: ['credor', 'minimo', 'empresa_emissao', 'cnpj']
2026-01-14 10:17:14,719 - INFO - [MINIMO] Total de linhas: 7
2026-01-14 10:17:14,719 - INFO - [MINIMO] Comparando planilha='SUZILEIA LUCAS VIANA WATTAGE' com credor='KEOMA ALAN BRODA PEREIRA'
2026-01-14 10:17:14,720 - INFO - [MINIMO] Comparando planilha='SARA JENNIFER ALVES BARBOSA' com credor='KEOMA ALAN BRODA PEREIRA'
2026-01-14 10:17:14,720 - INFO - [MINIMO] Comparando planilha='LARA VITORIA DE CARVALHO CORRENTE' com credor='KEOMA ALAN BRODA PEREIRA'
2026-01-14 10:17:14,720 - INFO - [MINIMO] Comparando planilha='YASMIN DIAS BRUCE' com credor='KEOMA ALAN BRODA PEREIRA'
2026-01-14 10:17:14,720 - INFO - [MINIMO] Comparando planilha='SERGIO WILLIAM DA SILVA DOS SANTOS' com credor='KEOMA ALAN BRODA PEREIRA'
2026-01-14 10:17:14,720 - INFO - [MINIMO] Comparando planilha='MARIA EDUARDA SCHUTZ BOCH' com credor='KEOMA ALAN BRODA PEREIRA'
2026-01-14 10:17:14,721 - INFO - [MINIMO] Comparando planilha='NEYMARY STEFANY AVILA PINTO' com credor='KEOMA ALAN BRODA PEREIRA'
2026-01-14 10:17:15,475 - INFO - E-mail enviado com sucesso para Keoma Alan Broda Pereira (keomaalan28@gmail.com) com 4 arquivos.
2026-01-14 10:17:15,494 - INFO - [PASTA] Match encontrado: Luis Gustavo Ramos da Silva
2026-01-14 10:17:15,502 - INFO - [MINIMO] Colunas da planilha: ['credor', 'minimo', 'empresa_emissao', 'cnpj']
2026-01-14 10:17:15,502 - INFO - [MINIMO] Total de linhas: 7
2026-01-14 10:17:15,502 - INFO - [MINIMO] Comparando planilha='SUZILEIA LUCAS VIANA WATTAGE' com credor='LUIS GUSTAVO RAMOS DA SILVA'
2026-01-14 10:17:15,502 - INFO - [MINIMO] Comparando planilha='SARA JENNIFER ALVES BARBOSA' com credor='LUIS GUSTAVO RAMOS DA SILVA'
2026-01-14 10:17:15,503 - INFO - [MINIMO] Comparando planilha='LARA VITORIA DE CARVALHO CORRENTE' com credor='LUIS GUSTAVO RAMOS DA SILVA'
2026-01-14 10:17:15,503 - INFO - [MINIMO] Comparando planilha='YASMIN DIAS BRUCE' com credor='LUIS GUSTAVO RAMOS DA SILVA'
2026-01-14 10:17:15,503 - INFO - [MINIMO] Comparando planilha='SERGIO WILLIAM DA SILVA DOS SANTOS' com credor='LUIS GUSTAVO RAMOS DA SILVA'
2026-01-14 10:17:15,503 - INFO - [MINIMO] Comparando planilha='MARIA EDUARDA SCHUTZ BOCH' com credor='LUIS GUSTAVO RAMOS DA SILVA'
2026-01-14 10:17:15,503 - INFO - [MINIMO] Comparando planilha='NEYMARY STEFANY AVILA PINTO' com credor='LUIS GUSTAVO RAMOS DA SILVA'
2026-01-14 10:17:16,994 - INFO - E-mail enviado com sucesso para Luis Gustavo Ramos da Silva (zedorah01@gmail.com) com 4 arquivos.
2026-01-14 10:17:17,020 - INFO - [PASTA] Match encontrado: Maira Catarina Evangelista Nunes
2026-01-14 10:17:17,030 - INFO - [MINIMO] Colunas da planilha: ['credor', 'minimo', 'empresa_emissao', 'cnpj']
2026-01-14 10:17:17,031 - INFO - [MINIMO] Total de linhas: 7
2026-01-14 10:17:17,031 - INFO - [MINIMO] Comparando planilha='SUZILEIA LUCAS VIANA WATTAGE' com credor='MAIRA CATARINA EVANGELISTA NUNES'
2026-01-14 10:17:17,031 - INFO - [MINIMO] Comparando planilha='SARA JENNIFER ALVES BARBOSA' com credor='MAIRA CATARINA EVANGELISTA NUNES'
2026-01-14 10:17:17,031 - INFO - [MINIMO] Comparando planilha='LARA VITORIA DE CARVALHO CORRENTE' com credor='MAIRA CATARINA EVANGELISTA NUNES'
2026-01-14 10:17:17,031 - INFO - [MINIMO] Comparando planilha='YASMIN DIAS BRUCE' com credor='MAIRA CATARINA EVANGELISTA NUNES'
2026-01-14 10:17:17,031 - INFO - [MINIMO] Comparando planilha='SERGIO WILLIAM DA SILVA DOS SANTOS' com credor='MAIRA CATARINA EVANGELISTA NUNES'
2026-01-14 10:17:17,032 - INFO - [MINIMO] Comparando planilha='MARIA EDUARDA SCHUTZ BOCH' com credor='MAIRA CATARINA EVANGELISTA NUNES'
2026-01-14 10:17:17,032 - INFO - [MINIMO] Comparando planilha='NEYMARY STEFANY AVILA PINTO' com credor='MAIRA CATARINA EVANGELISTA NUNES'
2026-01-14 10:17:18,669 - INFO - E-mail enviado com sucesso para Maira Catarina Evangelista Nunes (mairacatarina0@gmail.com) com 4 arquivos.
2026-01-14 10:17:18,709 - INFO - [PASTA] Match encontrado: Rebeka Cossito de Amorim Laport
2026-01-14 10:17:18,720 - INFO - [MINIMO] Colunas da planilha: ['credor', 'minimo', 'empresa_emissao', 'cnpj']
2026-01-14 10:17:18,720 - INFO - [MINIMO] Total de linhas: 7
2026-01-14 10:17:18,721 - INFO - [MINIMO] Comparando planilha='SUZILEIA LUCAS VIANA WATTAGE' com credor='REBEKA COSSITO DE AMORIM LAPORT'
2026-01-14 10:17:18,721 - INFO - [MINIMO] Comparando planilha='SARA JENNIFER ALVES BARBOSA' com credor='REBEKA COSSITO DE AMORIM LAPORT'
2026-01-14 10:17:18,721 - INFO - [MINIMO] Comparando planilha='LARA VITORIA DE CARVALHO CORRENTE' com credor='REBEKA COSSITO DE AMORIM LAPORT'
2026-01-14 10:17:18,721 - INFO - [MINIMO] Comparando planilha='YASMIN DIAS BRUCE' com credor='REBEKA COSSITO DE AMORIM LAPORT'
2026-01-14 10:17:18,722 - INFO - [MINIMO] Comparando planilha='SERGIO WILLIAM DA SILVA DOS SANTOS' com credor='REBEKA COSSITO DE AMORIM LAPORT'
2026-01-14 10:17:18,722 - INFO - [MINIMO] Comparando planilha='MARIA EDUARDA SCHUTZ BOCH' com credor='REBEKA COSSITO DE AMORIM LAPORT'
2026-01-14 10:17:18,722 - INFO - [MINIMO] Comparando planilha='NEYMARY STEFANY AVILA PINTO' com credor='REBEKA COSSITO DE AMORIM LAPORT'
2026-01-14 10:17:19,533 - INFO - E-mail enviado com sucesso para Rebeka Cossito de Amorim Laport (rebeka.cossito_@hotmail.com) com 4 arquivos.
2026-01-14 10:17:19,555 - INFO - [PASTA] Match encontrado: Richard Eduard de Souza Schell
2026-01-14 10:17:19,564 - INFO - [MINIMO] Colunas da planilha: ['credor', 'minimo', 'empresa_emissao', 'cnpj']
2026-01-14 10:17:19,564 - INFO - [MINIMO] Total de linhas: 7
2026-01-14 10:17:19,564 - INFO - [MINIMO] Comparando planilha='SUZILEIA LUCAS VIANA WATTAGE' com credor='RICHARD EDUARD DE SOUZA SCHELL'
2026-01-14 10:17:19,564 - INFO - [MINIMO] Comparando planilha='SARA JENNIFER ALVES BARBOSA' com credor='RICHARD EDUARD DE SOUZA SCHELL'
2026-01-14 10:17:19,565 - INFO - [MINIMO] Comparando planilha='LARA VITORIA DE CARVALHO CORRENTE' com credor='RICHARD EDUARD DE SOUZA SCHELL'
2026-01-14 10:17:19,565 - INFO - [MINIMO] Comparando planilha='YASMIN DIAS BRUCE' com credor='RICHARD EDUARD DE SOUZA SCHELL'
2026-01-14 10:17:19,565 - INFO - [MINIMO] Comparando planilha='SERGIO WILLIAM DA SILVA DOS SANTOS' com credor='RICHARD EDUARD DE SOUZA SCHELL'
2026-01-14 10:17:19,565 - INFO - [MINIMO] Comparando planilha='MARIA EDUARDA SCHUTZ BOCH' com credor='RICHARD EDUARD DE SOUZA SCHELL'
2026-01-14 10:17:19,565 - INFO - [MINIMO] Comparando planilha='NEYMARY STEFANY AVILA PINTO' com credor='RICHARD EDUARD DE SOUZA SCHELL'
2026-01-14 10:17:20,667 - INFO - E-mail enviado com sucesso para Richard Eduard de Souza Schell (richardespecialistaemimoveis@gmail.com) com 4 arquivos.
2026-01-14 10:17:20,689 - INFO - [PASTA] Match encontrado: Rodrigo Eduardo Pereira Junior
2026-01-14 10:17:20,697 - INFO - [MINIMO] Colunas da planilha: ['credor', 'minimo', 'empresa_emissao', 'cnpj']
2026-01-14 10:17:20,697 - INFO - [MINIMO] Total de linhas: 7
2026-01-14 10:17:20,697 - INFO - [MINIMO] Comparando planilha='SUZILEIA LUCAS VIANA WATTAGE' com credor='RODRIGO EDUARDO PEREIRA JUNIOR'
2026-01-14 10:17:20,697 - INFO - [MINIMO] Comparando planilha='SARA JENNIFER ALVES BARBOSA' com credor='RODRIGO EDUARDO PEREIRA JUNIOR'
2026-01-14 10:17:20,697 - INFO - [MINIMO] Comparando planilha='LARA VITORIA DE CARVALHO CORRENTE' com credor='RODRIGO EDUARDO PEREIRA JUNIOR'
2026-01-14 10:17:20,697 - INFO - [MINIMO] Comparando planilha='YASMIN DIAS BRUCE' com credor='RODRIGO EDUARDO PEREIRA JUNIOR'
2026-01-14 10:17:20,698 - INFO - [MINIMO] Comparando planilha='SERGIO WILLIAM DA SILVA DOS SANTOS' com credor='RODRIGO EDUARDO PEREIRA JUNIOR'
2026-01-14 10:17:20,698 - INFO - [MINIMO] Comparando planilha='MARIA EDUARDA SCHUTZ BOCH' com credor='RODRIGO EDUARDO PEREIRA JUNIOR'
2026-01-14 10:17:20,698 - INFO - [MINIMO] Comparando planilha='NEYMARY STEFANY AVILA PINTO' com credor='RODRIGO EDUARDO PEREIRA JUNIOR'
2026-01-14 10:17:21,441 - INFO - E-mail enviado com sucesso para Rodrigo Eduardo Pereira Junior (rodrigoeduardojr18@gmail.com) com 4 arquivos.
2026-01-14 10:17:21,487 - INFO - [PASTA] Match encontrado: Rodrigo Filter de Oliveira
2026-01-14 10:17:21,507 - INFO - [MINIMO] Colunas da planilha: ['credor', 'minimo', 'empresa_emissao', 'cnpj']
2026-01-14 10:17:21,507 - INFO - [MINIMO] Total de linhas: 7
2026-01-14 10:17:21,507 - INFO - [MINIMO] Comparando planilha='SUZILEIA LUCAS VIANA WATTAGE' com credor='RODRIGO FILTER DE OLIVEIRA'
2026-01-14 10:17:21,508 - INFO - [MINIMO] Comparando planilha='SARA JENNIFER ALVES BARBOSA' com credor='RODRIGO FILTER DE OLIVEIRA'
2026-01-14 10:17:21,509 - INFO - [MINIMO] Comparando planilha='LARA VITORIA DE CARVALHO CORRENTE' com credor='RODRIGO FILTER DE OLIVEIRA'
2026-01-14 10:17:21,509 - INFO - [MINIMO] Comparando planilha='YASMIN DIAS BRUCE' com credor='RODRIGO FILTER DE OLIVEIRA'
2026-01-14 10:17:21,510 - INFO - [MINIMO] Comparando planilha='SERGIO WILLIAM DA SILVA DOS SANTOS' com credor='RODRIGO FILTER DE OLIVEIRA'
2026-01-14 10:17:21,510 - INFO - [MINIMO] Comparando planilha='MARIA EDUARDA SCHUTZ BOCH' com credor='RODRIGO FILTER DE OLIVEIRA'
2026-01-14 10:17:21,511 - INFO - [MINIMO] Comparando planilha='NEYMARY STEFANY AVILA PINTO' com credor='RODRIGO FILTER DE OLIVEIRA'
2026-01-14 10:17:22,261 - INFO - E-mail enviado com sucesso para Rodrigo Filter de Oliveira (rodrigomanofilter@outlook.com) com 4 arquivos.
2026-01-14 10:17:22,285 - INFO - [PASTA] Match encontrado: Rutieli dos Santos Gomes
2026-01-14 10:17:22,293 - INFO - [MINIMO] Colunas da planilha: ['credor', 'minimo', 'empresa_emissao', 'cnpj']
2026-01-14 10:17:22,293 - INFO - [MINIMO] Total de linhas: 7
2026-01-14 10:17:22,293 - INFO - [MINIMO] Comparando planilha='SUZILEIA LUCAS VIANA WATTAGE' com credor='RUTIELI DOS SANTOS GOMES'
2026-01-14 10:17:22,294 - INFO - [MINIMO] Comparando planilha='SARA JENNIFER ALVES BARBOSA' com credor='RUTIELI DOS SANTOS GOMES'
2026-01-14 10:17:22,294 - INFO - [MINIMO] Comparando planilha='LARA VITORIA DE CARVALHO CORRENTE' com credor='RUTIELI DOS SANTOS GOMES'
2026-01-14 10:17:22,294 - INFO - [MINIMO] Comparando planilha='YASMIN DIAS BRUCE' com credor='RUTIELI DOS SANTOS GOMES'
2026-01-14 10:17:22,294 - INFO - [MINIMO] Comparando planilha='SERGIO WILLIAM DA SILVA DOS SANTOS' com credor='RUTIELI DOS SANTOS GOMES'
2026-01-14 10:17:22,294 - INFO - [MINIMO] Comparando planilha='MARIA EDUARDA SCHUTZ BOCH' com credor='RUTIELI DOS SANTOS GOMES'
2026-01-14 10:17:22,294 - INFO - [MINIMO] Comparando planilha='NEYMARY STEFANY AVILA PINTO' com credor='RUTIELI DOS SANTOS GOMES'
2026-01-14 10:17:23,070 - INFO - E-mail enviado com sucesso para Rutieli dos Santos Gomes (ruthysantos849@gmail.com) com 4 arquivos.
2026-01-14 10:35:14,069 - INFO - [MINIMO] Caminho mínimo: C:\PGC\envio_rendimentos\arquivos_gerados\PGC\34\MINIMO.xlsx
2026-01-14 10:35:14,069 - INFO - [MINIMO] Arquivo existe? True
2026-01-29 01:43:09,714 - ERROR - [PASTA] Base do PGC não existe: C:\PGC\envio_rendimentos\arquivos_gerados\PGC\032
2026-01-29 01:43:09,714 - ERROR - Pasta não encontrada para ADRIELE CRISTINA DOS SANTOS DIAS. Base: C:\PGC\envio_rendimentos\arquivos_gerados\PGC\032
2026-02-06 23:42:17,408 - INFO - [MÍNIMO] Nenhum registro com AP preenchido encontrado na aba PGC 99.
2026-02-06 23:43:58,959 - INFO - [MÍNIMO] Nenhum registro com AP preenchido encontrado na aba PGC 99.
2026-02-06 23:44:36,317 - INFO - [MÍNIMO] Nenhum registro com AP preenchido encontrado na aba PGC 99.
2026-02-06 23:44:36,385 - INFO - [MÍNIMO] Nenhum registro com AP preenchido encontrado na aba PGC 99.
2026-02-06 23:44:59,604 - INFO - [MÍNIMO] Nenhum registro com AP preenchido encontrado na aba PGC 99.
2026-02-06 23:44:59,675 - INFO - [MÍNIMO] Nenhum registro com AP preenchido encontrado na aba PGC 99.
2026-02-06 23:45:00,073 - INFO - [MÍNIMO] Nenhum registro com AP preenchido encontrado na aba PGC 99.
2026-02-06 23:45:40,531 - INFO - [MÍNIMO] Arquivo MINIMO.xlsx gerado em: C:\PGC\envio_rendimentos\arquivos_gerados\PGC\99\MINIMO.xlsx
2026-02-06 23:46:23,792 - INFO - [MÍNIMO] Arquivo MINIMO.xlsx gerado em: C:\PGC\envio_rendimentos\arquivos_gerados\PGC\99\MINIMO.xlsx
2026-02-06 23:46:32,818 - INFO - [MÍNIMO] Arquivo MINIMO.xlsx gerado em: C:\PGC\envio_rendimentos\arquivos_gerados\PGC\99\MINIMO.xlsx
2026-02-06 23:46:52,020 - INFO - [MÍNIMO] Arquivo MINIMO.xlsx gerado em: C:\PGC\envio_rendimentos\arquivos_gerados\PGC\99\MINIMO.xlsx
2026-02-09 02:38:20,280 - ERROR - [PASTA] Base do PGC não existe: C:\PGC\envio_rendimentos\arquivos_gerados\PGC\015
2026-02-09 02:38:20,280 - ERROR - Pasta não encontrada para Thiago da Silva Correa. Base: C:\PGC\envio_rendimentos\arquivos_gerados\PGC\015
2026-02-09 02:39:51,498 - INFO - [MINIMO] Caminho mínimo: C:\PGC\envio_rendimentos\arquivos_gerados\PGC\15\MINIMO.xlsx
2026-02-09 02:39:51,499 - INFO - [MINIMO] Arquivo existe? False
2026-02-09 02:39:51,499 - WARNING - [MÍNIMO] MINIMO.xlsx não encontrado: C:\PGC\envio_rendimentos\arquivos_gerados\PGC\15\MINIMO.xlsx
2026-02-09 02:46:44,563 - INFO - [MINIMO] Caminho mínimo: C:\PGC\envio_rendimentos\arquivos_gerados\PGC\15\MINIMO.xlsx
2026-02-09 02:46:44,563 - INFO - [MINIMO] Arquivo existe? False
2026-02-09 02:46:44,564 - WARNING - [MÍNIMO] MINIMO.xlsx não encontrado: C:\PGC\envio_rendimentos\arquivos_gerados\PGC\15\MINIMO.xlsx
2026-02-09 03:41:36,115 - INFO - [MINIMO] Caminho mínimo: C:\PGC\envio_rendimentos\arquivos_gerados\PGC\15\MINIMO.xlsx
2026-02-09 03:41:36,116 - INFO - [MINIMO] Arquivo existe? False
2026-02-09 03:41:36,116 - WARNING - [MÍNIMO] MINIMO.xlsx não encontrado: C:\PGC\envio_rendimentos\arquivos_gerados\PGC\15\MINIMO.xlsx
2026-02-09 03:42:23,266 - ERROR - [PASTA] Base do PGC não existe: C:\PGC\envio_rendimentos\arquivos_gerados\PGC\015
2026-02-09 03:42:23,266 - ERROR - Pasta não encontrada para Thiago da Silva Correa. Base: C:\PGC\envio_rendimentos\arquivos_gerados\PGC\015
2026-02-09 03:43:52,528 - INFO - [MINIMO] Caminho mínimo: C:\PGC\envio_rendimentos\arquivos_gerados\PGC\15\MINIMO.xlsx
2026-02-09 03:43:52,528 - INFO - [MINIMO] Arquivo existe? False
2026-02-09 03:43:52,528 - WARNING - [MÍNIMO] MINIMO.xlsx não encontrado: C:\PGC\envio_rendimentos\arquivos_gerados\PGC\15\MINIMO.xlsx
2026-02-09 03:44:04,764 - INFO - [MINIMO] Caminho mínimo: C:\PGC\envio_rendimentos\arquivos_gerados\PGC\15\MINIMO.xlsx
2026-02-09 03:44:04,764 - INFO - [MINIMO] Arquivo existe? False
2026-02-09 03:44:04,764 - WARNING - [MÍNIMO] MINIMO.xlsx não encontrado: C:\PGC\envio_rendimentos\arquivos_gerados\PGC\15\MINIMO.xlsx
2026-02-09 03:44:21,697 - INFO - [MINIMO] Caminho mínimo: C:\PGC\envio_rendimentos\arquivos_gerados\PGC\15\MINIMO.xlsx
2026-02-09 03:44:21,697 - INFO - [MINIMO] Arquivo existe? False
2026-02-09 03:44:21,697 - WARNING - [MÍNIMO] MINIMO.xlsx não encontrado: C:\PGC\envio_rendimentos\arquivos_gerados\PGC\15\MINIMO.xlsx
2026-02-09 03:50:53,740 - ERROR - [PASTA] Base do PGC não existe: C:\PGC\envio_rendimentos\arquivos_gerados\PGC\015
2026-02-09 03:50:53,741 - ERROR - Pasta não encontrada para Thiago da Silva Correa. Base: C:\PGC\envio_rendimentos\arquivos_gerados\PGC\015
2026-02-09 03:53:06,398 - ERROR - [PASTA] Base do PGC não existe: C:\PGC\envio_rendimentos\arquivos_gerados\PGC\015
2026-02-09 03:53:06,399 - ERROR - Pasta não encontrada para Thiago da Silva Correa. Base: C:\PGC\envio_rendimentos\arquivos_gerados\PGC\015
2026-02-09 03:55:14,778 - INFO - [MINIMO] Caminho mínimo: C:\PGC\envio_rendimentos\arquivos_gerados\PGC\15\MINIMO.xlsx
2026-02-09 03:55:14,779 - INFO - [MINIMO] Arquivo existe? False
2026-02-09 03:55:14,779 - WARNING - [MÍNIMO] MINIMO.xlsx não encontrado: C:\PGC\envio_rendimentos\arquivos_gerados\PGC\15\MINIMO.xlsx
2026-02-09 03:55:14,784 - INFO - [PASTA] Match encontrado dentro de CREDORES: THIAGO DA SILVA CORREA
2026-02-10 17:51:00,944 - ERROR - [PASTA] Base do PGC não existe: C:\PGC\envio_rendimentos\arquivos_gerados\PGC\015
2026-02-10 17:51:00,945 - ERROR - Pasta não encontrada para Thiago da Silva Correa. Base: C:\PGC\envio_rendimentos\arquivos_gerados\PGC\015
2026-02-10 17:53:28,798 - ERROR - [PASTA] Base do PGC não existe: C:\PGC\envio_rendimentos\arquivos_gerados\PGC\015
2026-02-10 17:53:28,798 - ERROR - Pasta não encontrada para Thiago da Silva Correa. Base: C:\PGC\envio_rendimentos\arquivos_gerados\PGC\015
2026-02-10 18:27:59,634 - ERROR - [PASTA] Base do PGC não existe: C:\PGC\envio_rendimentos\arquivos_gerados\PGC\015
2026-02-10 18:27:59,635 - ERROR - Pasta não encontrada para Thiago da Silva Correa. Base: C:\PGC\envio_rendimentos\arquivos_gerados\PGC\015
2026-02-10 18:29:30,034 - INFO - [MINIMO] Caminho mínimo: C:\PGC\envio_rendimentos\arquivos_gerados\PGC\15\MINIMO.xlsx
2026-02-10 18:29:30,034 - INFO - [MINIMO] Arquivo existe? False
2026-02-10 18:29:30,034 - WARNING - [MÍNIMO] MINIMO.xlsx não encontrado: C:\PGC\envio_rendimentos\arquivos_gerados\PGC\15\MINIMO.xlsx
2026-02-10 18:29:30,035 - ERROR - [PASTA] Nenhuma pasta encontrada para 'Thiago da Silva Correa' dentro de C:\PGC\envio_rendimentos\arquivos_gerados\PGC\15
2026-02-10 18:38:04,509 - INFO - [MÍNIMO] Nenhum registro com AP preenchido encontrado na aba PGC 15.
2026-02-10 18:38:04,856 - INFO - [MÍNIMO] Nenhum registro com AP preenchido encontrado na aba PGC 15.
2026-02-10 18:38:05,811 - INFO - [MÍNIMO] Nenhum registro com AP preenchido encontrado na aba PGC 15.
2026-02-10 18:38:06,349 - INFO - [MÍNIMO] Nenhum registro com AP preenchido encontrado na aba PGC 15.
2026-02-10 18:38:07,261 - INFO - [MÍNIMO] Nenhum registro com AP preenchido encontrado na aba PGC 15.
2026-02-10 18:38:07,599 - INFO - [MÍNIMO] Nenhum registro com AP preenchido encontrado na aba PGC 15.
2026-02-10 18:38:08,086 - INFO - [MÍNIMO] Nenhum registro com AP preenchido encontrado na aba PGC 15.
2026-02-10 18:38:08,730 - INFO - [MÍNIMO] Nenhum registro com AP preenchido encontrado na aba PGC 15.
2026-02-10 18:38:09,214 - INFO - [MÍNIMO] Nenhum registro com AP preenchido encontrado na aba PGC 15.
2026-02-10 18:38:09,782 - INFO - [MÍNIMO] Nenhum registro com AP preenchido encontrado na aba PGC 15.
2026-02-10 18:38:10,126 - INFO - [MÍNIMO] Nenhum registro com AP preenchido encontrado na aba PGC 15.
2026-02-10 18:38:10,488 - INFO - [MÍNIMO] Nenhum registro com AP preenchido encontrado na aba PGC 15.
2026-02-10 18:38:10,854 - INFO - [MÍNIMO] Nenhum registro com AP preenchido encontrado na aba PGC 15.
2026-02-10 18:38:12,224 - INFO - [MÍNIMO] Nenhum registro com AP preenchido encontrado na aba PGC 15.
2026-02-10 18:38:13,429 - INFO - [MÍNIMO] Nenhum registro com AP preenchido encontrado na aba PGC 15.
2026-02-10 18:38:13,857 - INFO - [MÍNIMO] Nenhum registro com AP preenchido encontrado na aba PGC 15.
2026-02-10 18:38:14,402 - INFO - [MÍNIMO] Nenhum registro com AP preenchido encontrado na aba PGC 15.
2026-02-10 18:38:14,970 - INFO - [MÍNIMO] Nenhum registro com AP preenchido encontrado na aba PGC 15.
2026-02-10 18:38:15,750 - INFO - [MÍNIMO] Nenhum registro com AP preenchido encontrado na aba PGC 15.
2026-02-10 18:38:16,210 - INFO - [MÍNIMO] Nenhum registro com AP preenchido encontrado na aba PGC 15.
2026-02-10 18:38:16,607 - INFO - [MÍNIMO] Nenhum registro com AP preenchido encontrado na aba PGC 15.
2026-02-10 18:38:16,972 - INFO - [MÍNIMO] Nenhum registro com AP preenchido encontrado na aba PGC 15.
2026-02-10 18:38:17,529 - INFO - [MÍNIMO] Nenhum registro com AP preenchido encontrado na aba PGC 15.
2026-02-10 18:38:17,869 - INFO - [MÍNIMO] Nenhum registro com AP preenchido encontrado na aba PGC 15.
2026-02-10 18:38:18,499 - INFO - [MÍNIMO] Nenhum registro com AP preenchido encontrado na aba PGC 15.
2026-02-10 18:38:18,789 - INFO - [MÍNIMO] Nenhum registro com AP preenchido encontrado na aba PGC 15.
2026-02-10 18:38:19,122 - INFO - [MÍNIMO] Nenhum registro com AP preenchido encontrado na aba PGC 15.
2026-02-10 18:38:19,551 - INFO - [MÍNIMO] Nenhum registro com AP preenchido encontrado na aba PGC 15.
2026-02-10 18:38:20,267 - INFO - [MÍNIMO] Nenhum registro com AP preenchido encontrado na aba PGC 15.
2026-02-10 18:38:20,580 - INFO - [MÍNIMO] Nenhum registro com AP preenchido encontrado na aba PGC 15.
2026-02-10 18:38:21,191 - INFO - [MÍNIMO] Nenhum registro com AP preenchido encontrado na aba PGC 15.
2026-02-10 18:38:21,617 - INFO - [MÍNIMO] Nenhum registro com AP preenchido encontrado na aba PGC 15.
2026-02-10 18:38:22,095 - INFO - [MÍNIMO] Nenhum registro com AP preenchido encontrado na aba PGC 15.
2026-02-10 18:38:22,471 - INFO - [MÍNIMO] Nenhum registro com AP preenchido encontrado na aba PGC 15.
2026-02-10 18:38:22,951 - INFO - [MÍNIMO] Nenhum registro com AP preenchido encontrado na aba PGC 15.
2026-02-10 18:38:23,393 - INFO - [MÍNIMO] Nenhum registro com AP preenchido encontrado na aba PGC 15.
2026-02-10 18:38:23,744 - INFO - [MÍNIMO] Nenhum registro com AP preenchido encontrado na aba PGC 15.
2026-02-10 18:38:24,270 - INFO - [MÍNIMO] Nenhum registro com AP preenchido encontrado na aba PGC 15.
2026-02-10 18:38:24,582 - INFO - [MÍNIMO] Nenhum registro com AP preenchido encontrado na aba PGC 15.
2026-02-10 18:38:25,011 - INFO - [MÍNIMO] Nenhum registro com AP preenchido encontrado na aba PGC 15.
2026-02-10 18:38:25,305 - INFO - [MÍNIMO] Nenhum registro com AP preenchido encontrado na aba PGC 15.
2026-02-10 18:38:25,618 - INFO - [MÍNIMO] Nenhum registro com AP preenchido encontrado na aba PGC 15.
2026-02-10 18:38:26,187 - INFO - [MÍNIMO] Nenhum registro com AP preenchido encontrado na aba PGC 15.
2026-02-10 18:38:26,602 - INFO - [MÍNIMO] Nenhum registro com AP preenchido encontrado na aba PGC 15.
2026-02-10 18:38:27,729 - INFO - [MÍNIMO] Nenhum registro com AP preenchido encontrado na aba PGC 15.
2026-02-10 18:38:28,705 - INFO - [MÍNIMO] Nenhum registro com AP preenchido encontrado na aba PGC 15.
2026-02-10 18:38:30,117 - INFO - [MÍNIMO] Nenhum registro com AP preenchido encontrado na aba PGC 15.
2026-02-10 18:38:30,534 - INFO - [MÍNIMO] Nenhum registro com AP preenchido encontrado na aba PGC 15.
2026-02-10 18:38:31,929 - INFO - [MÍNIMO] Nenhum registro com AP preenchido encontrado na aba PGC 15.
2026-02-10 18:38:33,665 - INFO - [MÍNIMO] Nenhum registro com AP preenchido encontrado na aba PGC 15.
2026-02-10 18:38:35,225 - INFO - [MÍNIMO] Nenhum registro com AP preenchido encontrado na aba PGC 15.
2026-02-10 18:38:36,229 - INFO - [MÍNIMO] Nenhum registro com AP preenchido encontrado na aba PGC 15.
2026-02-10 18:38:36,896 - INFO - [MÍNIMO] Nenhum registro com AP preenchido encontrado na aba PGC 15.
2026-02-10 18:38:38,472 - INFO - [MÍNIMO] Nenhum registro com AP preenchido encontrado na aba PGC 15.
2026-02-10 18:38:39,289 - INFO - [MÍNIMO] Nenhum registro com AP preenchido encontrado na aba PGC 15.
2026-02-10 18:38:39,669 - INFO - [MÍNIMO] Nenhum registro com AP preenchido encontrado na aba PGC 15.
2026-02-10 18:38:40,720 - INFO - [MÍNIMO] Nenhum registro com AP preenchido encontrado na aba PGC 15.
2026-02-10 18:38:42,051 - INFO - [MÍNIMO] Nenhum registro com AP preenchido encontrado na aba PGC 15.
2026-02-10 18:38:42,616 - INFO - [MÍNIMO] Nenhum registro com AP preenchido encontrado na aba PGC 15.
2026-02-10 18:38:43,599 - INFO - [MÍNIMO] Nenhum registro com AP preenchido encontrado na aba PGC 15.
2026-02-10 18:38:44,571 - INFO - [MÍNIMO] Nenhum registro com AP preenchido encontrado na aba PGC 15.
2026-02-10 18:38:45,097 - INFO - [MÍNIMO] Nenhum registro com AP preenchido encontrado na aba PGC 15.
2026-02-10 18:38:46,791 - INFO - [MÍNIMO] Nenhum registro com AP preenchido encontrado na aba PGC 15.
2026-02-10 18:38:47,986 - INFO - [MÍNIMO] Nenhum registro com AP preenchido encontrado na aba PGC 15.
2026-02-10 18:38:49,679 - INFO - [MÍNIMO] Nenhum registro com AP preenchido encontrado na aba PGC 15.
2026-02-10 18:38:50,300 - INFO - [MÍNIMO] Nenhum registro com AP preenchido encontrado na aba PGC 15.
2026-02-10 18:38:51,257 - INFO - [MÍNIMO] Nenhum registro com AP preenchido encontrado na aba PGC 15.
2026-02-10 18:38:51,843 - INFO - [MÍNIMO] Nenhum registro com AP preenchido encontrado na aba PGC 15.
2026-02-10 18:38:53,433 - INFO - [MÍNIMO] Nenhum registro com AP preenchido encontrado na aba PGC 15.
2026-02-10 18:38:54,293 - INFO - [MÍNIMO] Nenhum registro com AP preenchido encontrado na aba PGC 15.
2026-02-10 18:40:13,650 - INFO - [MINIMO] Caminho mínimo: C:\PGC\envio_rendimentos\arquivos_gerados\PGC\15\MINIMO.xlsx
2026-02-10 18:40:13,650 - INFO - [MINIMO] Arquivo existe? False
2026-02-10 18:40:13,651 - WARNING - [MÍNIMO] MINIMO.xlsx não encontrado: C:\PGC\envio_rendimentos\arquivos_gerados\PGC\15\MINIMO.xlsx
2026-02-10 18:40:13,656 - INFO - [PASTA] Match encontrado: THIAGO DA SILVA CORREA
2026-02-10 18:47:07,451 - INFO - [MÍNIMO] Arquivo MINIMO.xlsx gerado em: C:\PGC\envio_rendimentos\arquivos_gerados\PGC\99\MINIMO.xlsx
2026-02-10 18:49:09,235 - INFO - [MÍNIMO] Nenhum registro com AP preenchido encontrado na aba PGC 15.
2026-02-10 18:49:09,676 - INFO - [MÍNIMO] Nenhum registro com AP preenchido encontrado na aba PGC 15.
2026-02-10 18:49:11,174 - INFO - [MÍNIMO] Nenhum registro com AP preenchido encontrado na aba PGC 15.
2026-02-10 18:49:11,833 - INFO - [MÍNIMO] Nenhum registro com AP preenchido encontrado na aba PGC 15.
2026-02-10 18:49:13,025 - INFO - [MÍNIMO] Nenhum registro com AP preenchido encontrado na aba PGC 15.
2026-02-10 18:49:13,445 - INFO - [MÍNIMO] Nenhum registro com AP preenchido encontrado na aba PGC 15.
2026-02-10 18:49:14,155 - INFO - [MÍNIMO] Nenhum registro com AP preenchido encontrado na aba PGC 15.
2026-02-10 18:49:14,997 - INFO - [MÍNIMO] Nenhum registro com AP preenchido encontrado na aba PGC 15.
2026-02-10 18:49:15,610 - INFO - [MÍNIMO] Nenhum registro com AP preenchido encontrado na aba PGC 15.
2026-02-10 18:49:16,427 - INFO - [MÍNIMO] Nenhum registro com AP preenchido encontrado na aba PGC 15.
2026-02-10 18:49:16,868 - INFO - [MÍNIMO] Nenhum registro com AP preenchido encontrado na aba PGC 15.
2026-02-10 18:49:17,347 - INFO - [MÍNIMO] Nenhum registro com AP preenchido encontrado na aba PGC 15.
2026-02-10 18:49:17,785 - INFO - [MÍNIMO] Nenhum registro com AP preenchido encontrado na aba PGC 15.
2026-02-10 18:49:19,771 - INFO - [MÍNIMO] Nenhum registro com AP preenchido encontrado na aba PGC 15.
2026-02-10 18:49:21,514 - INFO - [MÍNIMO] Nenhum registro com AP preenchido encontrado na aba PGC 15.
2026-02-10 18:49:22,063 - INFO - [MÍNIMO] Nenhum registro com AP preenchido encontrado na aba PGC 15.
2026-02-10 18:49:22,821 - INFO - [MÍNIMO] Nenhum registro com AP preenchido encontrado na aba PGC 15.
2026-02-10 18:49:23,636 - INFO - [MÍNIMO] Nenhum registro com AP preenchido encontrado na aba PGC 15.
2026-02-10 18:49:24,744 - INFO - [MÍNIMO] Nenhum registro com AP preenchido encontrado na aba PGC 15.
2026-02-10 18:49:25,558 - INFO - [MÍNIMO] Nenhum registro com AP preenchido encontrado na aba PGC 15.
2026-02-10 18:49:26,091 - INFO - [MÍNIMO] Nenhum registro com AP preenchido encontrado na aba PGC 15.
2026-02-10 18:49:26,519 - INFO - [MÍNIMO] Nenhum registro com AP preenchido encontrado na aba PGC 15.
2026-02-10 18:49:27,322 - INFO - [MÍNIMO] Nenhum registro com AP preenchido encontrado na aba PGC 15.
2026-02-10 18:49:27,742 - INFO - [MÍNIMO] Nenhum registro com AP preenchido encontrado na aba PGC 15.
2026-02-10 18:49:28,563 - INFO - [MÍNIMO] Nenhum registro com AP preenchido encontrado na aba PGC 15.
2026-02-10 18:49:28,917 - INFO - [MÍNIMO] Nenhum registro com AP preenchido encontrado na aba PGC 15.
2026-02-10 18:49:29,342 - INFO - [MÍNIMO] Nenhum registro com AP preenchido encontrado na aba PGC 15.
2026-02-10 18:49:29,874 - INFO - [MÍNIMO] Nenhum registro com AP preenchido encontrado na aba PGC 15.
2026-02-10 18:49:30,870 - INFO - [MÍNIMO] Nenhum registro com AP preenchido encontrado na aba PGC 15.
2026-02-10 18:49:31,254 - INFO - [MÍNIMO] Nenhum registro com AP preenchido encontrado na aba PGC 15.
2026-02-10 18:49:31,987 - INFO - [MÍNIMO] Nenhum registro com AP preenchido encontrado na aba PGC 15.
2026-02-10 18:49:32,564 - INFO - [MÍNIMO] Nenhum registro com AP preenchido encontrado na aba PGC 15.
2026-02-10 18:49:33,219 - INFO - [MÍNIMO] Nenhum registro com AP preenchido encontrado na aba PGC 15.
2026-02-10 18:49:33,684 - INFO - [MÍNIMO] Nenhum registro com AP preenchido encontrado na aba PGC 15.
2026-02-10 18:49:34,322 - INFO - [MÍNIMO] Nenhum registro com AP preenchido encontrado na aba PGC 15.
2026-02-10 18:49:34,924 - INFO - [MÍNIMO] Nenhum registro com AP preenchido encontrado na aba PGC 15.
2026-02-10 18:49:35,333 - INFO - [MÍNIMO] Nenhum registro com AP preenchido encontrado na aba PGC 15.
2026-02-10 18:49:35,916 - INFO - [MÍNIMO] Nenhum registro com AP preenchido encontrado na aba PGC 15.
2026-02-10 18:49:36,292 - INFO - [MÍNIMO] Nenhum registro com AP preenchido encontrado na aba PGC 15.
2026-02-10 18:49:36,924 - INFO - [MÍNIMO] Nenhum registro com AP preenchido encontrado na aba PGC 15.
2026-02-10 18:49:37,255 - INFO - [MÍNIMO] Nenhum registro com AP preenchido encontrado na aba PGC 15.
2026-02-10 18:49:37,591 - INFO - [MÍNIMO] Nenhum registro com AP preenchido encontrado na aba PGC 15.
2026-02-10 18:49:38,388 - INFO - [MÍNIMO] Nenhum registro com AP preenchido encontrado na aba PGC 15.
2026-02-10 18:49:38,921 - INFO - [MÍNIMO] Nenhum registro com AP preenchido encontrado na aba PGC 15.
2026-02-10 18:49:40,588 - INFO - [MÍNIMO] Nenhum registro com AP preenchido encontrado na aba PGC 15.
2026-02-10 18:49:41,931 - INFO - [MÍNIMO] Nenhum registro com AP preenchido encontrado na aba PGC 15.
2026-02-10 18:49:44,174 - INFO - [MÍNIMO] Nenhum registro com AP preenchido encontrado na aba PGC 15.
2026-02-10 18:49:44,691 - INFO - [MÍNIMO] Nenhum registro com AP preenchido encontrado na aba PGC 15.
2026-02-10 18:49:47,089 - INFO - [MÍNIMO] Nenhum registro com AP preenchido encontrado na aba PGC 15.
2026-02-10 18:49:49,797 - INFO - [MÍNIMO] Nenhum registro com AP preenchido encontrado na aba PGC 15.
2026-02-10 18:49:52,193 - INFO - [MÍNIMO] Nenhum registro com AP preenchido encontrado na aba PGC 15.
2026-02-10 18:49:53,608 - INFO - [MÍNIMO] Nenhum registro com AP preenchido encontrado na aba PGC 15.
2026-02-10 18:49:54,757 - INFO - [MÍNIMO] Nenhum registro com AP preenchido encontrado na aba PGC 15.
2026-02-10 18:49:57,068 - INFO - [MÍNIMO] Nenhum registro com AP preenchido encontrado na aba PGC 15.
2026-02-10 18:49:58,322 - INFO - [MÍNIMO] Nenhum registro com AP preenchido encontrado na aba PGC 15.
2026-02-10 18:49:58,766 - INFO - [MÍNIMO] Nenhum registro com AP preenchido encontrado na aba PGC 15.
2026-02-10 18:50:00,146 - INFO - [MÍNIMO] Nenhum registro com AP preenchido encontrado na aba PGC 15.
2026-02-10 18:50:02,027 - INFO - [MÍNIMO] Nenhum registro com AP preenchido encontrado na aba PGC 15.
2026-02-10 18:50:02,616 - INFO - [MÍNIMO] Nenhum registro com AP preenchido encontrado na aba PGC 15.
2026-02-10 18:50:04,148 - INFO - [MÍNIMO] Nenhum registro com AP preenchido encontrado na aba PGC 15.
2026-02-10 18:50:05,426 - INFO - [MÍNIMO] Nenhum registro com AP preenchido encontrado na aba PGC 15.
2026-02-10 18:50:06,182 - INFO - [MÍNIMO] Nenhum registro com AP preenchido encontrado na aba PGC 15.
2026-02-10 18:50:08,209 - INFO - [MÍNIMO] Nenhum registro com AP preenchido encontrado na aba PGC 15.
2026-02-10 18:50:10,051 - INFO - [MÍNIMO] Nenhum registro com AP preenchido encontrado na aba PGC 15.
2026-02-10 18:50:12,534 - INFO - [MÍNIMO] Nenhum registro com AP preenchido encontrado na aba PGC 15.
2026-02-10 18:50:13,271 - INFO - [MÍNIMO] Nenhum registro com AP preenchido encontrado na aba PGC 15.
2026-02-10 18:50:14,689 - INFO - [MÍNIMO] Nenhum registro com AP preenchido encontrado na aba PGC 15.
2026-02-10 18:50:15,571 - INFO - [MÍNIMO] Nenhum registro com AP preenchido encontrado na aba PGC 15.
2026-02-10 18:50:17,999 - INFO - [MÍNIMO] Nenhum registro com AP preenchido encontrado na aba PGC 15.
2026-02-10 18:50:19,059 - INFO - [MÍNIMO] Nenhum registro com AP preenchido encontrado na aba PGC 15.
2026-02-10 18:50:59,516 - ERROR - [PASTA] Base do PGC não existe: C:\PGC\envio_rendimentos\arquivos_gerados\PGC\015
2026-02-10 18:50:59,516 - ERROR - Pasta não encontrada para Thiago da Silva Correa. Base: C:\PGC\envio_rendimentos\arquivos_gerados\PGC\015
2026-02-10 18:51:18,336 - ERROR - [PASTA] Base do PGC não existe: C:\PGC\envio_rendimentos\arquivos_gerados\PGC\015
2026-02-10 18:51:18,336 - ERROR - Pasta não encontrada para Thiago da Silva Correa. Base: C:\PGC\envio_rendimentos\arquivos_gerados\PGC\015
2026-02-10 19:55:05,166 - INFO - [MÍNIMO] Nenhum registro com AP preenchido encontrado na aba PGC 15.
2026-02-10 19:55:05,555 - INFO - [MÍNIMO] Nenhum registro com AP preenchido encontrado na aba PGC 15.
2026-02-10 19:55:06,994 - INFO - [MÍNIMO] Nenhum registro com AP preenchido encontrado na aba PGC 15.
2026-02-10 19:55:07,606 - INFO - [MÍNIMO] Nenhum registro com AP preenchido encontrado na aba PGC 15.
2026-02-10 19:55:08,769 - INFO - [MÍNIMO] Nenhum registro com AP preenchido encontrado na aba PGC 15.
2026-02-10 19:55:09,164 - INFO - [MÍNIMO] Nenhum registro com AP preenchido encontrado na aba PGC 15.
2026-02-10 19:55:09,857 - INFO - [MÍNIMO] Nenhum registro com AP preenchido encontrado na aba PGC 15.
2026-02-10 19:55:10,680 - INFO - [MÍNIMO] Nenhum registro com AP preenchido encontrado na aba PGC 15.
2026-02-10 19:55:11,259 - INFO - [MÍNIMO] Nenhum registro com AP preenchido encontrado na aba PGC 15.
2026-02-10 19:55:12,047 - INFO - [MÍNIMO] Nenhum registro com AP preenchido encontrado na aba PGC 15.
2026-02-10 19:55:12,475 - INFO - [MÍNIMO] Nenhum registro com AP preenchido encontrado na aba PGC 15.
2026-02-10 19:55:13,097 - INFO - [MÍNIMO] Nenhum registro com AP preenchido encontrado na aba PGC 15.
2026-02-10 19:55:13,491 - INFO - [MÍNIMO] Nenhum registro com AP preenchido encontrado na aba PGC 15.
2026-02-10 19:55:15,384 - INFO - [MÍNIMO] Nenhum registro com AP preenchido encontrado na aba PGC 15.
2026-02-10 19:55:17,127 - INFO - [MÍNIMO] Nenhum registro com AP preenchido encontrado na aba PGC 15.
2026-02-10 19:55:17,659 - INFO - [MÍNIMO] Nenhum registro com AP preenchido encontrado na aba PGC 15.
2026-02-10 19:55:18,381 - INFO - [MÍNIMO] Nenhum registro com AP preenchido encontrado na aba PGC 15.
2026-02-10 19:55:19,331 - INFO - [MÍNIMO] Nenhum registro com AP preenchido encontrado na aba PGC 15.
2026-02-10 19:55:20,289 - INFO - [MÍNIMO] Nenhum registro com AP preenchido encontrado na aba PGC 15.
2026-02-10 19:55:20,887 - INFO - [MÍNIMO] Nenhum registro com AP preenchido encontrado na aba PGC 15.
2026-02-10 19:55:21,402 - INFO - [MÍNIMO] Nenhum registro com AP preenchido encontrado na aba PGC 15.
2026-02-10 19:55:21,784 - INFO - [MÍNIMO] Nenhum registro com AP preenchido encontrado na aba PGC 15.
2026-02-10 19:55:22,721 - INFO - [MÍNIMO] Nenhum registro com AP preenchido encontrado na aba PGC 15.
2026-02-10 19:55:23,095 - INFO - [MÍNIMO] Nenhum registro com AP preenchido encontrado na aba PGC 15.
2026-02-10 19:55:23,839 - INFO - [MÍNIMO] Nenhum registro com AP preenchido encontrado na aba PGC 15.
2026-02-10 19:55:24,163 - INFO - [MÍNIMO] Nenhum registro com AP preenchido encontrado na aba PGC 15.
2026-02-10 19:55:24,523 - INFO - [MÍNIMO] Nenhum registro com AP preenchido encontrado na aba PGC 15.
2026-02-10 19:55:25,046 - INFO - [MÍNIMO] Nenhum registro com AP preenchido encontrado na aba PGC 15.
2026-02-10 19:55:26,112 - INFO - [MÍNIMO] Nenhum registro com AP preenchido encontrado na aba PGC 15.
2026-02-10 19:55:26,458 - INFO - [MÍNIMO] Nenhum registro com AP preenchido encontrado na aba PGC 15.
2026-02-10 19:55:27,162 - INFO - [MÍNIMO] Nenhum registro com AP preenchido encontrado na aba PGC 15.
2026-02-10 19:55:27,631 - INFO - [MÍNIMO] Nenhum registro com AP preenchido encontrado na aba PGC 15.
2026-02-10 19:55:28,268 - INFO - [MÍNIMO] Nenhum registro com AP preenchido encontrado na aba PGC 15.
2026-02-10 19:55:28,685 - INFO - [MÍNIMO] Nenhum registro com AP preenchido encontrado na aba PGC 15.
2026-02-10 19:55:29,382 - INFO - [MÍNIMO] Nenhum registro com AP preenchido encontrado na aba PGC 15.
2026-02-10 19:55:29,984 - INFO - [MÍNIMO] Nenhum registro com AP preenchido encontrado na aba PGC 15.
2026-02-10 19:55:30,355 - INFO - [MÍNIMO] Nenhum registro com AP preenchido encontrado na aba PGC 15.
2026-02-10 19:55:30,931 - INFO - [MÍNIMO] Nenhum registro com AP preenchido encontrado na aba PGC 15.
2026-02-10 19:55:31,284 - INFO - [MÍNIMO] Nenhum registro com AP preenchido encontrado na aba PGC 15.
2026-02-10 19:55:31,833 - INFO - [MÍNIMO] Nenhum registro com AP preenchido encontrado na aba PGC 15.
2026-02-10 19:55:32,142 - INFO - [MÍNIMO] Nenhum registro com AP preenchido encontrado na aba PGC 15.
2026-02-10 19:55:32,451 - INFO - [MÍNIMO] Nenhum registro com AP preenchido encontrado na aba PGC 15.
2026-02-10 19:55:33,321 - INFO - [MÍNIMO] Nenhum registro com AP preenchido encontrado na aba PGC 15.
2026-02-10 19:55:33,855 - INFO - [MÍNIMO] Nenhum registro com AP preenchido encontrado na aba PGC 15.
2026-02-10 19:55:35,511 - INFO - [MÍNIMO] Nenhum registro com AP preenchido encontrado na aba PGC 15.
2026-02-10 19:55:36,977 - INFO - [MÍNIMO] Nenhum registro com AP preenchido encontrado na aba PGC 15.
2026-02-10 19:55:39,115 - INFO - [MÍNIMO] Nenhum registro com AP preenchido encontrado na aba PGC 15.
2026-02-10 19:55:39,711 - INFO - [MÍNIMO] Nenhum registro com AP preenchido encontrado na aba PGC 15.
2026-02-10 19:55:41,806 - INFO - [MÍNIMO] Nenhum registro com AP preenchido encontrado na aba PGC 15.
2026-02-10 19:55:44,414 - INFO - [MÍNIMO] Nenhum registro com AP preenchido encontrado na aba PGC 15.
2026-02-10 19:55:46,770 - INFO - [MÍNIMO] Nenhum registro com AP preenchido encontrado na aba PGC 15.
2026-02-10 19:55:48,180 - INFO - [MÍNIMO] Nenhum registro com AP preenchido encontrado na aba PGC 15.
2026-02-10 19:55:49,186 - INFO - [MÍNIMO] Nenhum registro com AP preenchido encontrado na aba PGC 15.
2026-02-10 19:55:51,560 - INFO - [MÍNIMO] Nenhum registro com AP preenchido encontrado na aba PGC 15.
2026-02-10 19:55:52,860 - INFO - [MÍNIMO] Nenhum registro com AP preenchido encontrado na aba PGC 15.
2026-02-10 19:55:53,289 - INFO - [MÍNIMO] Nenhum registro com AP preenchido encontrado na aba PGC 15.
2026-02-10 19:55:54,647 - INFO - [MÍNIMO] Nenhum registro com AP preenchido encontrado na aba PGC 15.
2026-02-10 19:55:56,513 - INFO - [MÍNIMO] Nenhum registro com AP preenchido encontrado na aba PGC 15.
2026-02-10 19:55:57,095 - INFO - [MÍNIMO] Nenhum registro com AP preenchido encontrado na aba PGC 15.
2026-02-10 19:55:58,597 - INFO - [MÍNIMO] Nenhum registro com AP preenchido encontrado na aba PGC 15.
2026-02-10 19:55:59,886 - INFO - [MÍNIMO] Nenhum registro com AP preenchido encontrado na aba PGC 15.
2026-02-10 19:56:00,616 - INFO - [MÍNIMO] Nenhum registro com AP preenchido encontrado na aba PGC 15.
2026-02-10 19:56:02,936 - INFO - [MÍNIMO] Nenhum registro com AP preenchido encontrado na aba PGC 15.
2026-02-10 19:56:04,787 - INFO - [MÍNIMO] Nenhum registro com AP preenchido encontrado na aba PGC 15.
2026-02-10 19:56:07,310 - INFO - [MÍNIMO] Nenhum registro com AP preenchido encontrado na aba PGC 15.
2026-02-10 19:56:08,037 - INFO - [MÍNIMO] Nenhum registro com AP preenchido encontrado na aba PGC 15.
2026-02-10 19:56:09,431 - INFO - [MÍNIMO] Nenhum registro com AP preenchido encontrado na aba PGC 15.
2026-02-10 19:56:10,365 - INFO - [MÍNIMO] Nenhum registro com AP preenchido encontrado na aba PGC 15.
2026-02-10 19:56:12,831 - INFO - [MÍNIMO] Nenhum registro com AP preenchido encontrado na aba PGC 15.
2026-02-10 19:56:13,878 - INFO - [MÍNIMO] Nenhum registro com AP preenchido encontrado na aba PGC 15.
2026-02-10 20:27:00,428 - INFO - [MINIMO] Caminho mínimo: C:\PGC\envio_rendimentos\arquivos_gerados\PGC\15\MINIMO.xlsx
2026-02-10 20:27:00,428 - INFO - [MINIMO] Arquivo existe? False
2026-02-10 20:27:00,428 - WARNING - [MÍNIMO] MINIMO.xlsx não encontrado: C:\PGC\envio_rendimentos\arquivos_gerados\PGC\15\MINIMO.xlsx
2026-02-10 20:27:00,436 - INFO - [PASTA] Match encontrado: THIAGO DA SILVA CORREA
2026-02-10 20:32:27,225 - INFO - [MINIMO] Caminho mínimo: C:\PGC\envio_rendimentos\arquivos_gerados\PGC\34\MINIMO.xlsx
2026-02-10 20:32:27,225 - INFO - [MINIMO] Arquivo existe? False
2026-02-10 20:32:27,225 - WARNING - [MÍNIMO] MINIMO.xlsx não encontrado: C:\PGC\envio_rendimentos\arquivos_gerados\PGC\34\MINIMO.xlsx
2026-02-10 20:32:27,236 - INFO - [PASTA] Match encontrado: LARA VITORIA DE CARVALHO CORRENTE
2026-02-10 21:25:40,622 - INFO - [MINIMO] Caminho mínimo: C:\PGC\envio_rendimentos\arquivos_gerados\PGC\34\MINIMO.xlsx
2026-02-10 21:25:40,622 - INFO - [MINIMO] Arquivo existe? True
2026-02-10 21:25:40,634 - ERROR - [MÍNIMO] Erro ao ler mínimo.xlsx: 'credor'
2026-02-10 21:25:40,642 - INFO - [PASTA] Match encontrado: LARA VITORIA DE CARVALHO CORRENTE
2026-02-10 21:29:36,370 - INFO - [MINIMO] Caminho mínimo: C:\PGC\envio_rendimentos\arquivos_gerados\PGC\34\MINIMO.xlsx
2026-02-10 21:29:36,370 - INFO - [MINIMO] Arquivo existe? True
2026-02-10 21:29:36,404 - INFO - [PASTA] Match encontrado: LARA VITORIA DE CARVALHO CORRENTE
2026-02-10 21:53:43,606 - INFO - [MINIMO] Caminho mínimo: C:\PGC\envio_rendimentos\arquivos_gerados\PGC\34\MINIMO.xlsx
2026-02-10 21:53:43,607 - INFO - [MINIMO] Arquivo existe? True
2026-02-10 21:53:43,619 - ERROR - [MÍNIMO] Erro ao ler mínimo.xlsx: 'credor'
2026-02-10 21:53:43,629 - INFO - [PASTA] Match encontrado: LARA VITORIA DE CARVALHO CORRENTE
2026-02-10 21:54:47,583 - INFO - [MINIMO] Caminho mínimo: C:\PGC\envio_rendimentos\arquivos_gerados\PGC\34\MINIMO.xlsx
2026-02-10 21:54:47,583 - INFO - [MINIMO] Arquivo existe? True
2026-02-10 21:54:47,595 - ERROR - [MÍNIMO] Erro ao ler mínimo.xlsx: 'credor'
2026-02-10 21:54:47,604 - INFO - [PASTA] Match encontrado: LARA VITORIA DE CARVALHO CORRENTE
2026-02-10 21:56:29,685 - INFO - [MINIMO] Caminho mínimo: C:\PGC\envio_rendimentos\arquivos_gerados\PGC\34\MINIMO.xlsx
2026-02-10 21:56:29,686 - INFO - [MINIMO] Arquivo existe? False
2026-02-10 21:56:29,686 - WARNING - [MÍNIMO] MINIMO.xlsx não encontrado: C:\PGC\envio_rendimentos\arquivos_gerados\PGC\34\MINIMO.xlsx
2026-02-10 21:56:29,696 - INFO - [PASTA] Match encontrado: LARA VITORIA DE CARVALHO CORRENTE
2026-02-11 01:24:47,077 - INFO - [MINIMO] Procurando arquivo MINIMO em: C:\PGC\envio_rendimentos\arquivos_gerados\PGC\34
2026-02-11 01:24:47,079 - WARNING - [MINIMO] Arquivo MINIMO.* não encontrado em C:\PGC\envio_rendimentos\arquivos_gerados\PGC\34
2026-02-11 01:24:47,090 - INFO - [PASTA] Match encontrado: LARA VITORIA DE CARVALHO CORRENTE
2026-02-11 01:34:13,110 - INFO - [MINIMO] Procurando arquivo MINIMO em: C:\PGC\envio_rendimentos\arquivos_gerados\PGC\34
2026-02-11 01:34:13,111 - INFO - [MINIMO] Usando arquivo: C:\PGC\envio_rendimentos\arquivos_gerados\PGC\34\MINIMO.xlsx
2026-02-11 01:34:13,140 - INFO - [MINIMO] Colunas detectadas: ['CREDOR', 'MINIMO/FIXO GARANTIDO PARA EMISSAO NF', 'EMPRESA EMISSÃO NF', 'CNPJ']
2026-02-11 01:34:13,150 - INFO - [PASTA] Match encontrado: LARA VITORIA DE CARVALHO CORRENTE
2026-02-11 01:53:12,138 - INFO - [MINIMO] Procurando arquivo MINIMO em: C:\PGC\envio_rendimentos\arquivos_gerados\PGC\34
2026-02-11 01:53:12,139 - INFO - [MINIMO] Usando arquivo: C:\PGC\envio_rendimentos\arquivos_gerados\PGC\34\MINIMO.xlsx
2026-02-11 01:53:12,168 - INFO - [MINIMO] Colunas detectadas: ['CREDOR', 'MINIMO/FIXO GARANTIDO PARA EMISSAO NF', 'EMPRESA EMISSÃO NF', 'CNPJ']
2026-02-11 01:53:12,179 - INFO - [PASTA] Match encontrado: LARA VITORIA DE CARVALHO CORRENTE
2026-02-11 01:55:41,117 - INFO - [MINIMO] Procurando arquivo MINIMO em: C:\PGC\envio_rendimentos\arquivos_gerados\PGC\34
2026-02-11 01:55:41,119 - INFO - [MINIMO] Usando arquivo: C:\PGC\envio_rendimentos\arquivos_gerados\PGC\34\MINIMO.xlsx
2026-02-11 01:55:41,130 - INFO - [MINIMO] Colunas detectadas: ['CREDOR', 'MINIMO/FIXO GARANTIDO PARA EMISSAO NF', 'EMPRESA EMISSÃO NF', 'CNPJ']
2026-02-11 01:55:41,142 - INFO - [PASTA] Match encontrado: LARA VITORIA DE CARVALHO CORRENTE
2026-02-11 02:23:16,343 - INFO - [MINIMO] Procurando arquivo MINIMO em: C:\PGC\envio_rendimentos\arquivos_gerados\PGC\34
2026-02-11 02:23:16,344 - INFO - [MINIMO] Usando arquivo: C:\PGC\envio_rendimentos\arquivos_gerados\PGC\34\MINIMO.xlsx
2026-02-11 02:23:16,355 - INFO - [MINIMO] Colunas detectadas: ['CREDOR', 'MINIMO/FIXO GARANTIDO PARA EMISSAO NF', 'EMPRESA EMISSÃO NF', 'CNPJ']
2026-02-11 02:23:16,365 - INFO - [PASTA] Match encontrado: LARA VITORIA DE CARVALHO CORRENTE
2026-02-11 02:39:24,954 - INFO - [MINIMO] Procurando arquivo MINIMO em: C:\PGC\envio_rendimentos\arquivos_gerados\PGC\34
2026-02-11 02:39:24,955 - INFO - [MINIMO] Usando arquivo: C:\PGC\envio_rendimentos\arquivos_gerados\PGC\34\MINIMO.xlsx
2026-02-11 02:39:24,982 - INFO - [MINIMO] Colunas detectadas: ['CREDOR', 'MINIMO/FIXO GARANTIDO PARA EMISSAO NF', 'EMPRESA EMISSÃO NF', 'CNPJ']
2026-02-11 02:39:24,996 - INFO - [PASTA] Match encontrado: LARA VITORIA DE CARVALHO CORRENTE
2026-02-11 02:42:47,619 - INFO - [MINIMO] Procurando arquivo MINIMO em: C:\PGC\envio_rendimentos\arquivos_gerados\PGC\34
2026-02-11 02:42:47,620 - INFO - [MINIMO] Usando arquivo: C:\PGC\envio_rendimentos\arquivos_gerados\PGC\34\MINIMO.xlsx
2026-02-11 02:42:47,648 - INFO - [MINIMO] Colunas detectadas: ['CREDOR', 'MINIMO/FIXO GARANTIDO PARA EMISSAO NF', 'EMPRESA EMISSÃO NF', 'CNPJ']
2026-02-11 02:42:47,659 - INFO - [PASTA] Match encontrado: LARA VITORIA DE CARVALHO CORRENTE
2026-02-11 02:57:57,493 - INFO - [MINIMO] Procurando arquivo MINIMO em: C:\PGC\envio_rendimentos\arquivos_gerados\PGC\34
2026-02-11 02:57:57,494 - INFO - [MINIMO] Usando arquivo: C:\PGC\envio_rendimentos\arquivos_gerados\PGC\34\MINIMO.xlsx
2026-02-11 02:57:57,518 - INFO - [MINIMO] Colunas detectadas: ['CREDOR', 'MINIMO/FIXO GARANTIDO PARA EMISSAO NF', 'EMPRESA EMISSÃO NF', 'CNPJ']
2026-02-11 02:57:57,528 - INFO - [PASTA] Match encontrado: LARA VITORIA DE CARVALHO CORRENTE
2026-02-11 03:00:40,246 - INFO - [MÍNIMO] Nenhum registro com AP preenchido encontrado na aba PGC 14.
2026-02-11 03:00:40,704 - INFO - [MÍNIMO] Nenhum registro com AP preenchido encontrado na aba PGC 14.
2026-02-11 03:00:41,168 - INFO - [MÍNIMO] Nenhum registro com AP preenchido encontrado na aba PGC 14.
2026-02-11 03:00:42,709 - INFO - [MÍNIMO] Nenhum registro com AP preenchido encontrado na aba PGC 14.
2026-02-11 03:00:43,861 - INFO - [MÍNIMO] Nenhum registro com AP preenchido encontrado na aba PGC 14.
2026-02-11 03:00:44,270 - INFO - [MÍNIMO] Nenhum registro com AP preenchido encontrado na aba PGC 14.
2026-02-11 03:00:44,990 - INFO - [MÍNIMO] Nenhum registro com AP preenchido encontrado na aba PGC 14.
2026-02-11 03:00:46,019 - INFO - [MÍNIMO] Nenhum registro com AP preenchido encontrado na aba PGC 14.
2026-02-11 03:00:46,655 - INFO - [MÍNIMO] Nenhum registro com AP preenchido encontrado na aba PGC 14.
2026-02-11 03:00:47,529 - INFO - [MÍNIMO] Nenhum registro com AP preenchido encontrado na aba PGC 14.
2026-02-11 03:00:48,006 - INFO - [MÍNIMO] Nenhum registro com AP preenchido encontrado na aba PGC 14.
2026-02-11 03:00:48,558 - INFO - [MÍNIMO] Nenhum registro com AP preenchido encontrado na aba PGC 14.
2026-02-11 03:00:50,546 - INFO - [MÍNIMO] Nenhum registro com AP preenchido encontrado na aba PGC 14.
2026-02-11 03:00:52,356 - INFO - [MÍNIMO] Nenhum registro com AP preenchido encontrado na aba PGC 14.
2026-02-11 03:00:53,151 - INFO - [MÍNIMO] Nenhum registro com AP preenchido encontrado na aba PGC 14.
2026-02-11 03:00:54,030 - INFO - [MÍNIMO] Nenhum registro com AP preenchido encontrado na aba PGC 14.
2026-02-11 03:00:55,191 - INFO - [MÍNIMO] Nenhum registro com AP preenchido encontrado na aba PGC 14.
2026-02-11 03:00:55,813 - INFO - [MÍNIMO] Nenhum registro com AP preenchido encontrado na aba PGC 14.
2026-02-11 03:00:56,409 - INFO - [MÍNIMO] Nenhum registro com AP preenchido encontrado na aba PGC 14.
2026-02-11 03:00:56,852 - INFO - [MÍNIMO] Nenhum registro com AP preenchido encontrado na aba PGC 14.
2026-02-11 03:00:57,663 - INFO - [MÍNIMO] Nenhum registro com AP preenchido encontrado na aba PGC 14.
2026-02-11 03:00:58,077 - INFO - [MÍNIMO] Nenhum registro com AP preenchido encontrado na aba PGC 14.
2026-02-11 03:00:58,977 - INFO - [MÍNIMO] Nenhum registro com AP preenchido encontrado na aba PGC 14.
2026-02-11 03:00:59,336 - INFO - [MÍNIMO] Nenhum registro com AP preenchido encontrado na aba PGC 14.
2026-02-11 03:00:59,726 - INFO - [MÍNIMO] Nenhum registro com AP preenchido encontrado na aba PGC 14.
2026-02-11 03:01:00,273 - INFO - [MÍNIMO] Nenhum registro com AP preenchido encontrado na aba PGC 14.
2026-02-11 03:01:01,376 - INFO - [MÍNIMO] Nenhum registro com AP preenchido encontrado na aba PGC 14.
2026-02-11 03:01:01,757 - INFO - [MÍNIMO] Nenhum registro com AP preenchido encontrado na aba PGC 14.
2026-02-11 03:01:02,601 - INFO - [MÍNIMO] Nenhum registro com AP preenchido encontrado na aba PGC 14.
2026-02-11 03:01:03,118 - INFO - [MÍNIMO] Nenhum registro com AP preenchido encontrado na aba PGC 14.
2026-02-11 03:01:03,808 - INFO - [MÍNIMO] Nenhum registro com AP preenchido encontrado na aba PGC 14.
2026-02-11 03:01:04,256 - INFO - [MÍNIMO] Nenhum registro com AP preenchido encontrado na aba PGC 14.
2026-02-11 03:01:05,060 - INFO - [MÍNIMO] Nenhum registro com AP preenchido encontrado na aba PGC 14.
2026-02-11 03:01:05,652 - INFO - [MÍNIMO] Nenhum registro com AP preenchido encontrado na aba PGC 14.
2026-02-11 03:01:06,126 - INFO - [MÍNIMO] Nenhum registro com AP preenchido encontrado na aba PGC 14.
2026-02-11 03:01:06,696 - INFO - [MÍNIMO] Nenhum registro com AP preenchido encontrado na aba PGC 14.
2026-02-11 03:01:07,093 - INFO - [MÍNIMO] Nenhum registro com AP preenchido encontrado na aba PGC 14.
2026-02-11 03:01:07,457 - INFO - [MÍNIMO] Nenhum registro com AP preenchido encontrado na aba PGC 14.
2026-02-11 03:01:07,784 - INFO - [MÍNIMO] Nenhum registro com AP preenchido encontrado na aba PGC 14.
2026-02-11 03:01:08,556 - INFO - [MÍNIMO] Nenhum registro com AP preenchido encontrado na aba PGC 14.
2026-02-11 03:01:09,210 - INFO - [MÍNIMO] Nenhum registro com AP preenchido encontrado na aba PGC 14.
2026-02-11 03:01:10,939 - INFO - [MÍNIMO] Nenhum registro com AP preenchido encontrado na aba PGC 14.
2026-02-11 03:01:12,376 - INFO - [MÍNIMO] Nenhum registro com AP preenchido encontrado na aba PGC 14.
2026-02-11 03:01:14,777 - INFO - [MÍNIMO] Nenhum registro com AP preenchido encontrado na aba PGC 14.
2026-02-11 03:01:15,292 - INFO - [MÍNIMO] Nenhum registro com AP preenchido encontrado na aba PGC 14.
2026-02-11 03:01:17,579 - INFO - [MÍNIMO] Nenhum registro com AP preenchido encontrado na aba PGC 14.
2026-02-11 03:01:20,339 - INFO - [MÍNIMO] Nenhum registro com AP preenchido encontrado na aba PGC 14.
2026-02-11 03:01:22,786 - INFO - [MÍNIMO] Nenhum registro com AP preenchido encontrado na aba PGC 14.
2026-02-11 03:01:24,304 - INFO - [MÍNIMO] Nenhum registro com AP preenchido encontrado na aba PGC 14.
2026-02-11 03:01:25,340 - INFO - [MÍNIMO] Nenhum registro com AP preenchido encontrado na aba PGC 14.
2026-02-11 03:01:27,695 - INFO - [MÍNIMO] Nenhum registro com AP preenchido encontrado na aba PGC 14.
2026-02-11 03:01:29,010 - INFO - [MÍNIMO] Nenhum registro com AP preenchido encontrado na aba PGC 14.
2026-02-11 03:01:29,479 - INFO - [MÍNIMO] Nenhum registro com AP preenchido encontrado na aba PGC 14.
2026-02-11 03:01:30,971 - INFO - [MÍNIMO] Nenhum registro com AP preenchido encontrado na aba PGC 14.
2026-02-11 03:01:32,914 - INFO - [MÍNIMO] Nenhum registro com AP preenchido encontrado na aba PGC 14.
2026-02-11 03:01:33,518 - INFO - [MÍNIMO] Nenhum registro com AP preenchido encontrado na aba PGC 14.
2026-02-11 03:01:35,004 - INFO - [MÍNIMO] Nenhum registro com AP preenchido encontrado na aba PGC 14.
2026-02-11 03:01:36,403 - INFO - [MÍNIMO] Nenhum registro com AP preenchido encontrado na aba PGC 14.
2026-02-11 03:01:37,171 - INFO - [MÍNIMO] Nenhum registro com AP preenchido encontrado na aba PGC 14.
2026-02-11 03:01:39,141 - INFO - [MÍNIMO] Nenhum registro com AP preenchido encontrado na aba PGC 14.
2026-02-11 03:01:40,994 - INFO - [MÍNIMO] Nenhum registro com AP preenchido encontrado na aba PGC 14.
2026-02-11 03:01:43,553 - INFO - [MÍNIMO] Nenhum registro com AP preenchido encontrado na aba PGC 14.
2026-02-11 03:01:44,523 - INFO - [MÍNIMO] Nenhum registro com AP preenchido encontrado na aba PGC 14.
2026-02-11 03:01:46,041 - INFO - [MÍNIMO] Nenhum registro com AP preenchido encontrado na aba PGC 14.
2026-02-11 03:01:46,875 - INFO - [MÍNIMO] Nenhum registro com AP preenchido encontrado na aba PGC 14.
2026-02-11 03:01:47,382 - INFO - [MÍNIMO] Nenhum registro com AP preenchido encontrado na aba PGC 14.
2026-02-11 03:01:49,839 - INFO - [MÍNIMO] Nenhum registro com AP preenchido encontrado na aba PGC 14.
2026-02-11 03:01:51,181 - INFO - [MÍNIMO] Nenhum registro com AP preenchido encontrado na aba PGC 14.
2026-02-11 03:08:29,268 - INFO - [MINIMO] Procurando arquivo MINIMO em: C:\PGC\envio_rendimentos\arquivos_gerados\PGC\15
2026-02-11 03:08:29,269 - WARNING - [MINIMO] Arquivo MINIMO.* não encontrado em C:\PGC\envio_rendimentos\arquivos_gerados\PGC\15
2026-02-11 03:08:29,274 - INFO - [PASTA] Match encontrado: THIAGO DA SILVA CORREA
2026-02-13 06:41:42,744 - INFO - [MINIMO_UNIFICADO] registros_minimos=9, registros_retencao=10, registros_cestas=5
2026-02-13 07:03:41,827 - INFO - [MINIMO] Procurando arquivo MINIMO em: C:\PGC\envio_rendimentos\arquivos_gerados\PGC\35
2026-02-13 07:03:41,828 - INFO - [MINIMO] Usando arquivo: C:\PGC\envio_rendimentos\arquivos_gerados\PGC\35\MINIMO.xlsx
2026-02-13 07:03:41,854 - INFO - [MINIMO] Colunas detectadas: ['CREDOR', 'MINIMO/FIXO GARANTIDO PARA EMISSAO NF', 'EMPRESA EMISSÃO NF', 'CNPJ']
2026-02-13 07:07:48,926 - INFO - [MINIMO] Procurando arquivo MINIMO em: C:\PGC\envio_rendimentos\arquivos_gerados\PGC\35
2026-02-13 07:07:48,928 - INFO - [MINIMO] Usando arquivo: C:\PGC\envio_rendimentos\arquivos_gerados\PGC\35\MINIMO.xlsx
2026-02-13 07:07:48,951 - INFO - [MINIMO] Colunas detectadas: ['CREDOR', 'MINIMO/FIXO GARANTIDO PARA EMISSAO NF', 'EMPRESA EMISSÃO NF', 'CNPJ']
2026-02-13 07:12:49,385 - INFO - [MINIMO] Procurando arquivo MINIMO em: C:\PGC\envio_rendimentos\arquivos_gerados\PGC\35
2026-02-13 07:12:49,387 - INFO - [MINIMO] Usando arquivo: C:\PGC\envio_rendimentos\arquivos_gerados\PGC\35\MINIMO.xlsx
2026-02-13 07:12:49,410 - INFO - [MINIMO] Colunas detectadas: ['CREDOR', 'MINIMO/FIXO GARANTIDO PARA EMISSAO NF', 'EMPRESA EMISSÃO NF', 'CNPJ']
2026-02-13 07:12:49,412 - INFO - [DESCONTOS] Arquivo localizado: C:\PGC\envio_rendimentos\arquivos_gerados\PGC\35\DESCONTOS.xlsx
2026-02-13 07:12:49,423 - INFO - [DESCONTOS] 2 descontos encontrados para Mikael Cardoso de Mesquita em PGC 35
2026-02-13 07:12:49,466 - INFO - [PASTA] Match encontrado: MIKAEL CARDOSO DE MESQUITA
2026-02-13 07:14:48,678 - INFO - [MINIMO] Procurando arquivo MINIMO em: C:\PGC\envio_rendimentos\arquivos_gerados\PGC\35
2026-02-13 07:14:48,679 - INFO - [MINIMO] Usando arquivo: C:\PGC\envio_rendimentos\arquivos_gerados\PGC\35\MINIMO.xlsx
2026-02-13 07:14:48,689 - INFO - [MINIMO] Colunas detectadas: ['CREDOR', 'MINIMO/FIXO GARANTIDO PARA EMISSAO NF', 'EMPRESA EMISSÃO NF', 'CNPJ']
2026-02-13 07:14:48,690 - INFO - [DESCONTOS] Arquivo localizado: C:\PGC\envio_rendimentos\arquivos_gerados\PGC\35\DESCONTOS.xlsx
2026-02-13 07:14:48,699 - INFO - [DESCONTOS] 2 descontos encontrados para Mikael Cardoso de Mesquita em PGC 35
2026-02-13 07:14:48,710 - INFO - [PASTA] Match encontrado: MIKAEL CARDOSO DE MESQUITA
2026-02-13 07:16:03,611 - INFO - [MINIMO] Procurando arquivo MINIMO em: C:\PGC\envio_rendimentos\arquivos_gerados\PGC\35
2026-02-13 07:16:03,612 - INFO - [MINIMO] Usando arquivo: C:\PGC\envio_rendimentos\arquivos_gerados\PGC\35\MINIMO.xlsx
2026-02-13 07:16:03,622 - INFO - [MINIMO] Colunas detectadas: ['CREDOR', 'MINIMO/FIXO GARANTIDO PARA EMISSAO NF', 'EMPRESA EMISSÃO NF', 'CNPJ']
2026-02-13 07:16:03,623 - INFO - [DESCONTOS] Arquivo localizado: C:\PGC\envio_rendimentos\arquivos_gerados\PGC\35\DESCONTOS.xlsx
2026-02-13 07:16:03,634 - INFO - [DESCONTOS] 2 descontos encontrados para Mikael Cardoso de Mesquita em PGC 35
2026-02-13 07:16:03,646 - INFO - [PASTA] Match encontrado: MIKAEL CARDOSO DE MESQUITA
2026-02-13 07:29:22,042 - INFO - [MINIMO] Procurando arquivo MINIMO em: C:\PGC\envio_rendimentos\arquivos_gerados\PGC\35
2026-02-13 07:29:22,044 - INFO - [MINIMO] Usando arquivo: C:\PGC\envio_rendimentos\arquivos_gerados\PGC\35\MINIMO.xlsx
2026-02-13 07:29:22,070 - INFO - [MINIMO] Colunas detectadas: ['CREDOR', 'MINIMO/FIXO GARANTIDO PARA EMISSAO NF', 'EMPRESA EMISSÃO NF', 'CNPJ']
2026-02-13 07:29:22,071 - INFO - [DESCONTOS] Arquivo localizado: C:\PGC\envio_rendimentos\arquivos_gerados\PGC\35\DESCONTOS.xlsx
2026-02-13 07:29:22,081 - INFO - [DESCONTOS] 2 descontos encontrados para Mikael Cardoso de Mesquita em PGC 35
2026-02-13 07:29:22,125 - INFO - [PASTA] Match encontrado: MIKAEL CARDOSO DE MESQUITA
2026-02-13 07:30:39,758 - INFO - [MINIMO] Procurando arquivo MINIMO em: C:\PGC\envio_rendimentos\arquivos_gerados\PGC\35
2026-02-13 07:30:39,759 - INFO - [MINIMO] Usando arquivo: C:\PGC\envio_rendimentos\arquivos_gerados\PGC\35\MINIMO.xlsx
2026-02-13 07:30:39,770 - INFO - [MINIMO] Colunas detectadas: ['CREDOR', 'MINIMO/FIXO GARANTIDO PARA EMISSAO NF', 'EMPRESA EMISSÃO NF', 'CNPJ']
2026-02-13 07:30:39,771 - INFO - [DESCONTOS] Arquivo localizado: C:\PGC\envio_rendimentos\arquivos_gerados\PGC\35\DESCONTOS.xlsx
2026-02-13 07:30:39,781 - INFO - [DESCONTOS] 2 descontos encontrados para Mikael Cardoso de Mesquita em PGC 35
2026-02-13 07:30:39,791 - INFO - [PASTA] Match encontrado: MIKAEL CARDOSO DE MESQUITA
2026-02-13 07:35:11,461 - INFO - [MINIMO] Procurando arquivo MINIMO em: C:\PGC\envio_rendimentos\arquivos_gerados\PGC\35
2026-02-13 07:35:11,462 - INFO - [MINIMO] Usando arquivo: C:\PGC\envio_rendimentos\arquivos_gerados\PGC\35\MINIMO.xlsx
2026-02-13 07:35:11,489 - INFO - [MINIMO] Colunas detectadas: ['CREDOR', 'MINIMO/FIXO GARANTIDO PARA EMISSAO NF', 'EMPRESA EMISSÃO NF', 'CNPJ']
2026-02-13 07:35:11,491 - INFO - [DESCONTOS] Arquivo localizado: C:\PGC\envio_rendimentos\arquivos_gerados\PGC\35\DESCONTOS.xlsx
2026-02-13 07:35:11,502 - INFO - [DESCONTOS] 2 descontos encontrados para Mikael Cardoso de Mesquita em PGC 35
2026-02-13 07:35:11,511 - INFO - [PASTA] Match encontrado: MIKAEL CARDOSO DE MESQUITA
2026-02-13 07:41:40,115 - INFO - [MINIMO] Procurando arquivo MINIMO em: C:\PGC\envio_rendimentos\arquivos_gerados\PGC\35
2026-02-13 07:41:40,116 - INFO - [MINIMO] Usando arquivo: C:\PGC\envio_rendimentos\arquivos_gerados\PGC\35\MINIMO.xlsx
2026-02-13 07:41:40,128 - INFO - [MINIMO] Colunas detectadas: ['CREDOR', 'MINIMO/FIXO GARANTIDO PARA EMISSAO NF', 'EMPRESA EMISSÃO NF', 'CNPJ']
2026-02-13 07:41:40,129 - INFO - [DESCONTOS] Arquivo localizado: C:\PGC\envio_rendimentos\arquivos_gerados\PGC\35\DESCONTOS.xlsx
2026-02-13 07:41:40,141 - INFO - [DESCONTOS] 0 descontos encontrados para Neimary Stefany Avila Pinto em PGC 35
2026-02-13 07:41:40,152 - INFO - [PASTA] Match encontrado: NEIMARY STEFANY AVILA PINTO
2026-02-13 07:43:28,766 - INFO - [MINIMO] Procurando arquivo MINIMO em: C:\PGC\envio_rendimentos\arquivos_gerados\PGC\35
2026-02-13 07:43:28,767 - INFO - [MINIMO] Usando arquivo: C:\PGC\envio_rendimentos\arquivos_gerados\PGC\35\MINIMO.xlsx
2026-02-13 07:43:28,777 - INFO - [MINIMO] Colunas detectadas: ['CREDOR', 'MINIMO/FIXO GARANTIDO PARA EMISSAO NF', 'EMPRESA EMISSÃO NF', 'CNPJ']
2026-02-13 07:43:28,778 - INFO - [DESCONTOS] Arquivo localizado: C:\PGC\envio_rendimentos\arquivos_gerados\PGC\35\DESCONTOS.xlsx
2026-02-13 07:43:28,788 - INFO - [DESCONTOS] 0 descontos encontrados para Neimary Stefany Avila Pinto em PGC 35
2026-02-13 07:43:28,799 - INFO - [PASTA] Match encontrado: NEIMARY STEFANY AVILA PINTO
2026-02-13 07:51:53,289 - INFO - [MINIMO] Procurando arquivo MINIMO em: C:\PGC\envio_rendimentos\arquivos_gerados\PGC\35
2026-02-13 07:51:53,290 - INFO - [MINIMO] Usando arquivo: C:\PGC\envio_rendimentos\arquivos_gerados\PGC\35\MINIMO.xlsx
2026-02-13 07:51:53,301 - INFO - [MINIMO] Colunas detectadas: ['CREDOR', 'MINIMO/FIXO GARANTIDO PARA EMISSAO NF', 'EMPRESA EMISSÃO NF', 'CNPJ']
2026-02-13 07:51:53,302 - INFO - [DESCONTOS] Arquivo localizado: C:\PGC\envio_rendimentos\arquivos_gerados\PGC\35\DESCONTOS.xlsx
2026-02-13 07:51:53,382 - INFO - [DESCONTOS] 0 descontos encontrados para Yasmin Dias Bruce em PGC 35
2026-02-13 07:51:53,396 - INFO - [PASTA] Match encontrado: YASMIN DIAS BRUCE
2026-02-13 07:59:43,578 - INFO - [MINIMO] Procurando arquivo MINIMO em: C:\PGC\envio_rendimentos\arquivos_gerados\PGC\35
2026-02-13 07:59:43,579 - INFO - [MINIMO] Usando arquivo: C:\PGC\envio_rendimentos\arquivos_gerados\PGC\35\MINIMO.xlsx
2026-02-13 07:59:43,588 - INFO - [MINIMO] Colunas detectadas: ['CREDOR', 'MINIMO/FIXO GARANTIDO PARA EMISSAO NF', 'EMPRESA EMISSÃO NF', 'CNPJ']
2026-02-13 07:59:43,590 - INFO - [DESCONTOS] Arquivo localizado: C:\PGC\envio_rendimentos\arquivos_gerados\PGC\35\DESCONTOS.xlsx
2026-02-13 07:59:43,599 - INFO - [DESCONTOS] 0 descontos encontrados para Neimary Stefany Avila Pinto em PGC 35
2026-02-13 07:59:43,614 - INFO - [PASTA] Match encontrado: NEIMARY STEFANY AVILA PINTO
